<?xml version="1.0" encoding="UTF-8"?>
<gpx creator="Garmin Connect" version="1.1"
  xsi:schemaLocation="http://www.topografix.com/GPX/1/1 http://www.topografix.com/GPX/11.xsd"
  xmlns:ns3="http://www.garmin.com/xmlschemas/TrackPointExtension/v1"
  xmlns="http://www.topografix.com/GPX/1/1"
  xmlns:xsi="http://www.w3.org/2001/XMLSchema-instance" xmlns:ns2="http://www.garmin.com/xmlschemas/GpxExtensions/v3">
  <metadata>
    <link href="connect.garmin.com">
      <text>Garmin Connect</text>
    </link>
    <time>2026-08-07T14:38:45.000Z</time>
  </metadata>
  <trk>
    <name>Clark County Cycling</name>
    <type>cycling</type>
    <trkseg>
      <trkpt lat="36.1219138093292713165283203125" lon="-115.32512758858501911163330078125">
        <ele>864.20001220703125</ele>
        <time>2026-08-07T14:38:45.000Z</time>
        <extensions>
          <ns3:TrackPointExtension>
            <ns3:hr>96</ns3:hr>
          </ns3:TrackPointExtension>
        </extensions>
      </trkpt>
      <trkpt lat="36.1219138093292713165283203125" lon="-115.32512758858501911163330078125">
        <ele>864.20001220703125</ele>
        <time>2026-08-07T14:38:46.000Z</time>
        <extensions>
          <ns3:TrackPointExtension>
            <ns3:hr>95</ns3:hr>
          </ns3:TrackPointExtension>
        </extensions>
      </trkpt>
      <trkpt lat="36.12194574438035488128662109375" lon="-115.32510797493159770965576171875">
        <ele>864.20001220703125</ele>
        <time>2026-08-07T14:38:53.000Z</time>
        <extensions>
          <ns3:TrackPointExtension>
            <ns3:hr>94</ns3:hr>
          </ns3:TrackPointExtension>
        </extensions>
      </trkpt>
      <trkpt lat="36.12196435220539569854736328125" lon="-115.3250860981643199920654296875">
        <ele>864.20001220703125</ele>
        <time>2026-08-07T14:38:55.000Z</time>
        <extensions>
          <ns3:TrackPointExtension>
            <ns3:hr>91</ns3:hr>
          </ns3:TrackPointExtension>
        </extensions>
      </trkpt>
      <trkpt lat="36.1219748295843601226806640625" lon="-115.32507461495697498321533203125">
        <ele>864.20001220703125</ele>
        <time>2026-08-07T14:38:56.000Z</time>
        <extensions>
          <ns3:TrackPointExtension>
            <ns3:hr>88</ns3:hr>
          </ns3:TrackPointExtension>
        </extensions>
      </trkpt>
      <trkpt lat="36.1220620013773441314697265625" lon="-115.32500051893293857574462890625">
        <ele>864.5999755859375</ele>
        <time>2026-08-07T14:39:02.000Z</time>
        <extensions>
          <ns3:TrackPointExtension>
            <ns3:hr>85</ns3:hr>
          </ns3:TrackPointExtension>
        </extensions>
      </trkpt>
      <trkpt lat="36.12207750789821147918701171875" lon="-115.3249885328114032745361328125">
        <ele>864.5999755859375</ele>
        <time>2026-08-07T14:39:03.000Z</time>
        <extensions>
          <ns3:TrackPointExtension>
            <ns3:hr>85</ns3:hr>
          </ns3:TrackPointExtension>
        </extensions>
      </trkpt>
      <trkpt lat="36.1221206746995449066162109375" lon="-115.324956513941287994384765625">
        <ele>864.79998779296875</ele>
        <time>2026-08-07T14:39:06.000Z</time>
        <extensions>
          <ns3:TrackPointExtension>
            <ns3:hr>89</ns3:hr>
          </ns3:TrackPointExtension>
        </extensions>
      </trkpt>
      <trkpt lat="36.12213752232491970062255859375" lon="-115.32494603656232357025146484375">
        <ele>865</ele>
        <time>2026-08-07T14:39:07.000Z</time>
        <extensions>
          <ns3:TrackPointExtension>
            <ns3:hr>92</ns3:hr>
          </ns3:TrackPointExtension>
        </extensions>
      </trkpt>
      <trkpt lat="36.122153364121913909912109375" lon="-115.3249342180788516998291015625">
        <ele>865</ele>
        <time>2026-08-07T14:39:08.000Z</time>
        <extensions>
          <ns3:TrackPointExtension>
            <ns3:hr>95</ns3:hr>
          </ns3:TrackPointExtension>
        </extensions>
      </trkpt>
      <trkpt lat="36.1222001351416110992431640625" lon="-115.32490856945514678955078125">
        <ele>865</ele>
        <time>2026-08-07T14:39:11.000Z</time>
        <extensions>
          <ns3:TrackPointExtension>
            <ns3:hr>96</ns3:hr>
          </ns3:TrackPointExtension>
        </extensions>
      </trkpt>
      <trkpt lat="36.122225783765316009521484375" lon="-115.32488903962075710296630859375">
        <ele>865.20001220703125</ele>
        <time>2026-08-07T14:39:14.000Z</time>
        <extensions>
          <ns3:TrackPointExtension>
            <ns3:hr>95</ns3:hr>
          </ns3:TrackPointExtension>
        </extensions>
      </trkpt>
      <trkpt lat="36.1222477443516254425048828125" lon="-115.3248716890811920166015625">
        <ele>865.4000244140625</ele>
        <time>2026-08-07T14:39:17.000Z</time>
        <extensions>
          <ns3:TrackPointExtension>
            <ns3:hr>94</ns3:hr>
          </ns3:TrackPointExtension>
        </extensions>
      </trkpt>
      <trkpt lat="36.1223510093986988067626953125" lon="-115.32480723224580287933349609375">
        <ele>865.4000244140625</ele>
        <time>2026-08-07T14:39:24.000Z</time>
        <extensions>
          <ns3:TrackPointExtension>
            <ns3:hr>92</ns3:hr>
          </ns3:TrackPointExtension>
        </extensions>
      </trkpt>
      <trkpt lat="36.1224556155502796173095703125" lon="-115.32484578900039196014404296875">
        <ele>865.5999755859375</ele>
        <time>2026-08-07T14:39:29.000Z</time>
        <extensions>
          <ns3:TrackPointExtension>
            <ns3:hr>90</ns3:hr>
          </ns3:TrackPointExtension>
        </extensions>
      </trkpt>
      <trkpt lat="36.12252996303141117095947265625" lon="-115.32496648840606212615966796875">
        <ele>866.20001220703125</ele>
        <time>2026-08-07T14:39:34.000Z</time>
        <extensions>
          <ns3:TrackPointExtension>
            <ns3:hr>91</ns3:hr>
          </ns3:TrackPointExtension>
        </extensions>
      </trkpt>
      <trkpt lat="36.12261679954826831817626953125" lon="-115.32515927217900753021240234375">
        <ele>867.20001220703125</ele>
        <time>2026-08-07T14:39:42.000Z</time>
        <extensions>
          <ns3:TrackPointExtension>
            <ns3:hr>91</ns3:hr>
          </ns3:TrackPointExtension>
        </extensions>
      </trkpt>
      <trkpt lat="36.1226259358227252960205078125" lon="-115.32517720945179462432861328125">
        <ele>867.4000244140625</ele>
        <time>2026-08-07T14:39:43.000Z</time>
        <extensions>
          <ns3:TrackPointExtension>
            <ns3:hr>91</ns3:hr>
          </ns3:TrackPointExtension>
        </extensions>
      </trkpt>
      <trkpt lat="36.12264932133257389068603515625" lon="-115.32523445785045623779296875">
        <ele>867.5999755859375</ele>
        <time>2026-08-07T14:39:46.000Z</time>
        <extensions>
          <ns3:TrackPointExtension>
            <ns3:hr>94</ns3:hr>
          </ns3:TrackPointExtension>
        </extensions>
      </trkpt>
      <trkpt lat="36.1226762272417545318603515625" lon="-115.32530411146581172943115234375">
        <ele>867.79998779296875</ele>
        <time>2026-08-07T14:39:51.000Z</time>
        <extensions>
          <ns3:TrackPointExtension>
            <ns3:hr>94</ns3:hr>
          </ns3:TrackPointExtension>
        </extensions>
      </trkpt>
      <trkpt lat="36.1226799152791500091552734375" lon="-115.32531484030187129974365234375">
        <ele>867.5999755859375</ele>
        <time>2026-08-07T14:39:55.000Z</time>
        <extensions>
          <ns3:TrackPointExtension>
            <ns3:hr>95</ns3:hr>
          </ns3:TrackPointExtension>
        </extensions>
      </trkpt>
      <trkpt lat="36.1226928234100341796875" lon="-115.3253858350217342376708984375">
        <ele>867.79998779296875</ele>
        <time>2026-08-07T14:40:01.000Z</time>
        <extensions>
          <ns3:TrackPointExtension>
            <ns3:hr>93</ns3:hr>
          </ns3:TrackPointExtension>
        </extensions>
      </trkpt>
      <trkpt lat="36.12269525416195392608642578125" lon="-115.32540880143642425537109375">
        <ele>867.79998779296875</ele>
        <time>2026-08-07T14:40:02.000Z</time>
        <extensions>
          <ns3:TrackPointExtension>
            <ns3:hr>92</ns3:hr>
          </ns3:TrackPointExtension>
        </extensions>
      </trkpt>
      <trkpt lat="36.12267061136662960052490234375" lon="-115.3254857473075389862060546875">
        <ele>867.5999755859375</ele>
        <time>2026-08-07T14:40:07.000Z</time>
        <extensions>
          <ns3:TrackPointExtension>
            <ns3:hr>90</ns3:hr>
          </ns3:TrackPointExtension>
        </extensions>
      </trkpt>
      <trkpt lat="36.12265435047447681427001953125" lon="-115.32549371011555194854736328125">
        <ele>867.4000244140625</ele>
        <time>2026-08-07T14:40:08.000Z</time>
        <extensions>
          <ns3:TrackPointExtension>
            <ns3:hr>89</ns3:hr>
          </ns3:TrackPointExtension>
        </extensions>
      </trkpt>
      <trkpt lat="36.12253784202039241790771484375" lon="-115.3255742602050304412841796875">
        <ele>867.79998779296875</ele>
        <time>2026-08-07T14:40:14.000Z</time>
        <extensions>
          <ns3:TrackPointExtension>
            <ns3:hr>89</ns3:hr>
          </ns3:TrackPointExtension>
        </extensions>
      </trkpt>
      <trkpt lat="36.1224178969860076904296875" lon="-115.32566369511187076568603515625">
        <ele>867.4000244140625</ele>
        <time>2026-08-07T14:40:19.000Z</time>
        <extensions>
          <ns3:TrackPointExtension>
            <ns3:hr>88</ns3:hr>
          </ns3:TrackPointExtension>
        </extensions>
      </trkpt>
      <trkpt lat="36.12228286452591419219970703125" lon="-115.325772576034069061279296875">
        <ele>867.5999755859375</ele>
        <time>2026-08-07T14:40:25.000Z</time>
        <extensions>
          <ns3:TrackPointExtension>
            <ns3:hr>90</ns3:hr>
          </ns3:TrackPointExtension>
        </extensions>
      </trkpt>
      <trkpt lat="36.12213752232491970062255859375" lon="-115.3259043395519256591796875">
        <ele>867.5999755859375</ele>
        <time>2026-08-07T14:40:31.000Z</time>
        <extensions>
          <ns3:TrackPointExtension>
            <ns3:hr>95</ns3:hr>
          </ns3:TrackPointExtension>
        </extensions>
      </trkpt>
      <trkpt lat="36.122109107673168182373046875" lon="-115.32591246999800205230712890625">
        <ele>867.79998779296875</ele>
        <time>2026-08-07T14:40:32.000Z</time>
        <extensions>
          <ns3:TrackPointExtension>
            <ns3:hr>100</ns3:hr>
          </ns3:TrackPointExtension>
        </extensions>
      </trkpt>
      <trkpt lat="36.12208463251590728759765625" lon="-115.32591431401669979095458984375">
        <ele>867.79998779296875</ele>
        <time>2026-08-07T14:40:33.000Z</time>
        <extensions>
          <ns3:TrackPointExtension>
            <ns3:hr>108</ns3:hr>
          </ns3:TrackPointExtension>
        </extensions>
      </trkpt>
      <trkpt lat="36.12205772660672664642333984375" lon="-115.32592336647212505340576171875">
        <ele>867.79998779296875</ele>
        <time>2026-08-07T14:40:34.000Z</time>
        <extensions>
          <ns3:TrackPointExtension>
            <ns3:hr>111</ns3:hr>
          </ns3:TrackPointExtension>
        </extensions>
      </trkpt>
      <trkpt lat="36.12201883457601070404052734375" lon="-115.325973071157932281494140625">
        <ele>867.5999755859375</ele>
        <time>2026-08-07T14:40:36.000Z</time>
        <extensions>
          <ns3:TrackPointExtension>
            <ns3:hr>113</ns3:hr>
          </ns3:TrackPointExtension>
        </extensions>
      </trkpt>
      <trkpt lat="36.1219292320311069488525390625" lon="-115.3260661102831363677978515625">
        <ele>867.5999755859375</ele>
        <time>2026-08-07T14:40:41.000Z</time>
        <extensions>
          <ns3:TrackPointExtension>
            <ns3:hr>113</ns3:hr>
          </ns3:TrackPointExtension>
        </extensions>
      </trkpt>
      <trkpt lat="36.12185840494930744171142578125" lon="-115.3261137194931507110595703125">
        <ele>867.20001220703125</ele>
        <time>2026-08-07T14:40:48.000Z</time>
        <extensions>
          <ns3:TrackPointExtension>
            <ns3:hr>112</ns3:hr>
          </ns3:TrackPointExtension>
        </extensions>
      </trkpt>
      <trkpt lat="36.12185689620673656463623046875" lon="-115.32611279748380184173583984375">
        <ele>867</ele>
        <time>2026-08-07T14:40:49.000Z</time>
        <extensions>
          <ns3:TrackPointExtension>
            <ns3:hr>112</ns3:hr>
          </ns3:TrackPointExtension>
        </extensions>
      </trkpt>
      <trkpt lat="36.12182579934597015380859375" lon="-115.32612704671919345855712890625">
        <ele>865.5999755859375</ele>
        <time>2026-08-07T14:42:35.000Z</time>
        <extensions>
          <ns3:TrackPointExtension>
            <ns3:hr>91</ns3:hr>
          </ns3:TrackPointExtension>
        </extensions>
      </trkpt>
      <trkpt lat="36.1218112148344516754150390625" lon="-115.326139368116855621337890625">
        <ele>865.5999755859375</ele>
        <time>2026-08-07T14:42:36.000Z</time>
        <extensions>
          <ns3:TrackPointExtension>
            <ns3:hr>92</ns3:hr>
          </ns3:TrackPointExtension>
        </extensions>
      </trkpt>
      <trkpt lat="36.12179227173328399658203125" lon="-115.32615219242870807647705078125">
        <ele>865.5999755859375</ele>
        <time>2026-08-07T14:42:37.000Z</time>
        <extensions>
          <ns3:TrackPointExtension>
            <ns3:hr>91</ns3:hr>
          </ns3:TrackPointExtension>
        </extensions>
      </trkpt>
      <trkpt lat="36.12164718098938465118408203125" lon="-115.32622813247144222259521484375">
        <ele>866.20001220703125</ele>
        <time>2026-08-07T14:42:43.000Z</time>
        <extensions>
          <ns3:TrackPointExtension>
            <ns3:hr>92</ns3:hr>
          </ns3:TrackPointExtension>
        </extensions>
      </trkpt>
      <trkpt lat="36.12149052321910858154296875" lon="-115.3263393603265285491943359375">
        <ele>866.5999755859375</ele>
        <time>2026-08-07T14:42:49.000Z</time>
        <extensions>
          <ns3:TrackPointExtension>
            <ns3:hr>90</ns3:hr>
          </ns3:TrackPointExtension>
        </extensions>
      </trkpt>
      <trkpt lat="36.12143830396234989166259765625" lon="-115.32637950964272022247314453125">
        <ele>866.5999755859375</ele>
        <time>2026-08-07T14:42:51.000Z</time>
        <extensions>
          <ns3:TrackPointExtension>
            <ns3:hr>90</ns3:hr>
          </ns3:TrackPointExtension>
        </extensions>
      </trkpt>
      <trkpt lat="36.1213441751897335052490234375" lon="-115.3264810144901275634765625">
        <ele>866.79998779296875</ele>
        <time>2026-08-07T14:42:55.000Z</time>
        <extensions>
          <ns3:TrackPointExtension>
            <ns3:hr>90</ns3:hr>
          </ns3:TrackPointExtension>
        </extensions>
      </trkpt>
      <trkpt lat="36.1212519742548465728759765625" lon="-115.32656122930347919464111328125">
        <ele>867</ele>
        <time>2026-08-07T14:42:59.000Z</time>
        <extensions>
          <ns3:TrackPointExtension>
            <ns3:hr>90</ns3:hr>
          </ns3:TrackPointExtension>
        </extensions>
      </trkpt>
      <trkpt lat="36.12108106724917888641357421875" lon="-115.32669031061232089996337890625">
        <ele>866.79998779296875</ele>
        <time>2026-08-07T14:43:05.000Z</time>
        <extensions>
          <ns3:TrackPointExtension>
            <ns3:hr>91</ns3:hr>
          </ns3:TrackPointExtension>
        </extensions>
      </trkpt>
      <trkpt lat="36.12093773670494556427001953125" lon="-115.32672434113919734954833984375">
        <ele>867</ele>
        <time>2026-08-07T14:43:10.000Z</time>
        <extensions>
          <ns3:TrackPointExtension>
            <ns3:hr>91</ns3:hr>
          </ns3:TrackPointExtension>
        </extensions>
      </trkpt>
      <trkpt lat="36.120912842452526092529296875" lon="-115.32671880908310413360595703125">
        <ele>867</ele>
        <time>2026-08-07T14:43:11.000Z</time>
        <extensions>
          <ns3:TrackPointExtension>
            <ns3:hr>91</ns3:hr>
          </ns3:TrackPointExtension>
        </extensions>
      </trkpt>
      <trkpt lat="36.12087151966989040374755859375" lon="-115.32667337916791439056396484375">
        <ele>866.79998779296875</ele>
        <time>2026-08-07T14:43:13.000Z</time>
        <extensions>
          <ns3:TrackPointExtension>
            <ns3:hr>91</ns3:hr>
          </ns3:TrackPointExtension>
        </extensions>
      </trkpt>
      <trkpt lat="36.12076272256672382354736328125" lon="-115.326475314795970916748046875">
        <ele>865.79998779296875</ele>
        <time>2026-08-07T14:43:19.000Z</time>
        <extensions>
          <ns3:TrackPointExtension>
            <ns3:hr>89</ns3:hr>
          </ns3:TrackPointExtension>
        </extensions>
      </trkpt>
      <trkpt lat="36.120741181075572967529296875" lon="-115.3264721296727657318115234375">
        <ele>865.5999755859375</ele>
        <time>2026-08-07T14:43:20.000Z</time>
        <extensions>
          <ns3:TrackPointExtension>
            <ns3:hr>89</ns3:hr>
          </ns3:TrackPointExtension>
        </extensions>
      </trkpt>
      <trkpt lat="36.12072567455470561981201171875" lon="-115.32650976441800594329833984375">
        <ele>865.5999755859375</ele>
        <time>2026-08-07T14:43:22.000Z</time>
        <extensions>
          <ns3:TrackPointExtension>
            <ns3:hr>88</ns3:hr>
          </ns3:TrackPointExtension>
        </extensions>
      </trkpt>
      <trkpt lat="36.12078719772398471832275390625" lon="-115.32661537639796733856201171875">
        <ele>866</ele>
        <time>2026-08-07T14:43:26.000Z</time>
        <extensions>
          <ns3:TrackPointExtension>
            <ns3:hr>86</ns3:hr>
          </ns3:TrackPointExtension>
        </extensions>
      </trkpt>
      <trkpt lat="36.12079859711229801177978515625" lon="-115.32675501890480518341064453125">
        <ele>866.79998779296875</ele>
        <time>2026-08-07T14:43:30.000Z</time>
        <extensions>
          <ns3:TrackPointExtension>
            <ns3:hr>84</ns3:hr>
          </ns3:TrackPointExtension>
        </extensions>
      </trkpt>
      <trkpt lat="36.12073606811463832855224609375" lon="-115.32683649100363254547119140625">
        <ele>867.4000244140625</ele>
        <time>2026-08-07T14:43:33.000Z</time>
        <extensions>
          <ns3:TrackPointExtension>
            <ns3:hr>82</ns3:hr>
          </ns3:TrackPointExtension>
        </extensions>
      </trkpt>
      <trkpt lat="36.1207044683396816253662109375" lon="-115.326844118535518646240234375">
        <ele>867.5999755859375</ele>
        <time>2026-08-07T14:43:34.000Z</time>
        <extensions>
          <ns3:TrackPointExtension>
            <ns3:hr>80</ns3:hr>
          </ns3:TrackPointExtension>
        </extensions>
      </trkpt>
      <trkpt lat="36.1206481419503688812255859375" lon="-115.3268375806510448455810546875">
        <ele>867.79998779296875</ele>
        <time>2026-08-07T14:43:36.000Z</time>
        <extensions>
          <ns3:TrackPointExtension>
            <ns3:hr>77</ns3:hr>
          </ns3:TrackPointExtension>
        </extensions>
      </trkpt>
      <trkpt lat="36.120624840259552001953125" lon="-115.32681964337825775146484375">
        <ele>867.79998779296875</ele>
        <time>2026-08-07T14:43:37.000Z</time>
        <extensions>
          <ns3:TrackPointExtension>
            <ns3:hr>77</ns3:hr>
          </ns3:TrackPointExtension>
        </extensions>
      </trkpt>
      <trkpt lat="36.1206074059009552001953125" lon="-115.32679726369678974151611328125">
        <ele>868</ele>
        <time>2026-08-07T14:43:38.000Z</time>
        <extensions>
          <ns3:TrackPointExtension>
            <ns3:hr>77</ns3:hr>
          </ns3:TrackPointExtension>
        </extensions>
      </trkpt>
      <trkpt lat="36.1205438710749149322509765625" lon="-115.32661671750247478485107421875">
        <ele>868.79998779296875</ele>
        <time>2026-08-07T14:43:43.000Z</time>
        <extensions>
          <ns3:TrackPointExtension>
            <ns3:hr>78</ns3:hr>
          </ns3:TrackPointExtension>
        </extensions>
      </trkpt>
      <trkpt lat="36.1204382590949535369873046875" lon="-115.32655812799930572509765625">
        <ele>869.79998779296875</ele>
        <time>2026-08-07T14:43:47.000Z</time>
        <extensions>
          <ns3:TrackPointExtension>
            <ns3:hr>79</ns3:hr>
          </ns3:TrackPointExtension>
        </extensions>
      </trkpt>
      <trkpt lat="36.12040833570063114166259765625" lon="-115.3265713714063167572021484375">
        <ele>870</ele>
        <time>2026-08-07T14:43:48.000Z</time>
        <extensions>
          <ns3:TrackPointExtension>
            <ns3:hr>79</ns3:hr>
          </ns3:TrackPointExtension>
        </extensions>
      </trkpt>
      <trkpt lat="36.12038637511432170867919921875" lon="-115.3265961818397045135498046875">
        <ele>870.4000244140625</ele>
        <time>2026-08-07T14:43:49.000Z</time>
        <extensions>
          <ns3:TrackPointExtension>
            <ns3:hr>80</ns3:hr>
          </ns3:TrackPointExtension>
        </extensions>
      </trkpt>
      <trkpt lat="36.12037313170731067657470703125" lon="-115.3266297094523906707763671875">
        <ele>870.5999755859375</ele>
        <time>2026-08-07T14:43:50.000Z</time>
        <extensions>
          <ns3:TrackPointExtension>
            <ns3:hr>81</ns3:hr>
          </ns3:TrackPointExtension>
        </extensions>
      </trkpt>
      <trkpt lat="36.12037296406924724578857421875" lon="-115.32666600309312343597412109375">
        <ele>871</ele>
        <time>2026-08-07T14:43:51.000Z</time>
        <extensions>
          <ns3:TrackPointExtension>
            <ns3:hr>82</ns3:hr>
          </ns3:TrackPointExtension>
        </extensions>
      </trkpt>
      <trkpt lat="36.12038084305822849273681640625" lon="-115.32669919542968273162841796875">
        <ele>871.20001220703125</ele>
        <time>2026-08-07T14:43:52.000Z</time>
        <extensions>
          <ns3:TrackPointExtension>
            <ns3:hr>83</ns3:hr>
          </ns3:TrackPointExtension>
        </extensions>
      </trkpt>
      <trkpt lat="36.1203981935977935791015625" lon="-115.3267624787986278533935546875">
        <ele>871.4000244140625</ele>
        <time>2026-08-07T14:43:54.000Z</time>
        <extensions>
          <ns3:TrackPointExtension>
            <ns3:hr>85</ns3:hr>
          </ns3:TrackPointExtension>
        </extensions>
      </trkpt>
      <trkpt lat="36.12045653164386749267578125" lon="-115.326921902596950531005859375">
        <ele>872.4000244140625</ele>
        <time>2026-08-07T14:43:59.000Z</time>
        <extensions>
          <ns3:TrackPointExtension>
            <ns3:hr>88</ns3:hr>
          </ns3:TrackPointExtension>
        </extensions>
      </trkpt>
      <trkpt lat="36.12048947252333164215087890625" lon="-115.32702374272048473358154296875">
        <ele>872.4000244140625</ele>
        <time>2026-08-07T14:44:02.000Z</time>
        <extensions>
          <ns3:TrackPointExtension>
            <ns3:hr>89</ns3:hr>
          </ns3:TrackPointExtension>
        </extensions>
      </trkpt>
      <trkpt lat="36.12056440673768520355224609375" lon="-115.32725256867706775665283203125">
        <ele>872.5999755859375</ele>
        <time>2026-08-07T14:44:08.000Z</time>
        <extensions>
          <ns3:TrackPointExtension>
            <ns3:hr>92</ns3:hr>
          </ns3:TrackPointExtension>
        </extensions>
      </trkpt>
      <trkpt lat="36.12060346640646457672119140625" lon="-115.327367149293422698974609375">
        <ele>872.5999755859375</ele>
        <time>2026-08-07T14:44:11.000Z</time>
        <extensions>
          <ns3:TrackPointExtension>
            <ns3:hr>93</ns3:hr>
          </ns3:TrackPointExtension>
        </extensions>
      </trkpt>
      <trkpt lat="36.12066415138542652130126953125" lon="-115.327549874782562255859375">
        <ele>872.5999755859375</ele>
        <time>2026-08-07T14:44:17.000Z</time>
        <extensions>
          <ns3:TrackPointExtension>
            <ns3:hr>93</ns3:hr>
          </ns3:TrackPointExtension>
        </extensions>
      </trkpt>
      <trkpt lat="36.12075434066355228424072265625" lon="-115.3278185985982418060302734375">
        <ele>872.4000244140625</ele>
        <time>2026-08-07T14:44:26.000Z</time>
        <extensions>
          <ns3:TrackPointExtension>
            <ns3:hr>91</ns3:hr>
          </ns3:TrackPointExtension>
        </extensions>
      </trkpt>
      <trkpt lat="36.1208483017981052398681640625" lon="-115.32785053364932537078857421875">
        <ele>871.79998779296875</ele>
        <time>2026-08-07T14:44:29.000Z</time>
        <extensions>
          <ns3:TrackPointExtension>
            <ns3:hr>91</ns3:hr>
          </ns3:TrackPointExtension>
        </extensions>
      </trkpt>
      <trkpt lat="36.12090974114835262298583984375" lon="-115.32780678011476993560791015625">
        <ele>871.5999755859375</ele>
        <time>2026-08-07T14:44:31.000Z</time>
        <extensions>
          <ns3:TrackPointExtension>
            <ns3:hr>91</ns3:hr>
          </ns3:TrackPointExtension>
        </extensions>
      </trkpt>
      <trkpt lat="36.1209292709827423095703125" lon="-115.32776805572211742401123046875">
        <ele>871.5999755859375</ele>
        <time>2026-08-07T14:44:32.000Z</time>
        <extensions>
          <ns3:TrackPointExtension>
            <ns3:hr>91</ns3:hr>
          </ns3:TrackPointExtension>
        </extensions>
      </trkpt>
      <trkpt lat="36.1209331266582012176513671875" lon="-115.32768088392913341522216796875">
        <ele>871.4000244140625</ele>
        <time>2026-08-07T14:44:34.000Z</time>
        <extensions>
          <ns3:TrackPointExtension>
            <ns3:hr>91</ns3:hr>
          </ns3:TrackPointExtension>
        </extensions>
      </trkpt>
      <trkpt lat="36.1209183745086193084716796875" lon="-115.32763595692813396453857421875">
        <ele>871.20001220703125</ele>
        <time>2026-08-07T14:44:35.000Z</time>
        <extensions>
          <ns3:TrackPointExtension>
            <ns3:hr>93</ns3:hr>
          </ns3:TrackPointExtension>
        </extensions>
      </trkpt>
      <trkpt lat="36.12088593654334545135498046875" lon="-115.32753445208072662353515625">
        <ele>870.79998779296875</ele>
        <time>2026-08-07T14:44:37.000Z</time>
        <extensions>
          <ns3:TrackPointExtension>
            <ns3:hr>97</ns3:hr>
          </ns3:TrackPointExtension>
        </extensions>
      </trkpt>
      <trkpt lat="36.12088392488658428192138671875" lon="-115.327481813728809356689453125">
        <ele>870.5999755859375</ele>
        <time>2026-08-07T14:44:38.000Z</time>
        <extensions>
          <ns3:TrackPointExtension>
            <ns3:hr>103</ns3:hr>
          </ns3:TrackPointExtension>
        </extensions>
      </trkpt>
      <trkpt lat="36.12089649774134159088134765625" lon="-115.32742959447205066680908203125">
        <ele>870.20001220703125</ele>
        <time>2026-08-07T14:44:39.000Z</time>
        <extensions>
          <ns3:TrackPointExtension>
            <ns3:hr>104</ns3:hr>
          </ns3:TrackPointExtension>
        </extensions>
      </trkpt>
      <trkpt lat="36.1209212243556976318359375" lon="-115.32738299109041690826416015625">
        <ele>870</ele>
        <time>2026-08-07T14:44:40.000Z</time>
        <extensions>
          <ns3:TrackPointExtension>
            <ns3:hr>107</ns3:hr>
          </ns3:TrackPointExtension>
        </extensions>
      </trkpt>
      <trkpt lat="36.121001355350017547607421875" lon="-115.327328927814960479736328125">
        <ele>869.4000244140625</ele>
        <time>2026-08-07T14:44:42.000Z</time>
        <extensions>
          <ns3:TrackPointExtension>
            <ns3:hr>107</ns3:hr>
          </ns3:TrackPointExtension>
        </extensions>
      </trkpt>
      <trkpt lat="36.1210464499890804290771484375" lon="-115.3273317776620388031005859375">
        <ele>868.79998779296875</ele>
        <time>2026-08-07T14:44:43.000Z</time>
        <extensions>
          <ns3:TrackPointExtension>
            <ns3:hr>107</ns3:hr>
          </ns3:TrackPointExtension>
        </extensions>
      </trkpt>
      <trkpt lat="36.12108911387622356414794921875" lon="-115.327356755733489990234375">
        <ele>868.4000244140625</ele>
        <time>2026-08-07T14:44:44.000Z</time>
        <extensions>
          <ns3:TrackPointExtension>
            <ns3:hr>108</ns3:hr>
          </ns3:TrackPointExtension>
        </extensions>
      </trkpt>
      <trkpt lat="36.12115046940743923187255859375" lon="-115.3274591825902462005615234375">
        <ele>867.5999755859375</ele>
        <time>2026-08-07T14:44:46.000Z</time>
        <extensions>
          <ns3:TrackPointExtension>
            <ns3:hr>110</ns3:hr>
          </ns3:TrackPointExtension>
        </extensions>
      </trkpt>
      <trkpt lat="36.12129162065684795379638671875" lon="-115.32774307765066623687744140625">
        <ele>867</ele>
        <time>2026-08-07T14:44:51.000Z</time>
        <extensions>
          <ns3:TrackPointExtension>
            <ns3:hr>110</ns3:hr>
          </ns3:TrackPointExtension>
        </extensions>
      </trkpt>
      <trkpt lat="36.1213691532611846923828125" lon="-115.32789160497486591339111328125">
        <ele>867.5999755859375</ele>
        <time>2026-08-07T14:44:54.000Z</time>
        <extensions>
          <ns3:TrackPointExtension>
            <ns3:hr>109</ns3:hr>
          </ns3:TrackPointExtension>
        </extensions>
      </trkpt>
      <trkpt lat="36.1214145831763744354248046875" lon="-115.32798112370073795318603515625">
        <ele>868.20001220703125</ele>
        <time>2026-08-07T14:44:56.000Z</time>
        <extensions>
          <ns3:TrackPointExtension>
            <ns3:hr>108</ns3:hr>
          </ns3:TrackPointExtension>
        </extensions>
      </trkpt>
      <trkpt lat="36.1215081252157688140869140625" lon="-115.3282014839351177215576171875">
        <ele>869</ele>
        <time>2026-08-07T14:45:01.000Z</time>
        <extensions>
          <ns3:TrackPointExtension>
            <ns3:hr>108</ns3:hr>
          </ns3:TrackPointExtension>
        </extensions>
      </trkpt>
      <trkpt lat="36.12155430950224399566650390625" lon="-115.328281112015247344970703125">
        <ele>869.4000244140625</ele>
        <time>2026-08-07T14:45:03.000Z</time>
        <extensions>
          <ns3:TrackPointExtension>
            <ns3:hr>108</ns3:hr>
          </ns3:TrackPointExtension>
        </extensions>
      </trkpt>
      <trkpt lat="36.1216700635850429534912109375" lon="-115.3284412063658237457275390625">
        <ele>870</ele>
        <time>2026-08-07T14:45:08.000Z</time>
        <extensions>
          <ns3:TrackPointExtension>
            <ns3:hr>110</ns3:hr>
          </ns3:TrackPointExtension>
        </extensions>
      </trkpt>
      <trkpt lat="36.121712140738964080810546875" lon="-115.3285005502402782440185546875">
        <ele>870.4000244140625</ele>
        <time>2026-08-07T14:45:10.000Z</time>
        <extensions>
          <ns3:TrackPointExtension>
            <ns3:hr>109</ns3:hr>
          </ns3:TrackPointExtension>
        </extensions>
      </trkpt>
      <trkpt lat="36.12175765447318553924560546875" lon="-115.32855528406798839569091796875">
        <ele>870.4000244140625</ele>
        <time>2026-08-07T14:45:12.000Z</time>
        <extensions>
          <ns3:TrackPointExtension>
            <ns3:hr>106</ns3:hr>
          </ns3:TrackPointExtension>
        </extensions>
      </trkpt>
      <trkpt lat="36.12181498669087886810302734375" lon="-115.32864882610738277435302734375">
        <ele>870.5999755859375</ele>
        <time>2026-08-07T14:45:15.000Z</time>
        <extensions>
          <ns3:TrackPointExtension>
            <ns3:hr>104</ns3:hr>
          </ns3:TrackPointExtension>
        </extensions>
      </trkpt>
      <trkpt lat="36.12191565334796905517578125" lon="-115.3288053162395954132080078125">
        <ele>871.5999755859375</ele>
        <time>2026-08-07T14:45:20.000Z</time>
        <extensions>
          <ns3:TrackPointExtension>
            <ns3:hr>104</ns3:hr>
          </ns3:TrackPointExtension>
        </extensions>
      </trkpt>
      <trkpt lat="36.12197977490723133087158203125" lon="-115.3289025463163852691650390625">
        <ele>871.79998779296875</ele>
        <time>2026-08-07T14:45:23.000Z</time>
        <extensions>
          <ns3:TrackPointExtension>
            <ns3:hr>101</ns3:hr>
          </ns3:TrackPointExtension>
        </extensions>
      </trkpt>
      <trkpt lat="36.12199989147484302520751953125" lon="-115.32893188297748565673828125">
        <ele>872</ele>
        <time>2026-08-07T14:45:24.000Z</time>
        <extensions>
          <ns3:TrackPointExtension>
            <ns3:hr>98</ns3:hr>
          </ns3:TrackPointExtension>
        </extensions>
      </trkpt>
      <trkpt lat="36.12204146571457386016845703125" lon="-115.32899214886128902435302734375">
        <ele>872.20001220703125</ele>
        <time>2026-08-07T14:45:26.000Z</time>
        <extensions>
          <ns3:TrackPointExtension>
            <ns3:hr>94</ns3:hr>
          </ns3:TrackPointExtension>
        </extensions>
      </trkpt>
      <trkpt lat="36.12216233275830745697021484375" lon="-115.32916950993239879608154296875">
        <ele>872.5999755859375</ele>
        <time>2026-08-07T14:45:32.000Z</time>
        <extensions>
          <ns3:TrackPointExtension>
            <ns3:hr>93</ns3:hr>
          </ns3:TrackPointExtension>
        </extensions>
      </trkpt>
      <trkpt lat="36.12232494167983531951904296875" lon="-115.32936229370534420013427734375">
        <ele>873.4000244140625</ele>
        <time>2026-08-07T14:45:39.000Z</time>
        <extensions>
          <ns3:TrackPointExtension>
            <ns3:hr>90</ns3:hr>
          </ns3:TrackPointExtension>
        </extensions>
      </trkpt>
      <trkpt lat="36.12234774045646190643310546875" lon="-115.329393558204174041748046875">
        <ele>873.4000244140625</ele>
        <time>2026-08-07T14:45:40.000Z</time>
        <extensions>
          <ns3:TrackPointExtension>
            <ns3:hr>90</ns3:hr>
          </ns3:TrackPointExtension>
        </extensions>
      </trkpt>
      <trkpt lat="36.1223728023469448089599609375" lon="-115.32942364923655986785888671875">
        <ele>873.5999755859375</ele>
        <time>2026-08-07T14:45:41.000Z</time>
        <extensions>
          <ns3:TrackPointExtension>
            <ns3:hr>91</ns3:hr>
          </ns3:TrackPointExtension>
        </extensions>
      </trkpt>
      <trkpt lat="36.12258578650653362274169921875" lon="-115.3296549059450626373291015625">
        <ele>874</ele>
        <time>2026-08-07T14:45:49.000Z</time>
        <extensions>
          <ns3:TrackPointExtension>
            <ns3:hr>92</ns3:hr>
          </ns3:TrackPointExtension>
        </extensions>
      </trkpt>
      <trkpt lat="36.12273381091654300689697265625" lon="-115.32979966141283512115478515625">
        <ele>874.5999755859375</ele>
        <time>2026-08-07T14:45:54.000Z</time>
        <extensions>
          <ns3:TrackPointExtension>
            <ns3:hr>95</ns3:hr>
          </ns3:TrackPointExtension>
        </extensions>
      </trkpt>
      <trkpt lat="36.1228324659168720245361328125" lon="-115.329894125461578369140625">
        <ele>874.4000244140625</ele>
        <time>2026-08-07T14:45:57.000Z</time>
        <extensions>
          <ns3:TrackPointExtension>
            <ns3:hr>96</ns3:hr>
          </ns3:TrackPointExtension>
        </extensions>
      </trkpt>
      <trkpt lat="36.12293380312621593475341796875" lon="-115.3299995698034763336181640625">
        <ele>874.20001220703125</ele>
        <time>2026-08-07T14:46:00.000Z</time>
        <extensions>
          <ns3:TrackPointExtension>
            <ns3:hr>99</ns3:hr>
          </ns3:TrackPointExtension>
        </extensions>
      </trkpt>
      <trkpt lat="36.1230750381946563720703125" lon="-115.33013778738677501678466796875">
        <ele>874.5999755859375</ele>
        <time>2026-08-07T14:46:04.000Z</time>
        <extensions>
          <ns3:TrackPointExtension>
            <ns3:hr>101</ns3:hr>
          </ns3:TrackPointExtension>
        </extensions>
      </trkpt>
      <trkpt lat="36.12310948781669139862060546875" lon="-115.330172069370746612548828125">
        <ele>874.79998779296875</ele>
        <time>2026-08-07T14:46:05.000Z</time>
        <extensions>
          <ns3:TrackPointExtension>
            <ns3:hr>103</ns3:hr>
          </ns3:TrackPointExtension>
        </extensions>
      </trkpt>
      <trkpt lat="36.1231429316103458404541015625" lon="-115.33020325005054473876953125">
        <ele>874.79998779296875</ele>
        <time>2026-08-07T14:46:06.000Z</time>
        <extensions>
          <ns3:TrackPointExtension>
            <ns3:hr>109</ns3:hr>
          </ns3:TrackPointExtension>
        </extensions>
      </trkpt>
      <trkpt lat="36.123178303241729736328125" lon="-115.33023183234035968780517578125">
        <ele>875</ele>
        <time>2026-08-07T14:46:07.000Z</time>
        <extensions>
          <ns3:TrackPointExtension>
            <ns3:hr>116</ns3:hr>
          </ns3:TrackPointExtension>
        </extensions>
      </trkpt>
      <trkpt lat="36.123209483921527862548828125" lon="-115.33026301302015781402587890625">
        <ele>875.20001220703125</ele>
        <time>2026-08-07T14:46:08.000Z</time>
        <extensions>
          <ns3:TrackPointExtension>
            <ns3:hr>119</ns3:hr>
          </ns3:TrackPointExtension>
        </extensions>
      </trkpt>
      <trkpt lat="36.12327511422336101531982421875" lon="-115.33032721839845180511474609375">
        <ele>875.4000244140625</ele>
        <time>2026-08-07T14:46:10.000Z</time>
        <extensions>
          <ns3:TrackPointExtension>
            <ns3:hr>123</ns3:hr>
          </ns3:TrackPointExtension>
        </extensions>
      </trkpt>
      <trkpt lat="36.1233075521886348724365234375" lon="-115.33036225475370883941650390625">
        <ele>875.5999755859375</ele>
        <time>2026-08-07T14:46:11.000Z</time>
        <extensions>
          <ns3:TrackPointExtension>
            <ns3:hr>125</ns3:hr>
          </ns3:TrackPointExtension>
        </extensions>
      </trkpt>
      <trkpt lat="36.12340335734188556671142578125" lon="-115.33046451397240161895751953125">
        <ele>875.79998779296875</ele>
        <time>2026-08-07T14:46:14.000Z</time>
        <extensions>
          <ns3:TrackPointExtension>
            <ns3:hr>126</ns3:hr>
          </ns3:TrackPointExtension>
        </extensions>
      </trkpt>
      <trkpt lat="36.12355859018862247467041015625" lon="-115.33063047565519809722900390625">
        <ele>876.4000244140625</ele>
        <time>2026-08-07T14:46:19.000Z</time>
        <extensions>
          <ns3:TrackPointExtension>
            <ns3:hr>128</ns3:hr>
          </ns3:TrackPointExtension>
        </extensions>
      </trkpt>
      <trkpt lat="36.123714409768581390380859375" lon="-115.33080582506954669952392578125">
        <ele>877</ele>
        <time>2026-08-07T14:46:24.000Z</time>
        <extensions>
          <ns3:TrackPointExtension>
            <ns3:hr>124</ns3:hr>
          </ns3:TrackPointExtension>
        </extensions>
      </trkpt>
      <trkpt lat="36.1237745918333530426025390625" lon="-115.33087841235101222991943359375">
        <ele>877.4000244140625</ele>
        <time>2026-08-07T14:46:26.000Z</time>
        <extensions>
          <ns3:TrackPointExtension>
            <ns3:hr>121</ns3:hr>
          </ns3:TrackPointExtension>
        </extensions>
      </trkpt>
      <trkpt lat="36.1238352768123149871826171875" lon="-115.33095250837504863739013671875">
        <ele>877.79998779296875</ele>
        <time>2026-08-07T14:46:28.000Z</time>
        <extensions>
          <ns3:TrackPointExtension>
            <ns3:hr>121</ns3:hr>
          </ns3:TrackPointExtension>
        </extensions>
      </trkpt>
      <trkpt lat="36.12396075390279293060302734375" lon="-115.331093408167362213134765625">
        <ele>878</ele>
        <time>2026-08-07T14:46:32.000Z</time>
        <extensions>
          <ns3:TrackPointExtension>
            <ns3:hr>122</ns3:hr>
          </ns3:TrackPointExtension>
        </extensions>
      </trkpt>
      <trkpt lat="36.1240176670253276824951171875" lon="-115.33115811645984649658203125">
        <ele>878.20001220703125</ele>
        <time>2026-08-07T14:46:34.000Z</time>
        <extensions>
          <ns3:TrackPointExtension>
            <ns3:hr>126</ns3:hr>
          </ns3:TrackPointExtension>
        </extensions>
      </trkpt>
      <trkpt lat="36.1240974627435207366943359375" lon="-115.33125777728855609893798828125">
        <ele>878.79998779296875</ele>
        <time>2026-08-07T14:46:37.000Z</time>
        <extensions>
          <ns3:TrackPointExtension>
            <ns3:hr>129</ns3:hr>
          </ns3:TrackPointExtension>
        </extensions>
      </trkpt>
      <trkpt lat="36.12412671558558940887451171875" lon="-115.3312887065112590789794921875">
        <ele>879</ele>
        <time>2026-08-07T14:46:38.000Z</time>
        <extensions>
          <ns3:TrackPointExtension>
            <ns3:hr>131</ns3:hr>
          </ns3:TrackPointExtension>
        </extensions>
      </trkpt>
      <trkpt lat="36.12415521405637264251708984375" lon="-115.33132147975265979766845703125">
        <ele>879</ele>
        <time>2026-08-07T14:46:39.000Z</time>
        <extensions>
          <ns3:TrackPointExtension>
            <ns3:hr>133</ns3:hr>
          </ns3:TrackPointExtension>
        </extensions>
      </trkpt>
      <trkpt lat="36.12441890873014926910400390625" lon="-115.33161635510623455047607421875">
        <ele>879.79998779296875</ele>
        <time>2026-08-07T14:46:48.000Z</time>
        <extensions>
          <ns3:TrackPointExtension>
            <ns3:hr>135</ns3:hr>
          </ns3:TrackPointExtension>
        </extensions>
      </trkpt>
      <trkpt lat="36.12444908358156681060791015625" lon="-115.33164636231958866119384765625">
        <ele>880</ele>
        <time>2026-08-07T14:46:49.000Z</time>
        <extensions>
          <ns3:TrackPointExtension>
            <ns3:hr>134</ns3:hr>
          </ns3:TrackPointExtension>
        </extensions>
      </trkpt>
      <trkpt lat="36.124648153781890869140625" lon="-115.33186261542141437530517578125">
        <ele>880.5999755859375</ele>
        <time>2026-08-07T14:46:56.000Z</time>
        <extensions>
          <ns3:TrackPointExtension>
            <ns3:hr>132</ns3:hr>
          </ns3:TrackPointExtension>
        </extensions>
      </trkpt>
      <trkpt lat="36.124735660851001739501953125" lon="-115.33196621574461460113525390625">
        <ele>881.20001220703125</ele>
        <time>2026-08-07T14:46:59.000Z</time>
        <extensions>
          <ns3:TrackPointExtension>
            <ns3:hr>131</ns3:hr>
          </ns3:TrackPointExtension>
        </extensions>
      </trkpt>
      <trkpt lat="36.12482585012912750244140625" lon="-115.3320571593940258026123046875">
        <ele>881.4000244140625</ele>
        <time>2026-08-07T14:47:02.000Z</time>
        <extensions>
          <ns3:TrackPointExtension>
            <ns3:hr>134</ns3:hr>
          </ns3:TrackPointExtension>
        </extensions>
      </trkpt>
      <trkpt lat="36.1248560249805450439453125" lon="-115.3320869989693164825439453125">
        <ele>881.4000244140625</ele>
        <time>2026-08-07T14:47:03.000Z</time>
        <extensions>
          <ns3:TrackPointExtension>
            <ns3:hr>134</ns3:hr>
          </ns3:TrackPointExtension>
        </extensions>
      </trkpt>
      <trkpt lat="36.1250369064509868621826171875" lon="-115.3322663716971874237060546875">
        <ele>882.4000244140625</ele>
        <time>2026-08-07T14:47:09.000Z</time>
        <extensions>
          <ns3:TrackPointExtension>
            <ns3:hr>137</ns3:hr>
          </ns3:TrackPointExtension>
        </extensions>
      </trkpt>
      <trkpt lat="36.12506632693111896514892578125" lon="-115.33230006694793701171875">
        <ele>882.4000244140625</ele>
        <time>2026-08-07T14:47:10.000Z</time>
        <extensions>
          <ns3:TrackPointExtension>
            <ns3:hr>137</ns3:hr>
          </ns3:TrackPointExtension>
        </extensions>
      </trkpt>
      <trkpt lat="36.12522684037685394287109375" lon="-115.33245219849050045013427734375">
        <ele>882.5999755859375</ele>
        <time>2026-08-07T14:47:15.000Z</time>
        <extensions>
          <ns3:TrackPointExtension>
            <ns3:hr>134</ns3:hr>
          </ns3:TrackPointExtension>
        </extensions>
      </trkpt>
      <trkpt lat="36.12534963525831699371337890625" lon="-115.33256887458264827728271484375">
        <ele>883</ele>
        <time>2026-08-07T14:47:19.000Z</time>
        <extensions>
          <ns3:TrackPointExtension>
            <ns3:hr>134</ns3:hr>
          </ns3:TrackPointExtension>
        </extensions>
      </trkpt>
      <trkpt lat="36.125407554209232330322265625" lon="-115.33262385986745357513427734375">
        <ele>883.4000244140625</ele>
        <time>2026-08-07T14:47:21.000Z</time>
        <extensions>
          <ns3:TrackPointExtension>
            <ns3:hr>135</ns3:hr>
          </ns3:TrackPointExtension>
        </extensions>
      </trkpt>
      <trkpt lat="36.1254935525357723236083984375" lon="-115.33270868472754955291748046875">
        <ele>883.79998779296875</ele>
        <time>2026-08-07T14:47:24.000Z</time>
        <extensions>
          <ns3:TrackPointExtension>
            <ns3:hr>138</ns3:hr>
          </ns3:TrackPointExtension>
        </extensions>
      </trkpt>
      <trkpt lat="36.12558466382324695587158203125" lon="-115.33279501833021640777587890625">
        <ele>884.20001220703125</ele>
        <time>2026-08-07T14:47:27.000Z</time>
        <extensions>
          <ns3:TrackPointExtension>
            <ns3:hr>139</ns3:hr>
          </ns3:TrackPointExtension>
        </extensions>
      </trkpt>
      <trkpt lat="36.12567636184394359588623046875" lon="-115.33287531696259975433349609375">
        <ele>884.5999755859375</ele>
        <time>2026-08-07T14:47:30.000Z</time>
        <extensions>
          <ns3:TrackPointExtension>
            <ns3:hr>137</ns3:hr>
          </ns3:TrackPointExtension>
        </extensions>
      </trkpt>
      <trkpt lat="36.1258016712963581085205078125" lon="-115.33298411406576633453369140625">
        <ele>885.20001220703125</ele>
        <time>2026-08-07T14:47:34.000Z</time>
        <extensions>
          <ns3:TrackPointExtension>
            <ns3:hr>134</ns3:hr>
          </ns3:TrackPointExtension>
        </extensions>
      </trkpt>
      <trkpt lat="36.125890351831912994384765625" lon="-115.33306910656392574310302734375">
        <ele>885.5999755859375</ele>
        <time>2026-08-07T14:47:37.000Z</time>
        <extensions>
          <ns3:TrackPointExtension>
            <ns3:hr>134</ns3:hr>
          </ns3:TrackPointExtension>
        </extensions>
      </trkpt>
      <trkpt lat="36.12591960467398166656494140625" lon="-115.33309475518763065338134765625">
        <ele>885.79998779296875</ele>
        <time>2026-08-07T14:47:38.000Z</time>
        <extensions>
          <ns3:TrackPointExtension>
            <ns3:hr>134</ns3:hr>
          </ns3:TrackPointExtension>
        </extensions>
      </trkpt>
      <trkpt lat="36.12601079978048801422119140625" lon="-115.3331702761352062225341796875">
        <ele>886</ele>
        <time>2026-08-07T14:47:41.000Z</time>
        <extensions>
          <ns3:TrackPointExtension>
            <ns3:hr>137</ns3:hr>
          </ns3:TrackPointExtension>
        </extensions>
      </trkpt>
      <trkpt lat="36.126155890524387359619140625" lon="-115.333292819559574127197265625">
        <ele>886</ele>
        <time>2026-08-07T14:47:46.000Z</time>
        <extensions>
          <ns3:TrackPointExtension>
            <ns3:hr>137</ns3:hr>
          </ns3:TrackPointExtension>
        </extensions>
      </trkpt>
      <trkpt lat="36.12630969844758510589599609375" lon="-115.33342349343001842498779296875">
        <ele>886.20001220703125</ele>
        <time>2026-08-07T14:47:51.000Z</time>
        <extensions>
          <ns3:TrackPointExtension>
            <ns3:hr>134</ns3:hr>
          </ns3:TrackPointExtension>
        </extensions>
      </trkpt>
      <trkpt lat="36.126395948231220245361328125" lon="-115.333496667444705963134765625">
        <ele>886.4000244140625</ele>
        <time>2026-08-07T14:47:54.000Z</time>
        <extensions>
          <ns3:TrackPointExtension>
            <ns3:hr>133</ns3:hr>
          </ns3:TrackPointExtension>
        </extensions>
      </trkpt>
      <trkpt lat="36.1264839582145214080810546875" lon="-115.3335674107074737548828125">
        <ele>886.79998779296875</ele>
        <time>2026-08-07T14:47:57.000Z</time>
        <extensions>
          <ns3:TrackPointExtension>
            <ns3:hr>132</ns3:hr>
          </ns3:TrackPointExtension>
        </extensions>
      </trkpt>
      <trkpt lat="36.126625277101993560791015625" lon="-115.33367914147675037384033203125">
        <ele>887.5999755859375</ele>
        <time>2026-08-07T14:48:02.000Z</time>
        <extensions>
          <ns3:TrackPointExtension>
            <ns3:hr>129</ns3:hr>
          </ns3:TrackPointExtension>
        </extensions>
      </trkpt>
      <trkpt lat="36.12668151967227458953857421875" lon="-115.33372272737324237823486328125">
        <ele>887.79998779296875</ele>
        <time>2026-08-07T14:48:04.000Z</time>
        <extensions>
          <ns3:TrackPointExtension>
            <ns3:hr>126</ns3:hr>
          </ns3:TrackPointExtension>
        </extensions>
      </trkpt>
      <trkpt lat="36.12671052105724811553955078125" lon="-115.33374334685504436492919921875">
        <ele>888</ele>
        <time>2026-08-07T14:48:05.000Z</time>
        <extensions>
          <ns3:TrackPointExtension>
            <ns3:hr>125</ns3:hr>
          </ns3:TrackPointExtension>
        </extensions>
      </trkpt>
      <trkpt lat="36.12695510499179363250732421875" lon="-115.33392456360161304473876953125">
        <ele>888.5999755859375</ele>
        <time>2026-08-07T14:48:13.000Z</time>
        <extensions>
          <ns3:TrackPointExtension>
            <ns3:hr>127</ns3:hr>
          </ns3:TrackPointExtension>
        </extensions>
      </trkpt>
      <trkpt lat="36.12708150409162044525146484375" lon="-115.33402263186872005462646484375">
        <ele>889</ele>
        <time>2026-08-07T14:48:17.000Z</time>
        <extensions>
          <ns3:TrackPointExtension>
            <ns3:hr>129</ns3:hr>
          </ns3:TrackPointExtension>
        </extensions>
      </trkpt>
      <trkpt lat="36.12723045051097869873046875" lon="-115.3341409005224704742431640625">
        <ele>889.4000244140625</ele>
        <time>2026-08-07T14:48:22.000Z</time>
        <extensions>
          <ns3:TrackPointExtension>
            <ns3:hr>129</ns3:hr>
          </ns3:TrackPointExtension>
        </extensions>
      </trkpt>
      <trkpt lat="36.12747394479811191558837890625" lon="-115.334306694567203521728515625">
        <ele>890</ele>
        <time>2026-08-07T14:48:30.000Z</time>
        <extensions>
          <ns3:TrackPointExtension>
            <ns3:hr>127</ns3:hr>
          </ns3:TrackPointExtension>
        </extensions>
      </trkpt>
      <trkpt lat="36.12776421010494232177734375" lon="-115.33450174145400524139404296875">
        <ele>891.20001220703125</ele>
        <time>2026-08-07T14:48:40.000Z</time>
        <extensions>
          <ns3:TrackPointExtension>
            <ns3:hr>126</ns3:hr>
          </ns3:TrackPointExtension>
        </extensions>
      </trkpt>
      <trkpt lat="36.12805296666920185089111328125" lon="-115.3346716426312923431396484375">
        <ele>892</ele>
        <time>2026-08-07T14:48:49.000Z</time>
        <extensions>
          <ns3:TrackPointExtension>
            <ns3:hr>126</ns3:hr>
          </ns3:TrackPointExtension>
        </extensions>
      </trkpt>
      <trkpt lat="36.12808473408222198486328125" lon="-115.33469318412244319915771484375">
        <ele>892.20001220703125</ele>
        <time>2026-08-07T14:48:50.000Z</time>
        <extensions>
          <ns3:TrackPointExtension>
            <ns3:hr>126</ns3:hr>
          </ns3:TrackPointExtension>
        </extensions>
      </trkpt>
      <trkpt lat="36.12833694554865360260009765625" lon="-115.33485311083495616912841796875">
        <ele>892.79998779296875</ele>
        <time>2026-08-07T14:48:58.000Z</time>
        <extensions>
          <ns3:TrackPointExtension>
            <ns3:hr>125</ns3:hr>
          </ns3:TrackPointExtension>
        </extensions>
      </trkpt>
      <trkpt lat="36.1284587346017360687255859375" lon="-115.33492217771708965301513671875">
        <ele>893.20001220703125</ele>
        <time>2026-08-07T14:49:02.000Z</time>
        <extensions>
          <ns3:TrackPointExtension>
            <ns3:hr>124</ns3:hr>
          </ns3:TrackPointExtension>
        </extensions>
      </trkpt>
      <trkpt lat="36.1286052502691745758056640625" lon="-115.33503617160022258758544921875">
        <ele>893.79998779296875</ele>
        <time>2026-08-07T14:49:07.000Z</time>
        <extensions>
          <ns3:TrackPointExtension>
            <ns3:hr>126</ns3:hr>
          </ns3:TrackPointExtension>
        </extensions>
      </trkpt>
      <trkpt lat="36.12870566546916961669921875" lon="-115.335149578750133514404296875">
        <ele>894.20001220703125</ele>
        <time>2026-08-07T14:49:11.000Z</time>
        <extensions>
          <ns3:TrackPointExtension>
            <ns3:hr>126</ns3:hr>
          </ns3:TrackPointExtension>
        </extensions>
      </trkpt>
      <trkpt lat="36.12875369377434253692626953125" lon="-115.3352070786058902740478515625">
        <ele>894.5999755859375</ele>
        <time>2026-08-07T14:49:13.000Z</time>
        <extensions>
          <ns3:TrackPointExtension>
            <ns3:hr>126</ns3:hr>
          </ns3:TrackPointExtension>
        </extensions>
      </trkpt>
      <trkpt lat="36.12892837263643741607666015625" lon="-115.3353197313845157623291015625">
        <ele>894.79998779296875</ele>
        <time>2026-08-07T14:49:19.000Z</time>
        <extensions>
          <ns3:TrackPointExtension>
            <ns3:hr>126</ns3:hr>
          </ns3:TrackPointExtension>
        </extensions>
      </trkpt>
      <trkpt lat="36.12920966930687427520751953125" lon="-115.33547136001288890838623046875">
        <ele>895</ele>
        <time>2026-08-07T14:49:27.000Z</time>
        <extensions>
          <ns3:TrackPointExtension>
            <ns3:hr>126</ns3:hr>
          </ns3:TrackPointExtension>
        </extensions>
      </trkpt>
      <trkpt lat="36.129235737025737762451171875" lon="-115.3354964219033718109130859375">
        <ele>895.4000244140625</ele>
        <time>2026-08-07T14:49:28.000Z</time>
        <extensions>
          <ns3:TrackPointExtension>
            <ns3:hr>126</ns3:hr>
          </ns3:TrackPointExtension>
        </extensions>
      </trkpt>
      <trkpt lat="36.12931762821972370147705078125" lon="-115.3355926461517810821533203125">
        <ele>896.4000244140625</ele>
        <time>2026-08-07T14:49:32.000Z</time>
        <extensions>
          <ns3:TrackPointExtension>
            <ns3:hr>128</ns3:hr>
          </ns3:TrackPointExtension>
        </extensions>
      </trkpt>
      <trkpt lat="36.1293267644941806793212890625" lon="-115.3356097452342510223388671875">
        <ele>896.5999755859375</ele>
        <time>2026-08-07T14:49:33.000Z</time>
        <extensions>
          <ns3:TrackPointExtension>
            <ns3:hr>128</ns3:hr>
          </ns3:TrackPointExtension>
        </extensions>
      </trkpt>
      <trkpt lat="36.12936590798199176788330078125" lon="-115.33564813435077667236328125">
        <ele>897.5999755859375</ele>
        <time>2026-08-07T14:49:36.000Z</time>
        <extensions>
          <ns3:TrackPointExtension>
            <ns3:hr>127</ns3:hr>
          </ns3:TrackPointExtension>
        </extensions>
      </trkpt>
      <trkpt lat="36.12943162210285663604736328125" lon="-115.33567604608833789825439453125">
        <ele>897.4000244140625</ele>
        <time>2026-08-07T14:49:39.000Z</time>
        <extensions>
          <ns3:TrackPointExtension>
            <ns3:hr>128</ns3:hr>
          </ns3:TrackPointExtension>
        </extensions>
      </trkpt>
      <trkpt lat="36.1295745335519313812255859375" lon="-115.33571963198482990264892578125">
        <ele>897.20001220703125</ele>
        <time>2026-08-07T14:49:45.000Z</time>
        <extensions>
          <ns3:TrackPointExtension>
            <ns3:hr>128</ns3:hr>
          </ns3:TrackPointExtension>
        </extensions>
      </trkpt>
      <trkpt lat="36.12983009777963161468505859375" lon="-115.3357374854385852813720703125">
        <ele>897</ele>
        <time>2026-08-07T14:49:53.000Z</time>
        <extensions>
          <ns3:TrackPointExtension>
            <ns3:hr>129</ns3:hr>
          </ns3:TrackPointExtension>
        </extensions>
      </trkpt>
      <trkpt lat="36.12987041473388671875" lon="-115.33572533167898654937744140625">
        <ele>896.79998779296875</ele>
        <time>2026-08-07T14:49:54.000Z</time>
        <extensions>
          <ns3:TrackPointExtension>
            <ns3:hr>129</ns3:hr>
          </ns3:TrackPointExtension>
        </extensions>
      </trkpt>
      <trkpt lat="36.12991257570683956146240234375" lon="-115.33572147600352764129638671875">
        <ele>896.5999755859375</ele>
        <time>2026-08-07T14:49:55.000Z</time>
        <extensions>
          <ns3:TrackPointExtension>
            <ns3:hr>129</ns3:hr>
          </ns3:TrackPointExtension>
        </extensions>
      </trkpt>
      <trkpt lat="36.12995557487010955810546875" lon="-115.3357274271547794342041015625">
        <ele>896.4000244140625</ele>
        <time>2026-08-07T14:49:56.000Z</time>
        <extensions>
          <ns3:TrackPointExtension>
            <ns3:hr>129</ns3:hr>
          </ns3:TrackPointExtension>
        </extensions>
      </trkpt>
      <trkpt lat="36.12999354489147663116455078125" lon="-115.33573555760085582733154296875">
        <ele>896.4000244140625</ele>
        <time>2026-08-07T14:49:57.000Z</time>
        <extensions>
          <ns3:TrackPointExtension>
            <ns3:hr>129</ns3:hr>
          </ns3:TrackPointExtension>
        </extensions>
      </trkpt>
      <trkpt lat="36.1300885118544101715087890625" lon="-115.3357612900435924530029296875">
        <ele>897.5999755859375</ele>
        <time>2026-08-07T14:50:00.000Z</time>
        <extensions>
          <ns3:TrackPointExtension>
            <ns3:hr>124</ns3:hr>
          </ns3:TrackPointExtension>
        </extensions>
      </trkpt>
      <trkpt lat="36.13011642359197139739990234375" lon="-115.335770510137081146240234375">
        <ele>897.79998779296875</ele>
        <time>2026-08-07T14:50:01.000Z</time>
        <extensions>
          <ns3:TrackPointExtension>
            <ns3:hr>123</ns3:hr>
          </ns3:TrackPointExtension>
        </extensions>
      </trkpt>
      <trkpt lat="36.130174510180950164794921875" lon="-115.33579657785594463348388671875">
        <ele>898.20001220703125</ele>
        <time>2026-08-07T14:50:03.000Z</time>
        <extensions>
          <ns3:TrackPointExtension>
            <ns3:hr>122</ns3:hr>
          </ns3:TrackPointExtension>
        </extensions>
      </trkpt>
      <trkpt lat="36.1303537152707576751708984375" lon="-115.3358660638332366943359375">
        <ele>898.79998779296875</ele>
        <time>2026-08-07T14:50:08.000Z</time>
        <extensions>
          <ns3:TrackPointExtension>
            <ns3:hr>122</ns3:hr>
          </ns3:TrackPointExtension>
        </extensions>
      </trkpt>
      <trkpt lat="36.13048405386507511138916015625" lon="-115.3359265811741352081298828125">
        <ele>898.79998779296875</ele>
        <time>2026-08-07T14:50:12.000Z</time>
        <extensions>
          <ns3:TrackPointExtension>
            <ns3:hr>124</ns3:hr>
          </ns3:TrackPointExtension>
        </extensions>
      </trkpt>
      <trkpt lat="36.13054700195789337158203125" lon="-115.3359466977417469024658203125">
        <ele>899</ele>
        <time>2026-08-07T14:50:14.000Z</time>
        <extensions>
          <ns3:TrackPointExtension>
            <ns3:hr>126</ns3:hr>
          </ns3:TrackPointExtension>
        </extensions>
      </trkpt>
      <trkpt lat="36.1306454055011272430419921875" lon="-115.33598600886762142181396484375">
        <ele>899.20001220703125</ele>
        <time>2026-08-07T14:50:17.000Z</time>
        <extensions>
          <ns3:TrackPointExtension>
            <ns3:hr>127</ns3:hr>
          </ns3:TrackPointExtension>
        </extensions>
      </trkpt>
      <trkpt lat="36.1308479122817516326904296875" lon="-115.336060188710689544677734375">
        <ele>899.5999755859375</ele>
        <time>2026-08-07T14:50:23.000Z</time>
        <extensions>
          <ns3:TrackPointExtension>
            <ns3:hr>127</ns3:hr>
          </ns3:TrackPointExtension>
        </extensions>
      </trkpt>
      <trkpt lat="36.1310601420700550079345703125" lon="-115.33613487146794795989990234375">
        <ele>900</ele>
        <time>2026-08-07T14:50:29.000Z</time>
        <extensions>
          <ns3:TrackPointExtension>
            <ns3:hr>128</ns3:hr>
          </ns3:TrackPointExtension>
        </extensions>
      </trkpt>
      <trkpt lat="36.13113197498023509979248046875" lon="-115.336156077682971954345703125">
        <ele>900.20001220703125</ele>
        <time>2026-08-07T14:50:31.000Z</time>
        <extensions>
          <ns3:TrackPointExtension>
            <ns3:hr>128</ns3:hr>
          </ns3:TrackPointExtension>
        </extensions>
      </trkpt>
      <trkpt lat="36.13140924833714962005615234375" lon="-115.33624903298914432525634765625">
        <ele>900.79998779296875</ele>
        <time>2026-08-07T14:50:39.000Z</time>
        <extensions>
          <ns3:TrackPointExtension>
            <ns3:hr>126</ns3:hr>
          </ns3:TrackPointExtension>
        </extensions>
      </trkpt>
      <trkpt lat="36.1314732022583484649658203125" lon="-115.33627132885158061981201171875">
        <ele>901</ele>
        <time>2026-08-07T14:50:41.000Z</time>
        <extensions>
          <ns3:TrackPointExtension>
            <ns3:hr>127</ns3:hr>
          </ns3:TrackPointExtension>
        </extensions>
      </trkpt>
      <trkpt lat="36.13166456110775470733642578125" lon="-115.33633519895374774932861328125">
        <ele>901.5999755859375</ele>
        <time>2026-08-07T14:50:47.000Z</time>
        <extensions>
          <ns3:TrackPointExtension>
            <ns3:hr>128</ns3:hr>
          </ns3:TrackPointExtension>
        </extensions>
      </trkpt>
      <trkpt lat="36.13184091635048389434814453125" lon="-115.33638984896242618560791015625">
        <ele>902.20001220703125</ele>
        <time>2026-08-07T14:50:52.000Z</time>
        <extensions>
          <ns3:TrackPointExtension>
            <ns3:hr>129</ns3:hr>
          </ns3:TrackPointExtension>
        </extensions>
      </trkpt>
      <trkpt lat="36.13194032572209835052490234375" lon="-115.3364167548716068267822265625">
        <ele>902.5999755859375</ele>
        <time>2026-08-07T14:50:55.000Z</time>
        <extensions>
          <ns3:TrackPointExtension>
            <ns3:hr>130</ns3:hr>
          </ns3:TrackPointExtension>
        </extensions>
      </trkpt>
      <trkpt lat="36.1321782879531383514404296875" lon="-115.3364858217537403106689453125">
        <ele>903</ele>
        <time>2026-08-07T14:51:02.000Z</time>
        <extensions>
          <ns3:TrackPointExtension>
            <ns3:hr>131</ns3:hr>
          </ns3:TrackPointExtension>
        </extensions>
      </trkpt>
      <trkpt lat="36.13231315277516841888427734375" lon="-115.33652261830866336822509765625">
        <ele>903.4000244140625</ele>
        <time>2026-08-07T14:51:06.000Z</time>
        <extensions>
          <ns3:TrackPointExtension>
            <ns3:hr>130</ns3:hr>
          </ns3:TrackPointExtension>
        </extensions>
      </trkpt>
      <trkpt lat="36.1324465088546276092529296875" lon="-115.33655648119747638702392578125">
        <ele>903.79998779296875</ele>
        <time>2026-08-07T14:51:10.000Z</time>
        <extensions>
          <ns3:TrackPointExtension>
            <ns3:hr>128</ns3:hr>
          </ns3:TrackPointExtension>
        </extensions>
      </trkpt>
      <trkpt lat="36.132613308727741241455078125" lon="-115.33659671433269977569580078125">
        <ele>904.4000244140625</ele>
        <time>2026-08-07T14:51:15.000Z</time>
        <extensions>
          <ns3:TrackPointExtension>
            <ns3:hr>129</ns3:hr>
          </ns3:TrackPointExtension>
        </extensions>
      </trkpt>
      <trkpt lat="36.13271422684192657470703125" lon="-115.33661867491900920867919921875">
        <ele>904.79998779296875</ele>
        <time>2026-08-07T14:51:18.000Z</time>
        <extensions>
          <ns3:TrackPointExtension>
            <ns3:hr>127</ns3:hr>
          </ns3:TrackPointExtension>
        </extensions>
      </trkpt>
      <trkpt lat="36.1327482573688030242919921875" lon="-115.3366259671747684478759765625">
        <ele>905</ele>
        <time>2026-08-07T14:51:19.000Z</time>
        <extensions>
          <ns3:TrackPointExtension>
            <ns3:hr>124</ns3:hr>
          </ns3:TrackPointExtension>
        </extensions>
      </trkpt>
      <trkpt lat="36.13299175165593624114990234375" lon="-115.33667399547994136810302734375">
        <ele>905.4000244140625</ele>
        <time>2026-08-07T14:51:26.000Z</time>
        <extensions>
          <ns3:TrackPointExtension>
            <ns3:hr>127</ns3:hr>
          </ns3:TrackPointExtension>
        </extensions>
      </trkpt>
      <trkpt lat="36.1331425420939922332763671875" lon="-115.336704254150390625">
        <ele>905.4000244140625</ele>
        <time>2026-08-07T14:51:30.000Z</time>
        <extensions>
          <ns3:TrackPointExtension>
            <ns3:hr>129</ns3:hr>
          </ns3:TrackPointExtension>
        </extensions>
      </trkpt>
      <trkpt lat="36.13318000920116901397705078125" lon="-115.3367101214826107025146484375">
        <ele>905.4000244140625</ele>
        <time>2026-08-07T14:51:31.000Z</time>
        <extensions>
          <ns3:TrackPointExtension>
            <ns3:hr>128</ns3:hr>
          </ns3:TrackPointExtension>
        </extensions>
      </trkpt>
      <trkpt lat="36.1334644071757793426513671875" lon="-115.336760580539703369140625">
        <ele>906</ele>
        <time>2026-08-07T14:51:39.000Z</time>
        <extensions>
          <ns3:TrackPointExtension>
            <ns3:hr>131</ns3:hr>
          </ns3:TrackPointExtension>
        </extensions>
      </trkpt>
      <trkpt lat="36.1334969289600849151611328125" lon="-115.33676435239613056182861328125">
        <ele>906.20001220703125</ele>
        <time>2026-08-07T14:51:40.000Z</time>
        <extensions>
          <ns3:TrackPointExtension>
            <ns3:hr>131</ns3:hr>
          </ns3:TrackPointExtension>
        </extensions>
      </trkpt>
      <trkpt lat="36.1335918121039867401123046875" lon="-115.3367845527827739715576171875">
        <ele>906.5999755859375</ele>
        <time>2026-08-07T14:51:43.000Z</time>
        <extensions>
          <ns3:TrackPointExtension>
            <ns3:hr>134</ns3:hr>
          </ns3:TrackPointExtension>
        </extensions>
      </trkpt>
      <trkpt lat="36.1337467096745967864990234375" lon="-115.33680508844554424285888671875">
        <ele>907.4000244140625</ele>
        <time>2026-08-07T14:51:48.000Z</time>
        <extensions>
          <ns3:TrackPointExtension>
            <ns3:hr>134</ns3:hr>
          </ns3:TrackPointExtension>
        </extensions>
      </trkpt>
      <trkpt lat="36.13404451869428157806396484375" lon="-115.33684330992400646209716796875">
        <ele>907</ele>
        <time>2026-08-07T14:51:56.000Z</time>
        <extensions>
          <ns3:TrackPointExtension>
            <ns3:hr>133</ns3:hr>
          </ns3:TrackPointExtension>
        </extensions>
      </trkpt>
      <trkpt lat="36.13419773988425731658935546875" lon="-115.3368638455867767333984375">
        <ele>907.5999755859375</ele>
        <time>2026-08-07T14:52:00.000Z</time>
        <extensions>
          <ns3:TrackPointExtension>
            <ns3:hr>131</ns3:hr>
          </ns3:TrackPointExtension>
        </extensions>
      </trkpt>
      <trkpt lat="36.13430955447256565093994140625" lon="-115.3368734009563922882080078125">
        <ele>908</ele>
        <time>2026-08-07T14:52:03.000Z</time>
        <extensions>
          <ns3:TrackPointExtension>
            <ns3:hr>132</ns3:hr>
          </ns3:TrackPointExtension>
        </extensions>
      </trkpt>
      <trkpt lat="36.13452530466020107269287109375" lon="-115.3368931822478771209716796875">
        <ele>908.4000244140625</ele>
        <time>2026-08-07T14:52:09.000Z</time>
        <extensions>
          <ns3:TrackPointExtension>
            <ns3:hr>129</ns3:hr>
          </ns3:TrackPointExtension>
        </extensions>
      </trkpt>
      <trkpt lat="36.13459789194166660308837890625" lon="-115.33689695410430431365966796875">
        <ele>908.4000244140625</ele>
        <time>2026-08-07T14:52:11.000Z</time>
        <extensions>
          <ns3:TrackPointExtension>
            <ns3:hr>129</ns3:hr>
          </ns3:TrackPointExtension>
        </extensions>
      </trkpt>
      <trkpt lat="36.13483711145818233489990234375" lon="-115.3369129635393619537353515625">
        <ele>908.5999755859375</ele>
        <time>2026-08-07T14:52:17.000Z</time>
        <extensions>
          <ns3:TrackPointExtension>
            <ns3:hr>129</ns3:hr>
          </ns3:TrackPointExtension>
        </extensions>
      </trkpt>
      <trkpt lat="36.13487566821277141571044921875" lon="-115.33691816031932830810546875">
        <ele>908.5999755859375</ele>
        <time>2026-08-07T14:52:18.000Z</time>
        <extensions>
          <ns3:TrackPointExtension>
            <ns3:hr>129</ns3:hr>
          </ns3:TrackPointExtension>
        </extensions>
      </trkpt>
      <trkpt lat="36.13509728573262691497802734375" lon="-115.33693115226924419403076171875">
        <ele>909.20001220703125</ele>
        <time>2026-08-07T14:52:24.000Z</time>
        <extensions>
          <ns3:TrackPointExtension>
            <ns3:hr>131</ns3:hr>
          </ns3:TrackPointExtension>
        </extensions>
      </trkpt>
      <trkpt lat="36.1352893151342868804931640625" lon="-115.33694288693368434906005859375">
        <ele>909.79998779296875</ele>
        <time>2026-08-07T14:52:29.000Z</time>
        <extensions>
          <ns3:TrackPointExtension>
            <ns3:hr>131</ns3:hr>
          </ns3:TrackPointExtension>
        </extensions>
      </trkpt>
      <trkpt lat="36.1354096792638301849365234375" lon="-115.336948335170745849609375">
        <ele>909.79998779296875</ele>
        <time>2026-08-07T14:52:32.000Z</time>
        <extensions>
          <ns3:TrackPointExtension>
            <ns3:hr>130</ns3:hr>
          </ns3:TrackPointExtension>
        </extensions>
      </trkpt>
      <trkpt lat="36.135829277336597442626953125" lon="-115.33696283586323261260986328125">
        <ele>910.79998779296875</ele>
        <time>2026-08-07T14:52:42.000Z</time>
        <extensions>
          <ns3:TrackPointExtension>
            <ns3:hr>130</ns3:hr>
          </ns3:TrackPointExtension>
        </extensions>
      </trkpt>
      <trkpt lat="36.13595458678901195526123046875" lon="-115.33696711063385009765625">
        <ele>911.20001220703125</ele>
        <time>2026-08-07T14:52:45.000Z</time>
        <extensions>
          <ns3:TrackPointExtension>
            <ns3:hr>133</ns3:hr>
          </ns3:TrackPointExtension>
        </extensions>
      </trkpt>
      <trkpt lat="36.13616312853991985321044921875" lon="-115.33697507344186305999755859375">
        <ele>911</ele>
        <time>2026-08-07T14:52:50.000Z</time>
        <extensions>
          <ns3:TrackPointExtension>
            <ns3:hr>131</ns3:hr>
          </ns3:TrackPointExtension>
        </extensions>
      </trkpt>
      <trkpt lat="36.13640586845576763153076171875" lon="-115.3369816951453685760498046875">
        <ele>912</ele>
        <time>2026-08-07T14:52:56.000Z</time>
        <extensions>
          <ns3:TrackPointExtension>
            <ns3:hr>132</ns3:hr>
          </ns3:TrackPointExtension>
        </extensions>
      </trkpt>
      <trkpt lat="36.13644593395292758941650390625" lon="-115.33698295243084430694580078125">
        <ele>912.20001220703125</ele>
        <time>2026-08-07T14:52:57.000Z</time>
        <extensions>
          <ns3:TrackPointExtension>
            <ns3:hr>133</ns3:hr>
          </ns3:TrackPointExtension>
        </extensions>
      </trkpt>
      <trkpt lat="36.1365254782140254974365234375" lon="-115.33698496408760547637939453125">
        <ele>912.4000244140625</ele>
        <time>2026-08-07T14:52:59.000Z</time>
        <extensions>
          <ns3:TrackPointExtension>
            <ns3:hr>136</ns3:hr>
          </ns3:TrackPointExtension>
        </extensions>
      </trkpt>
      <trkpt lat="36.13681943155825138092041015625" lon="-115.33699837513267993927001953125">
        <ele>912.79998779296875</ele>
        <time>2026-08-07T14:53:06.000Z</time>
        <extensions>
          <ns3:TrackPointExtension>
            <ns3:hr>136</ns3:hr>
          </ns3:TrackPointExtension>
        </extensions>
      </trkpt>
      <trkpt lat="36.13686092197895050048828125" lon="-115.3369987942278385162353515625">
        <ele>913</ele>
        <time>2026-08-07T14:53:07.000Z</time>
        <extensions>
          <ns3:TrackPointExtension>
            <ns3:hr>136</ns3:hr>
          </ns3:TrackPointExtension>
        </extensions>
      </trkpt>
      <trkpt lat="36.1371490918099880218505859375" lon="-115.337014384567737579345703125">
        <ele>913.4000244140625</ele>
        <time>2026-08-07T14:53:14.000Z</time>
        <extensions>
          <ns3:TrackPointExtension>
            <ns3:hr>135</ns3:hr>
          </ns3:TrackPointExtension>
        </extensions>
      </trkpt>
      <trkpt lat="36.1372352577745914459228515625" lon="-115.3370225988328456878662109375">
        <ele>913.4000244140625</ele>
        <time>2026-08-07T14:53:16.000Z</time>
        <extensions>
          <ns3:TrackPointExtension>
            <ns3:hr>136</ns3:hr>
          </ns3:TrackPointExtension>
        </extensions>
      </trkpt>
      <trkpt lat="36.13762669265270233154296875" lon="-115.33703793771564960479736328125">
        <ele>914</ele>
        <time>2026-08-07T14:53:25.000Z</time>
        <extensions>
          <ns3:TrackPointExtension>
            <ns3:hr>135</ns3:hr>
          </ns3:TrackPointExtension>
        </extensions>
      </trkpt>
      <trkpt lat="36.1377163790166378021240234375" lon="-115.337038524448871612548828125">
        <ele>914.4000244140625</ele>
        <time>2026-08-07T14:53:27.000Z</time>
        <extensions>
          <ns3:TrackPointExtension>
            <ns3:hr>132</ns3:hr>
          </ns3:TrackPointExtension>
        </extensions>
      </trkpt>
      <trkpt lat="36.1381358094513416290283203125" lon="-115.3370594792068004608154296875">
        <ele>914.4000244140625</ele>
        <time>2026-08-07T14:53:36.000Z</time>
        <extensions>
          <ns3:TrackPointExtension>
            <ns3:hr>136</ns3:hr>
          </ns3:TrackPointExtension>
        </extensions>
      </trkpt>
      <trkpt lat="36.13822708837687969207763671875" lon="-115.33706526271998882293701171875">
        <ele>915</ele>
        <time>2026-08-07T14:53:38.000Z</time>
        <extensions>
          <ns3:TrackPointExtension>
            <ns3:hr>139</ns3:hr>
          </ns3:TrackPointExtension>
        </extensions>
      </trkpt>
      <trkpt lat="36.138271428644657135009765625" lon="-115.3370668552815914154052734375">
        <ele>915.20001220703125</ele>
        <time>2026-08-07T14:53:39.000Z</time>
        <extensions>
          <ns3:TrackPointExtension>
            <ns3:hr>138</ns3:hr>
          </ns3:TrackPointExtension>
        </extensions>
      </trkpt>
      <trkpt lat="36.13852313719689846038818359375" lon="-115.3370775841176509857177734375">
        <ele>915.79998779296875</ele>
        <time>2026-08-07T14:53:45.000Z</time>
        <extensions>
          <ns3:TrackPointExtension>
            <ns3:hr>137</ns3:hr>
          </ns3:TrackPointExtension>
        </extensions>
      </trkpt>
      <trkpt lat="36.13878733478486537933349609375" lon="-115.337094180285930633544921875">
        <ele>916.4000244140625</ele>
        <time>2026-08-07T14:53:51.000Z</time>
        <extensions>
          <ns3:TrackPointExtension>
            <ns3:hr>137</ns3:hr>
          </ns3:TrackPointExtension>
        </extensions>
      </trkpt>
      <trkpt lat="36.13887819461524486541748046875" lon="-115.337106250226497650146484375">
        <ele>916.4000244140625</ele>
        <time>2026-08-07T14:53:53.000Z</time>
        <extensions>
          <ns3:TrackPointExtension>
            <ns3:hr>137</ns3:hr>
          </ns3:TrackPointExtension>
        </extensions>
      </trkpt>
      <trkpt lat="36.13922906108200550079345703125" lon="-115.33711857162415981292724609375">
        <ele>916.79998779296875</ele>
        <time>2026-08-07T14:54:01.000Z</time>
        <extensions>
          <ns3:TrackPointExtension>
            <ns3:hr>136</ns3:hr>
          </ns3:TrackPointExtension>
        </extensions>
      </trkpt>
      <trkpt lat="36.1395603977143764495849609375" lon="-115.337123684585094451904296875">
        <ele>916.20001220703125</ele>
        <time>2026-08-07T14:54:08.000Z</time>
        <extensions>
          <ns3:TrackPointExtension>
            <ns3:hr>134</ns3:hr>
          </ns3:TrackPointExtension>
        </extensions>
      </trkpt>
      <trkpt lat="36.13982954062521457672119140625" lon="-115.33713600598275661468505859375">
        <ele>916.4000244140625</ele>
        <time>2026-08-07T14:54:13.000Z</time>
        <extensions>
          <ns3:TrackPointExtension>
            <ns3:hr>137</ns3:hr>
          </ns3:TrackPointExtension>
        </extensions>
      </trkpt>
      <trkpt lat="36.14008133299648761749267578125" lon="-115.3371469862759113311767578125">
        <ele>916.5999755859375</ele>
        <time>2026-08-07T14:54:18.000Z</time>
        <extensions>
          <ns3:TrackPointExtension>
            <ns3:hr>136</ns3:hr>
          </ns3:TrackPointExtension>
        </extensions>
      </trkpt>
      <trkpt lat="36.14045432768762111663818359375" lon="-115.3371664322912693023681640625">
        <ele>917</ele>
        <time>2026-08-07T14:54:26.000Z</time>
        <extensions>
          <ns3:TrackPointExtension>
            <ns3:hr>136</ns3:hr>
          </ns3:TrackPointExtension>
        </extensions>
      </trkpt>
      <trkpt lat="36.1406818963587284088134765625" lon="-115.3372177295386791229248046875">
        <ele>917.4000244140625</ele>
        <time>2026-08-07T14:54:31.000Z</time>
        <extensions>
          <ns3:TrackPointExtension>
            <ns3:hr>133</ns3:hr>
          </ns3:TrackPointExtension>
        </extensions>
      </trkpt>
      <trkpt lat="36.14080754108726978302001953125" lon="-115.337258465588092803955078125">
        <ele>918.20001220703125</ele>
        <time>2026-08-07T14:54:34.000Z</time>
        <extensions>
          <ns3:TrackPointExtension>
            <ns3:hr>133</ns3:hr>
          </ns3:TrackPointExtension>
        </extensions>
      </trkpt>
      <trkpt lat="36.140846349298954010009765625" lon="-115.33727623522281646728515625">
        <ele>918.4000244140625</ele>
        <time>2026-08-07T14:54:35.000Z</time>
        <extensions>
          <ns3:TrackPointExtension>
            <ns3:hr>133</ns3:hr>
          </ns3:TrackPointExtension>
        </extensions>
      </trkpt>
      <trkpt lat="36.140994541347026824951171875" lon="-115.3373424522578716278076171875">
        <ele>919.4000244140625</ele>
        <time>2026-08-07T14:54:39.000Z</time>
        <extensions>
          <ns3:TrackPointExtension>
            <ns3:hr>134</ns3:hr>
          </ns3:TrackPointExtension>
        </extensions>
      </trkpt>
      <trkpt lat="36.14113795571029186248779296875" lon="-115.33739852719008922576904296875">
        <ele>920.20001220703125</ele>
        <time>2026-08-07T14:54:43.000Z</time>
        <extensions>
          <ns3:TrackPointExtension>
            <ns3:hr>132</ns3:hr>
          </ns3:TrackPointExtension>
        </extensions>
      </trkpt>
      <trkpt lat="36.1412183381617069244384765625" lon="-115.337426774203777313232421875">
        <ele>920.4000244140625</ele>
        <time>2026-08-07T14:54:45.000Z</time>
        <extensions>
          <ns3:TrackPointExtension>
            <ns3:hr>129</ns3:hr>
          </ns3:TrackPointExtension>
        </extensions>
      </trkpt>
      <trkpt lat="36.14142813719809055328369140625" lon="-115.33747916109859943389892578125">
        <ele>920.20001220703125</ele>
        <time>2026-08-07T14:54:50.000Z</time>
        <extensions>
          <ns3:TrackPointExtension>
            <ns3:hr>131</ns3:hr>
          </ns3:TrackPointExtension>
        </extensions>
      </trkpt>
      <trkpt lat="36.14155135117471218109130859375" lon="-115.33750028349459171295166015625">
        <ele>920.5999755859375</ele>
        <time>2026-08-07T14:54:53.000Z</time>
        <extensions>
          <ns3:TrackPointExtension>
            <ns3:hr>130</ns3:hr>
          </ns3:TrackPointExtension>
        </extensions>
      </trkpt>
      <trkpt lat="36.14178386516869068145751953125" lon="-115.3375298716127872467041015625">
        <ele>921</ele>
        <time>2026-08-07T14:54:59.000Z</time>
        <extensions>
          <ns3:TrackPointExtension>
            <ns3:hr>127</ns3:hr>
          </ns3:TrackPointExtension>
        </extensions>
      </trkpt>
      <trkpt lat="36.14185896702110767364501953125" lon="-115.33754856325685977935791015625">
        <ele>921.20001220703125</ele>
        <time>2026-08-07T14:55:01.000Z</time>
        <extensions>
          <ns3:TrackPointExtension>
            <ns3:hr>127</ns3:hr>
          </ns3:TrackPointExtension>
        </extensions>
      </trkpt>
      <trkpt lat="36.142019815742969512939453125" lon="-115.337589047849178314208984375">
        <ele>921.5999755859375</ele>
        <time>2026-08-07T14:55:05.000Z</time>
        <extensions>
          <ns3:TrackPointExtension>
            <ns3:hr>131</ns3:hr>
          </ns3:TrackPointExtension>
        </extensions>
      </trkpt>
      <trkpt lat="36.1421852745115756988525390625" lon="-115.3376462124288082122802734375">
        <ele>922</ele>
        <time>2026-08-07T14:55:09.000Z</time>
        <extensions>
          <ns3:TrackPointExtension>
            <ns3:hr>134</ns3:hr>
          </ns3:TrackPointExtension>
        </extensions>
      </trkpt>
      <trkpt lat="36.1424602009356021881103515625" lon="-115.33776766620576381683349609375">
        <ele>922.5999755859375</ele>
        <time>2026-08-07T14:55:16.000Z</time>
        <extensions>
          <ns3:TrackPointExtension>
            <ns3:hr>135</ns3:hr>
          </ns3:TrackPointExtension>
        </extensions>
      </trkpt>
      <trkpt lat="36.14249817095696926116943359375" lon="-115.33778795041143894195556640625">
        <ele>922.5999755859375</ele>
        <time>2026-08-07T14:55:17.000Z</time>
        <extensions>
          <ns3:TrackPointExtension>
            <ns3:hr>135</ns3:hr>
          </ns3:TrackPointExtension>
        </extensions>
      </trkpt>
      <trkpt lat="36.142766475677490234375" lon="-115.33791485242545604705810546875">
        <ele>923.20001220703125</ele>
        <time>2026-08-07T14:55:24.000Z</time>
        <extensions>
          <ns3:TrackPointExtension>
            <ns3:hr>133</ns3:hr>
          </ns3:TrackPointExtension>
        </extensions>
      </trkpt>
      <trkpt lat="36.14307560026645660400390625" lon="-115.33805399201810359954833984375">
        <ele>923.4000244140625</ele>
        <time>2026-08-07T14:55:32.000Z</time>
        <extensions>
          <ns3:TrackPointExtension>
            <ns3:hr>133</ns3:hr>
          </ns3:TrackPointExtension>
        </extensions>
      </trkpt>
      <trkpt lat="36.14326536655426025390625" lon="-115.338140241801738739013671875">
        <ele>923.79998779296875</ele>
        <time>2026-08-07T14:55:37.000Z</time>
        <extensions>
          <ns3:TrackPointExtension>
            <ns3:hr>132</ns3:hr>
          </ns3:TrackPointExtension>
        </extensions>
      </trkpt>
      <trkpt lat="36.14349930547177791595458984375" lon="-115.338218025863170623779296875">
        <ele>924.20001220703125</ele>
        <time>2026-08-07T14:55:43.000Z</time>
        <extensions>
          <ns3:TrackPointExtension>
            <ns3:hr>130</ns3:hr>
          </ns3:TrackPointExtension>
        </extensions>
      </trkpt>
      <trkpt lat="36.143690161406993865966796875" lon="-115.3382698260247707366943359375">
        <ele>924.79998779296875</ele>
        <time>2026-08-07T14:55:48.000Z</time>
        <extensions>
          <ns3:TrackPointExtension>
            <ns3:hr>130</ns3:hr>
          </ns3:TrackPointExtension>
        </extensions>
      </trkpt>
      <trkpt lat="36.14380658604204654693603515625" lon="-115.33829656429588794708251953125">
        <ele>924.79998779296875</ele>
        <time>2026-08-07T14:55:51.000Z</time>
        <extensions>
          <ns3:TrackPointExtension>
            <ns3:hr>130</ns3:hr>
          </ns3:TrackPointExtension>
        </extensions>
      </trkpt>
      <trkpt lat="36.14408017136156558990478515625" lon="-115.33831634558737277984619140625">
        <ele>925</ele>
        <time>2026-08-07T14:55:58.000Z</time>
        <extensions>
          <ns3:TrackPointExtension>
            <ns3:hr>128</ns3:hr>
          </ns3:TrackPointExtension>
        </extensions>
      </trkpt>
      <trkpt lat="36.14431084133684635162353515625" lon="-115.3383331932127475738525390625">
        <ele>924.5999755859375</ele>
        <time>2026-08-07T14:56:04.000Z</time>
        <extensions>
          <ns3:TrackPointExtension>
            <ns3:hr>128</ns3:hr>
          </ns3:TrackPointExtension>
        </extensions>
      </trkpt>
      <trkpt lat="36.14446925930678844451904296875" lon="-115.3383355401456356048583984375">
        <ele>924.79998779296875</ele>
        <time>2026-08-07T14:56:10.000Z</time>
        <extensions>
          <ns3:TrackPointExtension>
            <ns3:hr>129</ns3:hr>
          </ns3:TrackPointExtension>
        </extensions>
      </trkpt>
      <trkpt lat="36.14449851214885711669921875" lon="-115.338321626186370849609375">
        <ele>924.79998779296875</ele>
        <time>2026-08-07T14:56:15.000Z</time>
        <extensions>
          <ns3:TrackPointExtension>
            <ns3:hr>126</ns3:hr>
          </ns3:TrackPointExtension>
        </extensions>
      </trkpt>
      <trkpt lat="36.1445016972720623016357421875" lon="-115.33831936307251453399658203125">
        <ele>924.79998779296875</ele>
        <time>2026-08-07T14:56:16.000Z</time>
        <extensions>
          <ns3:TrackPointExtension>
            <ns3:hr>124</ns3:hr>
          </ns3:TrackPointExtension>
        </extensions>
      </trkpt>
      <trkpt lat="36.1445392481982707977294921875" lon="-115.33828499726951122283935546875">
        <ele>922.4000244140625</ele>
        <time>2026-08-07T14:57:23.000Z</time>
        <extensions>
          <ns3:TrackPointExtension>
            <ns3:hr>112</ns3:hr>
          </ns3:TrackPointExtension>
        </extensions>
      </trkpt>
      <trkpt lat="36.14455659873783588409423828125" lon="-115.33827074803411960601806640625">
        <ele>922.4000244140625</ele>
        <time>2026-08-07T14:57:24.000Z</time>
        <extensions>
          <ns3:TrackPointExtension>
            <ns3:hr>112</ns3:hr>
          </ns3:TrackPointExtension>
        </extensions>
      </trkpt>
      <trkpt lat="36.14458023570477962493896484375" lon="-115.33825499005615711212158203125">
        <ele>922.4000244140625</ele>
        <time>2026-08-07T14:57:25.000Z</time>
        <extensions>
          <ns3:TrackPointExtension>
            <ns3:hr>110</ns3:hr>
          </ns3:TrackPointExtension>
        </extensions>
      </trkpt>
      <trkpt lat="36.14472054876387119293212890625" lon="-115.3382396511733531951904296875">
        <ele>923</ele>
        <time>2026-08-07T14:57:29.000Z</time>
        <extensions>
          <ns3:TrackPointExtension>
            <ns3:hr>105</ns3:hr>
          </ns3:TrackPointExtension>
        </extensions>
      </trkpt>
      <trkpt lat="36.14489556290209293365478515625" lon="-115.338212661445140838623046875">
        <ele>923.20001220703125</ele>
        <time>2026-08-07T14:57:34.000Z</time>
        <extensions>
          <ns3:TrackPointExtension>
            <ns3:hr>103</ns3:hr>
          </ns3:TrackPointExtension>
        </extensions>
      </trkpt>
      <trkpt lat="36.1451400630176067352294921875" lon="-115.33820922486484050750732421875">
        <ele>923.4000244140625</ele>
        <time>2026-08-07T14:57:40.000Z</time>
        <extensions>
          <ns3:TrackPointExtension>
            <ns3:hr>103</ns3:hr>
          </ns3:TrackPointExtension>
        </extensions>
      </trkpt>
      <trkpt lat="36.14522865973412990570068359375" lon="-115.33819816075265407562255859375">
        <ele>923.4000244140625</ele>
        <time>2026-08-07T14:57:42.000Z</time>
        <extensions>
          <ns3:TrackPointExtension>
            <ns3:hr>104</ns3:hr>
          </ns3:TrackPointExtension>
        </extensions>
      </trkpt>
      <trkpt lat="36.14542328752577304840087890625" lon="-115.33816538751125335693359375">
        <ele>923</ele>
        <time>2026-08-07T14:57:46.000Z</time>
        <extensions>
          <ns3:TrackPointExtension>
            <ns3:hr>105</ns3:hr>
          </ns3:TrackPointExtension>
        </extensions>
      </trkpt>
      <trkpt lat="36.1455202661454677581787109375" lon="-115.33815591596066951751708984375">
        <ele>922.79998779296875</ele>
        <time>2026-08-07T14:57:48.000Z</time>
        <extensions>
          <ns3:TrackPointExtension>
            <ns3:hr>108</ns3:hr>
          </ns3:TrackPointExtension>
        </extensions>
      </trkpt>
      <trkpt lat="36.14561707712709903717041015625" lon="-115.33814535476267337799072265625">
        <ele>922.79998779296875</ele>
        <time>2026-08-07T14:57:50.000Z</time>
        <extensions>
          <ns3:TrackPointExtension>
            <ns3:hr>112</ns3:hr>
          </ns3:TrackPointExtension>
        </extensions>
      </trkpt>
      <trkpt lat="36.14580835215747356414794921875" lon="-115.33811300061643123626708984375">
        <ele>922.5999755859375</ele>
        <time>2026-08-07T14:57:54.000Z</time>
        <extensions>
          <ns3:TrackPointExtension>
            <ns3:hr>111</ns3:hr>
          </ns3:TrackPointExtension>
        </extensions>
      </trkpt>
      <trkpt lat="36.14605796523392200469970703125" lon="-115.3380636312067508697509765625">
        <ele>922.4000244140625</ele>
        <time>2026-08-07T14:57:59.000Z</time>
        <extensions>
          <ns3:TrackPointExtension>
            <ns3:hr>111</ns3:hr>
          </ns3:TrackPointExtension>
        </extensions>
      </trkpt>
      <trkpt lat="36.14620800130069255828857421875" lon="-115.33803437836468219757080078125">
        <ele>922.4000244140625</ele>
        <time>2026-08-07T14:58:02.000Z</time>
        <extensions>
          <ns3:TrackPointExtension>
            <ns3:hr>111</ns3:hr>
          </ns3:TrackPointExtension>
        </extensions>
      </trkpt>
      <trkpt lat="36.14653388969600200653076171875" lon="-115.33795357681810855865478515625">
        <ele>923.4000244140625</ele>
        <time>2026-08-07T14:58:09.000Z</time>
        <extensions>
          <ns3:TrackPointExtension>
            <ns3:hr>113</ns3:hr>
          </ns3:TrackPointExtension>
        </extensions>
      </trkpt>
      <trkpt lat="36.1465780623257160186767578125" lon="-115.337949134409427642822265625">
        <ele>923.4000244140625</ele>
        <time>2026-08-07T14:58:10.000Z</time>
        <extensions>
          <ns3:TrackPointExtension>
            <ns3:hr>114</ns3:hr>
          </ns3:TrackPointExtension>
        </extensions>
      </trkpt>
      <trkpt lat="36.1469991691410541534423828125" lon="-115.33789741806685924530029296875">
        <ele>923.5999755859375</ele>
        <time>2026-08-07T14:58:19.000Z</time>
        <extensions>
          <ns3:TrackPointExtension>
            <ns3:hr>113</ns3:hr>
          </ns3:TrackPointExtension>
        </extensions>
      </trkpt>
      <trkpt lat="36.14731843583285808563232421875" lon="-115.337815023958683013916015625">
        <ele>924.4000244140625</ele>
        <time>2026-08-07T14:58:26.000Z</time>
        <extensions>
          <ns3:TrackPointExtension>
            <ns3:hr>110</ns3:hr>
          </ns3:TrackPointExtension>
        </extensions>
      </trkpt>
      <trkpt lat="36.14736034534871578216552734375" lon="-115.33780354075133800506591796875">
        <ele>924.4000244140625</ele>
        <time>2026-08-07T14:58:27.000Z</time>
        <extensions>
          <ns3:TrackPointExtension>
            <ns3:hr>110</ns3:hr>
          </ns3:TrackPointExtension>
        </extensions>
      </trkpt>
      <trkpt lat="36.147403679788112640380859375" lon="-115.33779281191527843475341796875">
        <ele>924.79998779296875</ele>
        <time>2026-08-07T14:58:28.000Z</time>
        <extensions>
          <ns3:TrackPointExtension>
            <ns3:hr>110</ns3:hr>
          </ns3:TrackPointExtension>
        </extensions>
      </trkpt>
      <trkpt lat="36.1475716531276702880859375" lon="-115.3377635590732097625732421875">
        <ele>925.5999755859375</ele>
        <time>2026-08-07T14:58:32.000Z</time>
        <extensions>
          <ns3:TrackPointExtension>
            <ns3:hr>110</ns3:hr>
          </ns3:TrackPointExtension>
        </extensions>
      </trkpt>
      <trkpt lat="36.1477379500865936279296875" lon="-115.3377394191920757293701171875">
        <ele>926</ele>
        <time>2026-08-07T14:58:36.000Z</time>
        <extensions>
          <ns3:TrackPointExtension>
            <ns3:hr>110</ns3:hr>
          </ns3:TrackPointExtension>
        </extensions>
      </trkpt>
      <trkpt lat="36.14786158315837383270263671875" lon="-115.3377283550798892974853515625">
        <ele>926.5999755859375</ele>
        <time>2026-08-07T14:58:39.000Z</time>
        <extensions>
          <ns3:TrackPointExtension>
            <ns3:hr>111</ns3:hr>
          </ns3:TrackPointExtension>
        </extensions>
      </trkpt>
      <trkpt lat="36.1480616591870784759521484375" lon="-115.33769440837204456329345703125">
        <ele>927.5999755859375</ele>
        <time>2026-08-07T14:58:44.000Z</time>
        <extensions>
          <ns3:TrackPointExtension>
            <ns3:hr>113</ns3:hr>
          </ns3:TrackPointExtension>
        </extensions>
      </trkpt>
      <trkpt lat="36.14810147322714328765869140625" lon="-115.3376887924969196319580078125">
        <ele>927.79998779296875</ele>
        <time>2026-08-07T14:58:45.000Z</time>
        <extensions>
          <ns3:TrackPointExtension>
            <ns3:hr>114</ns3:hr>
          </ns3:TrackPointExtension>
        </extensions>
      </trkpt>
      <trkpt lat="36.1482182331383228302001953125" lon="-115.3376723639667034149169921875">
        <ele>928.4000244140625</ele>
        <time>2026-08-07T14:58:48.000Z</time>
        <extensions>
          <ns3:TrackPointExtension>
            <ns3:hr>118</ns3:hr>
          </ns3:TrackPointExtension>
        </extensions>
      </trkpt>
      <trkpt lat="36.14825955592095851898193359375" lon="-115.337664149701595306396484375">
        <ele>928.5999755859375</ele>
        <time>2026-08-07T14:58:49.000Z</time>
        <extensions>
          <ns3:TrackPointExtension>
            <ns3:hr>121</ns3:hr>
          </ns3:TrackPointExtension>
        </extensions>
      </trkpt>
      <trkpt lat="36.14830247126519680023193359375" lon="-115.3376602940261363983154296875">
        <ele>928.5999755859375</ele>
        <time>2026-08-07T14:58:50.000Z</time>
        <extensions>
          <ns3:TrackPointExtension>
            <ns3:hr>129</ns3:hr>
          </ns3:TrackPointExtension>
        </extensions>
      </trkpt>
      <trkpt lat="36.14838813431560993194580078125" lon="-115.33765434287488460540771484375">
        <ele>929</ele>
        <time>2026-08-07T14:58:52.000Z</time>
        <extensions>
          <ns3:TrackPointExtension>
            <ns3:hr>133</ns3:hr>
          </ns3:TrackPointExtension>
        </extensions>
      </trkpt>
      <trkpt lat="36.14850682206451892852783203125" lon="-115.3376334719359874725341796875">
        <ele>929.79998779296875</ele>
        <time>2026-08-07T14:58:55.000Z</time>
        <extensions>
          <ns3:TrackPointExtension>
            <ns3:hr>135</ns3:hr>
          </ns3:TrackPointExtension>
        </extensions>
      </trkpt>
      <trkpt lat="36.1486658267676830291748046875" lon="-115.3376069851219654083251953125">
        <ele>930.5999755859375</ele>
        <time>2026-08-07T14:58:59.000Z</time>
        <extensions>
          <ns3:TrackPointExtension>
            <ns3:hr>138</ns3:hr>
          </ns3:TrackPointExtension>
        </extensions>
      </trkpt>
      <trkpt lat="36.148703880608081817626953125" lon="-115.33759969286620616912841796875">
        <ele>930.79998779296875</ele>
        <time>2026-08-07T14:59:00.000Z</time>
        <extensions>
          <ns3:TrackPointExtension>
            <ns3:hr>139</ns3:hr>
          </ns3:TrackPointExtension>
        </extensions>
      </trkpt>
      <trkpt lat="36.1487405933439731597900390625" lon="-115.3375932388007640838623046875">
        <ele>930.79998779296875</ele>
        <time>2026-08-07T14:59:01.000Z</time>
        <extensions>
          <ns3:TrackPointExtension>
            <ns3:hr>139</ns3:hr>
          </ns3:TrackPointExtension>
        </extensions>
      </trkpt>
      <trkpt lat="36.14884980954229831695556640625" lon="-115.33757823519408702850341796875">
        <ele>931.4000244140625</ele>
        <time>2026-08-07T14:59:04.000Z</time>
        <extensions>
          <ns3:TrackPointExtension>
            <ns3:hr>142</ns3:hr>
          </ns3:TrackPointExtension>
        </extensions>
      </trkpt>
      <trkpt lat="36.149004958570003509521484375" lon="-115.3375550173223018646240234375">
        <ele>931.79998779296875</ele>
        <time>2026-08-07T14:59:08.000Z</time>
        <extensions>
          <ns3:TrackPointExtension>
            <ns3:hr>145</ns3:hr>
          </ns3:TrackPointExtension>
        </extensions>
      </trkpt>
      <trkpt lat="36.14904158748686313629150390625" lon="-115.33755107782781124114990234375">
        <ele>932</ele>
        <time>2026-08-07T14:59:09.000Z</time>
        <extensions>
          <ns3:TrackPointExtension>
            <ns3:hr>145</ns3:hr>
          </ns3:TrackPointExtension>
        </extensions>
      </trkpt>
      <trkpt lat="36.14929220639169216156005859375" lon="-115.3375692665576934814453125">
        <ele>932.79998779296875</ele>
        <time>2026-08-07T14:59:16.000Z</time>
        <extensions>
          <ns3:TrackPointExtension>
            <ns3:hr>144</ns3:hr>
          </ns3:TrackPointExtension>
        </extensions>
      </trkpt>
      <trkpt lat="36.1493263207376003265380859375" lon="-115.33757152967154979705810546875">
        <ele>933</ele>
        <time>2026-08-07T14:59:17.000Z</time>
        <extensions>
          <ns3:TrackPointExtension>
            <ns3:hr>144</ns3:hr>
          </ns3:TrackPointExtension>
        </extensions>
      </trkpt>
      <trkpt lat="36.14960753358900547027587890625" lon="-115.33759365789592266082763671875">
        <ele>933.79998779296875</ele>
        <time>2026-08-07T14:59:25.000Z</time>
        <extensions>
          <ns3:TrackPointExtension>
            <ns3:hr>144</ns3:hr>
          </ns3:TrackPointExtension>
        </extensions>
      </trkpt>
      <trkpt lat="36.1496830545365810394287109375" lon="-115.3375960886478424072265625">
        <ele>934</ele>
        <time>2026-08-07T14:59:27.000Z</time>
        <extensions>
          <ns3:TrackPointExtension>
            <ns3:hr>143</ns3:hr>
          </ns3:TrackPointExtension>
        </extensions>
      </trkpt>
      <trkpt lat="36.14980283193290233612060546875" lon="-115.33758879639208316802978515625">
        <ele>934.20001220703125</ele>
        <time>2026-08-07T14:59:30.000Z</time>
        <extensions>
          <ns3:TrackPointExtension>
            <ns3:hr>140</ns3:hr>
          </ns3:TrackPointExtension>
        </extensions>
      </trkpt>
      <trkpt lat="36.14992327988147735595703125" lon="-115.33759005367755889892578125">
        <ele>934.20001220703125</ele>
        <time>2026-08-07T14:59:33.000Z</time>
        <extensions>
          <ns3:TrackPointExtension>
            <ns3:hr>140</ns3:hr>
          </ns3:TrackPointExtension>
        </extensions>
      </trkpt>
      <trkpt lat="36.150344051420688629150390625" lon="-115.3375888802111148834228515625">
        <ele>934.4000244140625</ele>
        <time>2026-08-07T14:59:43.000Z</time>
        <extensions>
          <ns3:TrackPointExtension>
            <ns3:hr>141</ns3:hr>
          </ns3:TrackPointExtension>
        </extensions>
      </trkpt>
      <trkpt lat="36.15062794648110866546630859375" lon="-115.33758242614567279815673828125">
        <ele>934.20001220703125</ele>
        <time>2026-08-07T14:59:50.000Z</time>
        <extensions>
          <ns3:TrackPointExtension>
            <ns3:hr>142</ns3:hr>
          </ns3:TrackPointExtension>
        </extensions>
      </trkpt>
      <trkpt lat="36.15096640773117542266845703125" lon="-115.33759969286620616912841796875">
        <ele>934.5999755859375</ele>
        <time>2026-08-07T14:59:58.000Z</time>
        <extensions>
          <ns3:TrackPointExtension>
            <ns3:hr>137</ns3:hr>
          </ns3:TrackPointExtension>
        </extensions>
      </trkpt>
      <trkpt lat="36.15100965835154056549072265625" lon="-115.3375989384949207305908203125">
        <ele>934.4000244140625</ele>
        <time>2026-08-07T14:59:59.000Z</time>
        <extensions>
          <ns3:TrackPointExtension>
            <ns3:hr>136</ns3:hr>
          </ns3:TrackPointExtension>
        </extensions>
      </trkpt>
      <trkpt lat="36.1513155139982700347900390625" lon="-115.33763288520276546478271484375">
        <ele>934</ele>
        <time>2026-08-07T15:00:06.000Z</time>
        <extensions>
          <ns3:TrackPointExtension>
            <ns3:hr>133</ns3:hr>
          </ns3:TrackPointExtension>
        </extensions>
      </trkpt>
      <trkpt lat="36.1513627879321575164794921875" lon="-115.33763405866920948028564453125">
        <ele>933.79998779296875</ele>
        <time>2026-08-07T15:00:07.000Z</time>
        <extensions>
          <ns3:TrackPointExtension>
            <ns3:hr>134</ns3:hr>
          </ns3:TrackPointExtension>
        </extensions>
      </trkpt>
      <trkpt lat="36.1515636183321475982666015625" lon="-115.33764529041945934295654296875">
        <ele>933.5999755859375</ele>
        <time>2026-08-07T15:00:11.000Z</time>
        <extensions>
          <ns3:TrackPointExtension>
            <ns3:hr>131</ns3:hr>
          </ns3:TrackPointExtension>
        </extensions>
      </trkpt>
      <trkpt lat="36.15161516703665256500244140625" lon="-115.33764679916203022003173828125">
        <ele>933.4000244140625</ele>
        <time>2026-08-07T15:00:12.000Z</time>
        <extensions>
          <ns3:TrackPointExtension>
            <ns3:hr>128</ns3:hr>
          </ns3:TrackPointExtension>
        </extensions>
      </trkpt>
      <trkpt lat="36.15166696719825267791748046875" lon="-115.33765266649425029754638671875">
        <ele>933.4000244140625</ele>
        <time>2026-08-07T15:00:13.000Z</time>
        <extensions>
          <ns3:TrackPointExtension>
            <ns3:hr>121</ns3:hr>
          </ns3:TrackPointExtension>
        </extensions>
      </trkpt>
      <trkpt lat="36.151719354093074798583984375" lon="-115.3376545943319797515869140625">
        <ele>933.20001220703125</ele>
        <time>2026-08-07T15:00:14.000Z</time>
        <extensions>
          <ns3:TrackPointExtension>
            <ns3:hr>116</ns3:hr>
          </ns3:TrackPointExtension>
        </extensions>
      </trkpt>
      <trkpt lat="36.1517741717398166656494140625" lon="-115.33765551634132862091064453125">
        <ele>933</ele>
        <time>2026-08-07T15:00:15.000Z</time>
        <extensions>
          <ns3:TrackPointExtension>
            <ns3:hr>116</ns3:hr>
          </ns3:TrackPointExtension>
        </extensions>
      </trkpt>
      <trkpt lat="36.15182940848171710968017578125" lon="-115.33765149302780628204345703125">
        <ele>932.79998779296875</ele>
        <time>2026-08-07T15:00:16.000Z</time>
        <extensions>
          <ns3:TrackPointExtension>
            <ns3:hr>115</ns3:hr>
          </ns3:TrackPointExtension>
        </extensions>
      </trkpt>
      <trkpt lat="36.15211958996951580047607421875" lon="-115.3376626409590244293212890625">
        <ele>931.79998779296875</ele>
        <time>2026-08-07T15:00:21.000Z</time>
        <extensions>
          <ns3:TrackPointExtension>
            <ns3:hr>115</ns3:hr>
          </ns3:TrackPointExtension>
        </extensions>
      </trkpt>
      <trkpt lat="36.15224339067935943603515625" lon="-115.3376747108995914459228515625">
        <ele>931</ele>
        <time>2026-08-07T15:00:23.000Z</time>
        <extensions>
          <ns3:TrackPointExtension>
            <ns3:hr>112</ns3:hr>
          </ns3:TrackPointExtension>
        </extensions>
      </trkpt>
      <trkpt lat="36.15230734460055828094482421875" lon="-115.33768367953598499298095703125">
        <ele>930.79998779296875</ele>
        <time>2026-08-07T15:00:24.000Z</time>
        <extensions>
          <ns3:TrackPointExtension>
            <ns3:hr>109</ns3:hr>
          </ns3:TrackPointExtension>
        </extensions>
      </trkpt>
      <trkpt lat="36.1523696221411228179931640625" lon="-115.33768887631595134735107421875">
        <ele>930.5999755859375</ele>
        <time>2026-08-07T15:00:25.000Z</time>
        <extensions>
          <ns3:TrackPointExtension>
            <ns3:hr>107</ns3:hr>
          </ns3:TrackPointExtension>
        </extensions>
      </trkpt>
      <trkpt lat="36.152495853602886199951171875" lon="-115.337694995105266571044921875">
        <ele>930.20001220703125</ele>
        <time>2026-08-07T15:00:27.000Z</time>
        <extensions>
          <ns3:TrackPointExtension>
            <ns3:hr>103</ns3:hr>
          </ns3:TrackPointExtension>
        </extensions>
      </trkpt>
      <trkpt lat="36.1527568660676479339599609375" lon="-115.3377236612141132354736328125">
        <ele>929.4000244140625</ele>
        <time>2026-08-07T15:00:31.000Z</time>
        <extensions>
          <ns3:TrackPointExtension>
            <ns3:hr>101</ns3:hr>
          </ns3:TrackPointExtension>
        </extensions>
      </trkpt>
      <trkpt lat="36.152884103357791900634765625" lon="-115.33773489296436309814453125">
        <ele>929.20001220703125</ele>
        <time>2026-08-07T15:00:33.000Z</time>
        <extensions>
          <ns3:TrackPointExtension>
            <ns3:hr>97</ns3:hr>
          </ns3:TrackPointExtension>
        </extensions>
      </trkpt>
      <trkpt lat="36.15294621326029300689697265625" lon="-115.33773849718272686004638671875">
        <ele>929.20001220703125</ele>
        <time>2026-08-07T15:00:34.000Z</time>
        <extensions>
          <ns3:TrackPointExtension>
            <ns3:hr>94</ns3:hr>
          </ns3:TrackPointExtension>
        </extensions>
      </trkpt>
      <trkpt lat="36.1530084908008575439453125" lon="-115.337742604315280914306640625">
        <ele>929.20001220703125</ele>
        <time>2026-08-07T15:00:35.000Z</time>
        <extensions>
          <ns3:TrackPointExtension>
            <ns3:hr>94</ns3:hr>
          </ns3:TrackPointExtension>
        </extensions>
      </trkpt>
      <trkpt lat="36.15324259735643863677978515625" lon="-115.33776464872062206268310546875">
        <ele>929</ele>
        <time>2026-08-07T15:00:39.000Z</time>
        <extensions>
          <ns3:TrackPointExtension>
            <ns3:hr>94</ns3:hr>
          </ns3:TrackPointExtension>
        </extensions>
      </trkpt>
      <trkpt lat="36.15339112468063831329345703125" lon="-115.33778124488890171051025390625">
        <ele>929.4000244140625</ele>
        <time>2026-08-07T15:00:43.000Z</time>
        <extensions>
          <ns3:TrackPointExtension>
            <ns3:hr>95</ns3:hr>
          </ns3:TrackPointExtension>
        </extensions>
      </trkpt>
      <trkpt lat="36.15352087654173374176025390625" lon="-115.33779080025851726531982421875">
        <ele>929.20001220703125</ele>
        <time>2026-08-07T15:00:49.000Z</time>
        <extensions>
          <ns3:TrackPointExtension>
            <ns3:hr>96</ns3:hr>
          </ns3:TrackPointExtension>
        </extensions>
      </trkpt>
      <trkpt lat="36.15354618988931179046630859375" lon="-115.3377913869917392730712890625">
        <ele>928.79998779296875</ele>
        <time>2026-08-07T15:00:53.000Z</time>
        <extensions>
          <ns3:TrackPointExtension>
            <ns3:hr>96</ns3:hr>
          </ns3:TrackPointExtension>
        </extensions>
      </trkpt>
      <trkpt lat="36.15357988514006137847900390625" lon="-115.337796919047832489013671875">
        <ele>928</ele>
        <time>2026-08-07T15:01:01.000Z</time>
        <extensions>
          <ns3:TrackPointExtension>
            <ns3:hr>97</ns3:hr>
          </ns3:TrackPointExtension>
        </extensions>
      </trkpt>
      <trkpt lat="36.1537063680589199066162109375" lon="-115.33777244389057159423828125">
        <ele>928</ele>
        <time>2026-08-07T15:01:06.000Z</time>
        <extensions>
          <ns3:TrackPointExtension>
            <ns3:hr>97</ns3:hr>
          </ns3:TrackPointExtension>
        </extensions>
      </trkpt>
      <trkpt lat="36.1538388021290302276611328125" lon="-115.33780119381844997406005859375">
        <ele>928.5999755859375</ele>
        <time>2026-08-07T15:01:12.000Z</time>
        <extensions>
          <ns3:TrackPointExtension>
            <ns3:hr>95</ns3:hr>
          </ns3:TrackPointExtension>
        </extensions>
      </trkpt>
      <trkpt lat="36.1540124751627445220947265625" lon="-115.3378141857683658599853515625">
        <ele>928.5999755859375</ele>
        <time>2026-08-07T15:01:18.000Z</time>
        <extensions>
          <ns3:TrackPointExtension>
            <ns3:hr>97</ns3:hr>
          </ns3:TrackPointExtension>
        </extensions>
      </trkpt>
      <trkpt lat="36.15402697585523128509521484375" lon="-115.33784561790525913238525390625">
        <ele>928.5999755859375</ele>
        <time>2026-08-07T15:01:19.000Z</time>
        <extensions>
          <ns3:TrackPointExtension>
            <ns3:hr>97</ns3:hr>
          </ns3:TrackPointExtension>
        </extensions>
      </trkpt>
      <trkpt lat="36.154019348323345184326171875" lon="-115.3378809057176113128662109375">
        <ele>928.4000244140625</ele>
        <time>2026-08-07T15:01:20.000Z</time>
        <extensions>
          <ns3:TrackPointExtension>
            <ns3:hr>97</ns3:hr>
          </ns3:TrackPointExtension>
        </extensions>
      </trkpt>
      <trkpt lat="36.15397970192134380340576171875" lon="-115.33793664537370204925537109375">
        <ele>928.5999755859375</ele>
        <time>2026-08-07T15:01:22.000Z</time>
        <extensions>
          <ns3:TrackPointExtension>
            <ns3:hr>98</ns3:hr>
          </ns3:TrackPointExtension>
        </extensions>
      </trkpt>
      <trkpt lat="36.15396042354404926300048828125" lon="-115.33803462982177734375">
        <ele>929.20001220703125</ele>
        <time>2026-08-07T15:01:25.000Z</time>
        <extensions>
          <ns3:TrackPointExtension>
            <ns3:hr>98</ns3:hr>
          </ns3:TrackPointExtension>
        </extensions>
      </trkpt>
      <trkpt lat="36.15396268665790557861328125" lon="-115.33806941471993923187255859375">
        <ele>929.4000244140625</ele>
        <time>2026-08-07T15:01:26.000Z</time>
        <extensions>
          <ns3:TrackPointExtension>
            <ns3:hr>98</ns3:hr>
          </ns3:TrackPointExtension>
        </extensions>
      </trkpt>
      <trkpt lat="36.15398087538778781890869140625" lon="-115.3382902778685092926025390625">
        <ele>930.20001220703125</ele>
        <time>2026-08-07T15:01:32.000Z</time>
        <extensions>
          <ns3:TrackPointExtension>
            <ns3:hr>99</ns3:hr>
          </ns3:TrackPointExtension>
        </extensions>
      </trkpt>
      <trkpt lat="36.15398137830197811126708984375" lon="-115.33832632005214691162109375">
        <ele>930.5999755859375</ele>
        <time>2026-08-07T15:01:33.000Z</time>
        <extensions>
          <ns3:TrackPointExtension>
            <ns3:hr>100</ns3:hr>
          </ns3:TrackPointExtension>
        </extensions>
      </trkpt>
      <trkpt lat="36.15398841910064220428466796875" lon="-115.33846537582576274871826171875">
        <ele>931.4000244140625</ele>
        <time>2026-08-07T15:01:37.000Z</time>
        <extensions>
          <ns3:TrackPointExtension>
            <ns3:hr>103</ns3:hr>
          </ns3:TrackPointExtension>
        </extensions>
      </trkpt>
      <trkpt lat="36.15398473106324672698974609375" lon="-115.33852614462375640869140625">
        <ele>931.5999755859375</ele>
        <time>2026-08-07T15:01:39.000Z</time>
        <extensions>
          <ns3:TrackPointExtension>
            <ns3:hr>103</ns3:hr>
          </ns3:TrackPointExtension>
        </extensions>
      </trkpt>
      <trkpt lat="36.154004596173763275146484375" lon="-115.3385772742331027984619140625">
        <ele>932</ele>
        <time>2026-08-07T15:01:41.000Z</time>
        <extensions>
          <ns3:TrackPointExtension>
            <ns3:hr>104</ns3:hr>
          </ns3:TrackPointExtension>
        </extensions>
      </trkpt>
      <trkpt lat="36.1540439911186695098876953125" lon="-115.338582135736942291259765625">
        <ele>932.4000244140625</ele>
        <time>2026-08-07T15:01:43.000Z</time>
        <extensions>
          <ns3:TrackPointExtension>
            <ns3:hr>105</ns3:hr>
          </ns3:TrackPointExtension>
        </extensions>
      </trkpt>
      <trkpt lat="36.1540651135146617889404296875" lon="-115.33857031725347042083740234375">
        <ele>932.5999755859375</ele>
        <time>2026-08-07T15:01:44.000Z</time>
        <extensions>
          <ns3:TrackPointExtension>
            <ns3:hr>105</ns3:hr>
          </ns3:TrackPointExtension>
        </extensions>
      </trkpt>
      <trkpt lat="36.15411917679011821746826171875" lon="-115.33847727812826633453369140625">
        <ele>933</ele>
        <time>2026-08-07T15:01:47.000Z</time>
        <extensions>
          <ns3:TrackPointExtension>
            <ns3:hr>106</ns3:hr>
          </ns3:TrackPointExtension>
        </extensions>
      </trkpt>
      <trkpt lat="36.15418606437742710113525390625" lon="-115.33824493177235126495361328125">
        <ele>933.5999755859375</ele>
        <time>2026-08-07T15:01:52.000Z</time>
        <extensions>
          <ns3:TrackPointExtension>
            <ns3:hr>107</ns3:hr>
          </ns3:TrackPointExtension>
        </extensions>
      </trkpt>
      <trkpt lat="36.154307015240192413330078125" lon="-115.33807461149990558624267578125">
        <ele>934.20001220703125</ele>
        <time>2026-08-07T15:01:57.000Z</time>
        <extensions>
          <ns3:TrackPointExtension>
            <ns3:hr>115</ns3:hr>
          </ns3:TrackPointExtension>
        </extensions>
      </trkpt>
      <trkpt lat="36.154343895614147186279296875" lon="-115.338056422770023345947265625">
        <ele>934.4000244140625</ele>
        <time>2026-08-07T15:01:58.000Z</time>
        <extensions>
          <ns3:TrackPointExtension>
            <ns3:hr>135</ns3:hr>
          </ns3:TrackPointExtension>
        </extensions>
      </trkpt>
      <trkpt lat="36.1543802730739116668701171875" lon="-115.338041670620441436767578125">
        <ele>934.79998779296875</ele>
        <time>2026-08-07T15:01:59.000Z</time>
        <extensions>
          <ns3:TrackPointExtension>
            <ns3:hr>138</ns3:hr>
          </ns3:TrackPointExtension>
        </extensions>
      </trkpt>
      <trkpt lat="36.15445629693567752838134765625" lon="-115.3380237333476543426513671875">
        <ele>935</ele>
        <time>2026-08-07T15:02:01.000Z</time>
        <extensions>
          <ns3:TrackPointExtension>
            <ns3:hr>141</ns3:hr>
          </ns3:TrackPointExtension>
        </extensions>
      </trkpt>
      <trkpt lat="36.15449401549994945526123046875" lon="-115.33801920711994171142578125">
        <ele>935</ele>
        <time>2026-08-07T15:02:02.000Z</time>
        <extensions>
          <ns3:TrackPointExtension>
            <ns3:hr>142</ns3:hr>
          </ns3:TrackPointExtension>
        </extensions>
      </trkpt>
      <trkpt lat="36.154643632471561431884765625" lon="-115.33801929093897342681884765625">
        <ele>935.5999755859375</ele>
        <time>2026-08-07T15:02:06.000Z</time>
        <extensions>
          <ns3:TrackPointExtension>
            <ns3:hr>145</ns3:hr>
          </ns3:TrackPointExtension>
        </extensions>
      </trkpt>
      <trkpt lat="36.1546795070171356201171875" lon="-115.33802297897636890411376953125">
        <ele>935.79998779296875</ele>
        <time>2026-08-07T15:02:07.000Z</time>
        <extensions>
          <ns3:TrackPointExtension>
            <ns3:hr>145</ns3:hr>
          </ns3:TrackPointExtension>
        </extensions>
      </trkpt>
      <trkpt lat="36.15479006431996822357177734375" lon="-115.338026583194732666015625">
        <ele>936</ele>
        <time>2026-08-07T15:02:10.000Z</time>
        <extensions>
          <ns3:TrackPointExtension>
            <ns3:hr>145</ns3:hr>
          </ns3:TrackPointExtension>
        </extensions>
      </trkpt>
      <trkpt lat="36.15509449504315853118896484375" lon="-115.3380413353443145751953125">
        <ele>936.5999755859375</ele>
        <time>2026-08-07T15:02:18.000Z</time>
        <extensions>
          <ns3:TrackPointExtension>
            <ns3:hr>146</ns3:hr>
          </ns3:TrackPointExtension>
        </extensions>
      </trkpt>
      <trkpt lat="36.15520815365016460418701171875" lon="-115.338045693933963775634765625">
        <ele>936.79998779296875</ele>
        <time>2026-08-07T15:02:21.000Z</time>
        <extensions>
          <ns3:TrackPointExtension>
            <ns3:hr>147</ns3:hr>
          </ns3:TrackPointExtension>
        </extensions>
      </trkpt>
      <trkpt lat="36.15534779615700244903564453125" lon="-115.33805499784648418426513671875">
        <ele>937.4000244140625</ele>
        <time>2026-08-07T15:02:25.000Z</time>
        <extensions>
          <ns3:TrackPointExtension>
            <ns3:hr>146</ns3:hr>
          </ns3:TrackPointExtension>
        </extensions>
      </trkpt>
      <trkpt lat="36.155445277690887451171875" lon="-115.33805918879806995391845703125">
        <ele>937.79998779296875</ele>
        <time>2026-08-07T15:02:28.000Z</time>
        <extensions>
          <ns3:TrackPointExtension>
            <ns3:hr>145</ns3:hr>
          </ns3:TrackPointExtension>
        </extensions>
      </trkpt>
      <trkpt lat="36.15557494573295116424560546875" lon="-115.3380565904080867767333984375">
        <ele>938.5999755859375</ele>
        <time>2026-08-07T15:02:32.000Z</time>
        <extensions>
          <ns3:TrackPointExtension>
            <ns3:hr>142</ns3:hr>
          </ns3:TrackPointExtension>
        </extensions>
      </trkpt>
      <trkpt lat="36.155717857182025909423828125" lon="-115.33806304447352886199951171875">
        <ele>939</ele>
        <time>2026-08-07T15:02:36.000Z</time>
        <extensions>
          <ns3:TrackPointExtension>
            <ns3:hr>142</ns3:hr>
          </ns3:TrackPointExtension>
        </extensions>
      </trkpt>
      <trkpt lat="36.15586831234395503997802734375" lon="-115.3380877710878849029541015625">
        <ele>939.5999755859375</ele>
        <time>2026-08-07T15:02:40.000Z</time>
        <extensions>
          <ns3:TrackPointExtension>
            <ns3:hr>143</ns3:hr>
          </ns3:TrackPointExtension>
        </extensions>
      </trkpt>
      <trkpt lat="36.15594190545380115509033203125" lon="-115.33810746856033802032470703125">
        <ele>940</ele>
        <time>2026-08-07T15:02:42.000Z</time>
        <extensions>
          <ns3:TrackPointExtension>
            <ns3:hr>143</ns3:hr>
          </ns3:TrackPointExtension>
        </extensions>
      </trkpt>
      <trkpt lat="36.15620828233659267425537109375" lon="-115.33818508498370647430419921875">
        <ele>940.4000244140625</ele>
        <time>2026-08-07T15:02:49.000Z</time>
        <extensions>
          <ns3:TrackPointExtension>
            <ns3:hr>145</ns3:hr>
          </ns3:TrackPointExtension>
        </extensions>
      </trkpt>
      <trkpt lat="36.156543307006359100341796875" lon="-115.3382550738751888275146484375">
        <ele>940.4000244140625</ele>
        <time>2026-08-07T15:02:57.000Z</time>
        <extensions>
          <ns3:TrackPointExtension>
            <ns3:hr>146</ns3:hr>
          </ns3:TrackPointExtension>
        </extensions>
      </trkpt>
      <trkpt lat="36.156802810728549957275390625" lon="-115.33831701613962650299072265625">
        <ele>940.79998779296875</ele>
        <time>2026-08-07T15:03:03.000Z</time>
        <extensions>
          <ns3:TrackPointExtension>
            <ns3:hr>149</ns3:hr>
          </ns3:TrackPointExtension>
        </extensions>
      </trkpt>
      <trkpt lat="36.15692711435258388519287109375" lon="-115.33834316767752170562744140625">
        <ele>940.5999755859375</ele>
        <time>2026-08-07T15:03:06.000Z</time>
        <extensions>
          <ns3:TrackPointExtension>
            <ns3:hr>148</ns3:hr>
          </ns3:TrackPointExtension>
        </extensions>
      </trkpt>
      <trkpt lat="36.15731519646942615509033203125" lon="-115.3384099714457988739013671875">
        <ele>940.20001220703125</ele>
        <time>2026-08-07T15:03:15.000Z</time>
        <extensions>
          <ns3:TrackPointExtension>
            <ns3:hr>146</ns3:hr>
          </ns3:TrackPointExtension>
        </extensions>
      </trkpt>
      <trkpt lat="36.15754553116858005523681640625" lon="-115.33846051432192325592041015625">
        <ele>941.20001220703125</ele>
        <time>2026-08-07T15:03:21.000Z</time>
        <extensions>
          <ns3:TrackPointExtension>
            <ns3:hr>145</ns3:hr>
          </ns3:TrackPointExtension>
        </extensions>
      </trkpt>
      <trkpt lat="36.15765784867107868194580078125" lon="-115.33848012797534465789794921875">
        <ele>941.4000244140625</ele>
        <time>2026-08-07T15:03:24.000Z</time>
        <extensions>
          <ns3:TrackPointExtension>
            <ns3:hr>138</ns3:hr>
          </ns3:TrackPointExtension>
        </extensions>
      </trkpt>
      <trkpt lat="36.15769472904503345489501953125" lon="-115.338486917316913604736328125">
        <ele>941.5999755859375</ele>
        <time>2026-08-07T15:03:25.000Z</time>
        <extensions>
          <ns3:TrackPointExtension>
            <ns3:hr>134</ns3:hr>
          </ns3:TrackPointExtension>
        </extensions>
      </trkpt>
      <trkpt lat="36.15776530466973781585693359375" lon="-115.3384959697723388671875">
        <ele>941.5999755859375</ele>
        <time>2026-08-07T15:03:27.000Z</time>
        <extensions>
          <ns3:TrackPointExtension>
            <ns3:hr>131</ns3:hr>
          </ns3:TrackPointExtension>
        </extensions>
      </trkpt>
      <trkpt lat="36.15804056636989116668701171875" lon="-115.33852790482342243194580078125">
        <ele>941.5999755859375</ele>
        <time>2026-08-07T15:03:34.000Z</time>
        <extensions>
          <ns3:TrackPointExtension>
            <ns3:hr>129</ns3:hr>
          </ns3:TrackPointExtension>
        </extensions>
      </trkpt>
      <trkpt lat="36.1583750881254673004150390625" lon="-115.33856545574963092803955078125">
        <ele>941.79998779296875</ele>
        <time>2026-08-07T15:03:42.000Z</time>
        <extensions>
          <ns3:TrackPointExtension>
            <ns3:hr>124</ns3:hr>
          </ns3:TrackPointExtension>
        </extensions>
      </trkpt>
      <trkpt lat="36.15840417332947254180908203125" lon="-115.33856964670121669769287109375">
        <ele>941.79998779296875</ele>
        <time>2026-08-07T15:03:43.000Z</time>
        <extensions>
          <ns3:TrackPointExtension>
            <ns3:hr>121</ns3:hr>
          </ns3:TrackPointExtension>
        </extensions>
      </trkpt>
      <trkpt lat="36.15845429711043834686279296875" lon="-115.33857367001473903656005859375">
        <ele>941.79998779296875</ele>
        <time>2026-08-07T15:03:45.000Z</time>
        <extensions>
          <ns3:TrackPointExtension>
            <ns3:hr>118</ns3:hr>
          </ns3:TrackPointExtension>
        </extensions>
      </trkpt>
      <trkpt lat="36.1585034988820552825927734375" lon="-115.33857174217700958251953125">
        <ele>941.79998779296875</ele>
        <time>2026-08-07T15:03:47.000Z</time>
        <extensions>
          <ns3:TrackPointExtension>
            <ns3:hr>117</ns3:hr>
          </ns3:TrackPointExtension>
        </extensions>
      </trkpt>
      <trkpt lat="36.15868278779089450836181640625" lon="-115.33856595866382122039794921875">
        <ele>941.79998779296875</ele>
        <time>2026-08-07T15:03:55.000Z</time>
        <extensions>
          <ns3:TrackPointExtension>
            <ns3:hr>116</ns3:hr>
          </ns3:TrackPointExtension>
        </extensions>
      </trkpt>
      <trkpt lat="36.15870407782495021820068359375" lon="-115.33856294117867946624755859375">
        <ele>941.4000244140625</ele>
        <time>2026-08-07T15:03:59.000Z</time>
        <extensions>
          <ns3:TrackPointExtension>
            <ns3:hr>117</ns3:hr>
          </ns3:TrackPointExtension>
        </extensions>
      </trkpt>
      <trkpt lat="36.15875084884464740753173828125" lon="-115.338560678064823150634765625">
        <ele>940.5999755859375</ele>
        <time>2026-08-07T15:05:36.000Z</time>
        <extensions>
          <ns3:TrackPointExtension>
            <ns3:hr>110</ns3:hr>
          </ns3:TrackPointExtension>
        </extensions>
      </trkpt>
      <trkpt lat="36.1587723903357982635498046875" lon="-115.338562019169330596923828125">
        <ele>940.5999755859375</ele>
        <time>2026-08-07T15:05:37.000Z</time>
        <extensions>
          <ns3:TrackPointExtension>
            <ns3:hr>108</ns3:hr>
          </ns3:TrackPointExtension>
        </extensions>
      </trkpt>
      <trkpt lat="36.1587966978549957275390625" lon="-115.33855833113193511962890625">
        <ele>940.79998779296875</ele>
        <time>2026-08-07T15:05:38.000Z</time>
        <extensions>
          <ns3:TrackPointExtension>
            <ns3:hr>105</ns3:hr>
          </ns3:TrackPointExtension>
        </extensions>
      </trkpt>
      <trkpt lat="36.15891882218420505523681640625" lon="-115.33856193535029888153076171875">
        <ele>940.79998779296875</ele>
        <time>2026-08-07T15:05:42.000Z</time>
        <extensions>
          <ns3:TrackPointExtension>
            <ns3:hr>102</ns3:hr>
          </ns3:TrackPointExtension>
        </extensions>
      </trkpt>
      <trkpt lat="36.158946566283702850341796875" lon="-115.3385616838932037353515625">
        <ele>941</ele>
        <time>2026-08-07T15:05:43.000Z</time>
        <extensions>
          <ns3:TrackPointExtension>
            <ns3:hr>101</ns3:hr>
          </ns3:TrackPointExtension>
        </extensions>
      </trkpt>
      <trkpt lat="36.15899853408336639404296875" lon="-115.33856092952191829681396484375">
        <ele>941.20001220703125</ele>
        <time>2026-08-07T15:05:45.000Z</time>
        <extensions>
          <ns3:TrackPointExtension>
            <ns3:hr>98</ns3:hr>
          </ns3:TrackPointExtension>
        </extensions>
      </trkpt>
      <trkpt lat="36.15911009721457958221435546875" lon="-115.338597558438777923583984375">
        <ele>941.4000244140625</ele>
        <time>2026-08-07T15:05:49.000Z</time>
        <extensions>
          <ns3:TrackPointExtension>
            <ns3:hr>98</ns3:hr>
          </ns3:TrackPointExtension>
        </extensions>
      </trkpt>
      <trkpt lat="36.1591556109488010406494140625" lon="-115.338724963366985321044921875">
        <ele>941.4000244140625</ele>
        <time>2026-08-07T15:05:52.000Z</time>
        <extensions>
          <ns3:TrackPointExtension>
            <ns3:hr>100</ns3:hr>
          </ns3:TrackPointExtension>
        </extensions>
      </trkpt>
      <trkpt lat="36.15916105918586254119873046875" lon="-115.3388632647693157196044921875">
        <ele>941.79998779296875</ele>
        <time>2026-08-07T15:05:55.000Z</time>
        <extensions>
          <ns3:TrackPointExtension>
            <ns3:hr>103</ns3:hr>
          </ns3:TrackPointExtension>
        </extensions>
      </trkpt>
      <trkpt lat="36.15916156210005283355712890625" lon="-115.3389380313456058502197265625">
        <ele>941.79998779296875</ele>
        <time>2026-08-07T15:05:57.000Z</time>
        <extensions>
          <ns3:TrackPointExtension>
            <ns3:hr>106</ns3:hr>
          </ns3:TrackPointExtension>
        </extensions>
      </trkpt>
      <trkpt lat="36.159162484109401702880859375" lon="-115.33901237882673740386962890625">
        <ele>942.20001220703125</ele>
        <time>2026-08-07T15:05:59.000Z</time>
        <extensions>
          <ns3:TrackPointExtension>
            <ns3:hr>106</ns3:hr>
          </ns3:TrackPointExtension>
        </extensions>
      </trkpt>
      <trkpt lat="36.15915812551975250244140625" lon="-115.3392733074724674224853515625">
        <ele>942.79998779296875</ele>
        <time>2026-08-07T15:06:05.000Z</time>
        <extensions>
          <ns3:TrackPointExtension>
            <ns3:hr>104</ns3:hr>
          </ns3:TrackPointExtension>
        </extensions>
      </trkpt>
      <trkpt lat="36.15915653295814990997314453125" lon="-115.339640937745571136474609375">
        <ele>943.20001220703125</ele>
        <time>2026-08-07T15:06:13.000Z</time>
        <extensions>
          <ns3:TrackPointExtension>
            <ns3:hr>105</ns3:hr>
          </ns3:TrackPointExtension>
        </extensions>
      </trkpt>
      <trkpt lat="36.1591569520533084869384765625" lon="-115.339687205851078033447265625">
        <ele>943.20001220703125</ele>
        <time>2026-08-07T15:06:14.000Z</time>
        <extensions>
          <ns3:TrackPointExtension>
            <ns3:hr>105</ns3:hr>
          </ns3:TrackPointExtension>
        </extensions>
      </trkpt>
      <trkpt lat="36.159156449139118194580078125" lon="-115.3399886190891265869140625">
        <ele>943.5999755859375</ele>
        <time>2026-08-07T15:06:20.000Z</time>
        <extensions>
          <ns3:TrackPointExtension>
            <ns3:hr>107</ns3:hr>
          </ns3:TrackPointExtension>
        </extensions>
      </trkpt>
      <trkpt lat="36.15915603004395961761474609375" lon="-115.34033101983368396759033203125">
        <ele>944.4000244140625</ele>
        <time>2026-08-07T15:06:27.000Z</time>
        <extensions>
          <ns3:TrackPointExtension>
            <ns3:hr>109</ns3:hr>
          </ns3:TrackPointExtension>
        </extensions>
      </trkpt>
      <trkpt lat="36.1591534316539764404296875" lon="-115.340426824986934661865234375">
        <ele>944.5999755859375</ele>
        <time>2026-08-07T15:06:29.000Z</time>
        <extensions>
          <ns3:TrackPointExtension>
            <ns3:hr>110</ns3:hr>
          </ns3:TrackPointExtension>
        </extensions>
      </trkpt>
      <trkpt lat="36.1591505818068981170654296875" lon="-115.3406650386750698089599609375">
        <ele>945</ele>
        <time>2026-08-07T15:06:34.000Z</time>
        <extensions>
          <ns3:TrackPointExtension>
            <ns3:hr>113</ns3:hr>
          </ns3:TrackPointExtension>
        </extensions>
      </trkpt>
      <trkpt lat="36.1591489054262638092041015625" lon="-115.3408051840960979461669921875">
        <ele>945.4000244140625</ele>
        <time>2026-08-07T15:06:37.000Z</time>
        <extensions>
          <ns3:TrackPointExtension>
            <ns3:hr>117</ns3:hr>
          </ns3:TrackPointExtension>
        </extensions>
      </trkpt>
      <trkpt lat="36.1591465584933757781982421875" lon="-115.34089763648808002471923828125">
        <ele>945.79998779296875</ele>
        <time>2026-08-07T15:06:39.000Z</time>
        <extensions>
          <ns3:TrackPointExtension>
            <ns3:hr>120</ns3:hr>
          </ns3:TrackPointExtension>
        </extensions>
      </trkpt>
      <trkpt lat="36.1591448821127414703369140625" lon="-115.34102940000593662261962890625">
        <ele>946.4000244140625</ele>
        <time>2026-08-07T15:06:42.000Z</time>
        <extensions>
          <ns3:TrackPointExtension>
            <ns3:hr>123</ns3:hr>
          </ns3:TrackPointExtension>
        </extensions>
      </trkpt>
      <trkpt lat="36.1591425351798534393310546875" lon="-115.3410720638930797576904296875">
        <ele>946.5999755859375</ele>
        <time>2026-08-07T15:06:43.000Z</time>
        <extensions>
          <ns3:TrackPointExtension>
            <ns3:hr>125</ns3:hr>
          </ns3:TrackPointExtension>
        </extensions>
      </trkpt>
      <trkpt lat="36.1591432057321071624755859375" lon="-115.3412514366209506988525390625">
        <ele>947</ele>
        <time>2026-08-07T15:06:47.000Z</time>
        <extensions>
          <ns3:TrackPointExtension>
            <ns3:hr>127</ns3:hr>
          </ns3:TrackPointExtension>
        </extensions>
      </trkpt>
      <trkpt lat="36.15914312191307544708251953125" lon="-115.341491661965847015380859375">
        <ele>947.5999755859375</ele>
        <time>2026-08-07T15:06:52.000Z</time>
        <extensions>
          <ns3:TrackPointExtension>
            <ns3:hr>129</ns3:hr>
          </ns3:TrackPointExtension>
        </extensions>
      </trkpt>
      <trkpt lat="36.159140355885028839111328125" lon="-115.34164798445999622344970703125">
        <ele>947.5999755859375</ele>
        <time>2026-08-07T15:06:55.000Z</time>
        <extensions>
          <ns3:TrackPointExtension>
            <ns3:hr>129</ns3:hr>
          </ns3:TrackPointExtension>
        </extensions>
      </trkpt>
      <trkpt lat="36.15914144553244113922119140625" lon="-115.34208032302558422088623046875">
        <ele>947.79998779296875</ele>
        <time>2026-08-07T15:07:03.000Z</time>
        <extensions>
          <ns3:TrackPointExtension>
            <ns3:hr>130</ns3:hr>
          </ns3:TrackPointExtension>
        </extensions>
      </trkpt>
      <trkpt lat="36.15914228372275829315185546875" lon="-115.3423980809748172760009765625">
        <ele>948.5999755859375</ele>
        <time>2026-08-07T15:07:09.000Z</time>
        <extensions>
          <ns3:TrackPointExtension>
            <ns3:hr>130</ns3:hr>
          </ns3:TrackPointExtension>
        </extensions>
      </trkpt>
      <trkpt lat="36.15914278663694858551025390625" lon="-115.3424490429461002349853515625">
        <ele>948.79998779296875</ele>
        <time>2026-08-07T15:07:10.000Z</time>
        <extensions>
          <ns3:TrackPointExtension>
            <ns3:hr>130</ns3:hr>
          </ns3:TrackPointExtension>
        </extensions>
      </trkpt>
      <trkpt lat="36.15914228372275829315185546875" lon="-115.34283637069165706634521484375">
        <ele>949.20001220703125</ele>
        <time>2026-08-07T15:07:18.000Z</time>
        <extensions>
          <ns3:TrackPointExtension>
            <ns3:hr>130</ns3:hr>
          </ns3:TrackPointExtension>
        </extensions>
      </trkpt>
      <trkpt lat="36.1591395176947116851806640625" lon="-115.3429908491671085357666015625">
        <ele>949.79998779296875</ele>
        <time>2026-08-07T15:07:22.000Z</time>
        <extensions>
          <ns3:TrackPointExtension>
            <ns3:hr>132</ns3:hr>
          </ns3:TrackPointExtension>
        </extensions>
      </trkpt>
      <trkpt lat="36.1591365002095699310302734375" lon="-115.34308061935007572174072265625">
        <ele>949.79998779296875</ele>
        <time>2026-08-07T15:07:24.000Z</time>
        <extensions>
          <ns3:TrackPointExtension>
            <ns3:hr>133</ns3:hr>
          </ns3:TrackPointExtension>
        </extensions>
      </trkpt>
      <trkpt lat="36.15913574583828449249267578125" lon="-115.3432174958288669586181640625">
        <ele>949.79998779296875</ele>
        <time>2026-08-07T15:07:27.000Z</time>
        <extensions>
          <ns3:TrackPointExtension>
            <ns3:hr>128</ns3:hr>
          </ns3:TrackPointExtension>
        </extensions>
      </trkpt>
      <trkpt lat="36.15913935005664825439453125" lon="-115.3434625826776027679443359375">
        <ele>950.4000244140625</ele>
        <time>2026-08-07T15:07:32.000Z</time>
        <extensions>
          <ns3:TrackPointExtension>
            <ns3:hr>128</ns3:hr>
          </ns3:TrackPointExtension>
        </extensions>
      </trkpt>
      <trkpt lat="36.15913423709571361541748046875" lon="-115.3436567075550556182861328125">
        <ele>950.79998779296875</ele>
        <time>2026-08-07T15:07:36.000Z</time>
        <extensions>
          <ns3:TrackPointExtension>
            <ns3:hr>129</ns3:hr>
          </ns3:TrackPointExtension>
        </extensions>
      </trkpt>
      <trkpt lat="36.15913356654345989227294921875" lon="-115.343848653137683868408203125">
        <ele>951.4000244140625</ele>
        <time>2026-08-07T15:07:40.000Z</time>
        <extensions>
          <ns3:TrackPointExtension>
            <ns3:hr>133</ns3:hr>
          </ns3:TrackPointExtension>
        </extensions>
      </trkpt>
      <trkpt lat="36.1591331474483013153076171875" lon="-115.34394613467156887054443359375">
        <ele>951.5999755859375</ele>
        <time>2026-08-07T15:07:42.000Z</time>
        <extensions>
          <ns3:TrackPointExtension>
            <ns3:hr>136</ns3:hr>
          </ns3:TrackPointExtension>
        </extensions>
      </trkpt>
      <trkpt lat="36.15913532674312591552734375" lon="-115.34404235891997814178466796875">
        <ele>951.79998779296875</ele>
        <time>2026-08-07T15:07:44.000Z</time>
        <extensions>
          <ns3:TrackPointExtension>
            <ns3:hr>136</ns3:hr>
          </ns3:TrackPointExtension>
        </extensions>
      </trkpt>
      <trkpt lat="36.1591365002095699310302734375" lon="-115.344292223453521728515625">
        <ele>952.5999755859375</ele>
        <time>2026-08-07T15:07:49.000Z</time>
        <extensions>
          <ns3:TrackPointExtension>
            <ns3:hr>137</ns3:hr>
          </ns3:TrackPointExtension>
        </extensions>
      </trkpt>
      <trkpt lat="36.15913691930472850799560546875" lon="-115.34434360451996326446533203125">
        <ele>952.79998779296875</ele>
        <time>2026-08-07T15:07:50.000Z</time>
        <extensions>
          <ns3:TrackPointExtension>
            <ns3:hr>137</ns3:hr>
          </ns3:TrackPointExtension>
        </extensions>
      </trkpt>
      <trkpt lat="36.15913306362926959991455078125" lon="-115.34456237219274044036865234375">
        <ele>953</ele>
        <time>2026-08-07T15:07:54.000Z</time>
        <extensions>
          <ns3:TrackPointExtension>
            <ns3:hr>140</ns3:hr>
          </ns3:TrackPointExtension>
        </extensions>
      </trkpt>
      <trkpt lat="36.1591318063437938690185546875" lon="-115.34476052038371562957763671875">
        <ele>953.5999755859375</ele>
        <time>2026-08-07T15:07:58.000Z</time>
        <extensions>
          <ns3:TrackPointExtension>
            <ns3:hr>141</ns3:hr>
          </ns3:TrackPointExtension>
        </extensions>
      </trkpt>
      <trkpt lat="36.1591308005154132843017578125" lon="-115.34491206519305706024169921875">
        <ele>953.79998779296875</ele>
        <time>2026-08-07T15:08:01.000Z</time>
        <extensions>
          <ns3:TrackPointExtension>
            <ns3:hr>142</ns3:hr>
          </ns3:TrackPointExtension>
        </extensions>
      </trkpt>
      <trkpt lat="36.15913725458085536956787109375" lon="-115.345105938613414764404296875">
        <ele>954.20001220703125</ele>
        <time>2026-08-07T15:08:05.000Z</time>
        <extensions>
          <ns3:TrackPointExtension>
            <ns3:hr>139</ns3:hr>
          </ns3:TrackPointExtension>
        </extensions>
      </trkpt>
      <trkpt lat="36.159137673676013946533203125" lon="-115.3451545536518096923828125">
        <ele>954.20001220703125</ele>
        <time>2026-08-07T15:08:06.000Z</time>
        <extensions>
          <ns3:TrackPointExtension>
            <ns3:hr>139</ns3:hr>
          </ns3:TrackPointExtension>
        </extensions>
      </trkpt>
      <trkpt lat="36.15913256071507930755615234375" lon="-115.34554422833025455474853515625">
        <ele>954.5999755859375</ele>
        <time>2026-08-07T15:08:14.000Z</time>
        <extensions>
          <ns3:TrackPointExtension>
            <ns3:hr>139</ns3:hr>
          </ns3:TrackPointExtension>
        </extensions>
      </trkpt>
      <trkpt lat="36.159134991466999053955078125" lon="-115.34564380533993244171142578125">
        <ele>955</ele>
        <time>2026-08-07T15:08:16.000Z</time>
        <extensions>
          <ns3:TrackPointExtension>
            <ns3:hr>140</ns3:hr>
          </ns3:TrackPointExtension>
        </extensions>
      </trkpt>
      <trkpt lat="36.15913742221891880035400390625" lon="-115.34590423107147216796875">
        <ele>955.79998779296875</ele>
        <time>2026-08-07T15:08:22.000Z</time>
        <extensions>
          <ns3:TrackPointExtension>
            <ns3:hr>139</ns3:hr>
          </ns3:TrackPointExtension>
        </extensions>
      </trkpt>
      <trkpt lat="36.159138344228267669677734375" lon="-115.3459429554641246795654296875">
        <ele>956</ele>
        <time>2026-08-07T15:08:23.000Z</time>
        <extensions>
          <ns3:TrackPointExtension>
            <ns3:hr>140</ns3:hr>
          </ns3:TrackPointExtension>
        </extensions>
      </trkpt>
      <trkpt lat="36.15913641639053821563720703125" lon="-115.34629507921636104583740234375">
        <ele>956.79998779296875</ele>
        <time>2026-08-07T15:08:31.000Z</time>
        <extensions>
          <ns3:TrackPointExtension>
            <ns3:hr>140</ns3:hr>
          </ns3:TrackPointExtension>
        </extensions>
      </trkpt>
      <trkpt lat="36.1591351591050624847412109375" lon="-115.3464294411242008209228515625">
        <ele>957</ele>
        <time>2026-08-07T15:08:34.000Z</time>
        <extensions>
          <ns3:TrackPointExtension>
            <ns3:hr>141</ns3:hr>
          </ns3:TrackPointExtension>
        </extensions>
      </trkpt>
      <trkpt lat="36.15913490764796733856201171875" lon="-115.346711240708827972412109375">
        <ele>957.5999755859375</ele>
        <time>2026-08-07T15:08:40.000Z</time>
        <extensions>
          <ns3:TrackPointExtension>
            <ns3:hr>141</ns3:hr>
          </ns3:TrackPointExtension>
        </extensions>
      </trkpt>
      <trkpt lat="36.1591338180005550384521484375" lon="-115.34689991734921932220458984375">
        <ele>958</ele>
        <time>2026-08-07T15:08:44.000Z</time>
        <extensions>
          <ns3:TrackPointExtension>
            <ns3:hr>139</ns3:hr>
          </ns3:TrackPointExtension>
        </extensions>
      </trkpt>
      <trkpt lat="36.15913474000990390777587890625" lon="-115.34730912186205387115478515625">
        <ele>958.5999755859375</ele>
        <time>2026-08-07T15:08:52.000Z</time>
        <extensions>
          <ns3:TrackPointExtension>
            <ns3:hr>139</ns3:hr>
          </ns3:TrackPointExtension>
        </extensions>
      </trkpt>
      <trkpt lat="36.15913205780088901519775390625" lon="-115.3477179072797298431396484375">
        <ele>959</ele>
        <time>2026-08-07T15:09:00.000Z</time>
        <extensions>
          <ns3:TrackPointExtension>
            <ns3:hr>140</ns3:hr>
          </ns3:TrackPointExtension>
        </extensions>
      </trkpt>
      <trkpt lat="36.15913071669638156890869140625" lon="-115.34776593558490276336669921875">
        <ele>959</ele>
        <time>2026-08-07T15:09:01.000Z</time>
        <extensions>
          <ns3:TrackPointExtension>
            <ns3:hr>139</ns3:hr>
          </ns3:TrackPointExtension>
        </extensions>
      </trkpt>
      <trkpt lat="36.15912987850606441497802734375" lon="-115.348117053508758544921875">
        <ele>959.4000244140625</ele>
        <time>2026-08-07T15:09:08.000Z</time>
        <extensions>
          <ns3:TrackPointExtension>
            <ns3:hr>139</ns3:hr>
          </ns3:TrackPointExtension>
        </extensions>
      </trkpt>
      <trkpt lat="36.15912803448736667633056640625" lon="-115.3485185466706752777099609375">
        <ele>959.79998779296875</ele>
        <time>2026-08-07T15:09:16.000Z</time>
        <extensions>
          <ns3:TrackPointExtension>
            <ns3:hr>140</ns3:hr>
          </ns3:TrackPointExtension>
        </extensions>
      </trkpt>
      <trkpt lat="36.1591348238289356231689453125" lon="-115.3489698283374309539794921875">
        <ele>960.20001220703125</ele>
        <time>2026-08-07T15:09:25.000Z</time>
        <extensions>
          <ns3:TrackPointExtension>
            <ns3:hr>137</ns3:hr>
          </ns3:TrackPointExtension>
        </extensions>
      </trkpt>
      <trkpt lat="36.15913608111441135406494140625" lon="-115.34902028739452362060546875">
        <ele>960.20001220703125</ele>
        <time>2026-08-07T15:09:26.000Z</time>
        <extensions>
          <ns3:TrackPointExtension>
            <ns3:hr>133</ns3:hr>
          </ns3:TrackPointExtension>
        </extensions>
      </trkpt>
      <trkpt lat="36.1591328121721744537353515625" lon="-115.349374003708362579345703125">
        <ele>960.4000244140625</ele>
        <time>2026-08-07T15:09:33.000Z</time>
        <extensions>
          <ns3:TrackPointExtension>
            <ns3:hr>136</ns3:hr>
          </ns3:TrackPointExtension>
        </extensions>
      </trkpt>
      <trkpt lat="36.15913021378219127655029296875" lon="-115.34996216185390949249267578125">
        <ele>961.20001220703125</ele>
        <time>2026-08-07T15:09:44.000Z</time>
        <extensions>
          <ns3:TrackPointExtension>
            <ns3:hr>135</ns3:hr>
          </ns3:TrackPointExtension>
        </extensions>
      </trkpt>
      <trkpt lat="36.1591311357915401458740234375" lon="-115.3500138781964778900146484375">
        <ele>961.20001220703125</ele>
        <time>2026-08-07T15:09:45.000Z</time>
        <extensions>
          <ns3:TrackPointExtension>
            <ns3:hr>136</ns3:hr>
          </ns3:TrackPointExtension>
        </extensions>
      </trkpt>
      <trkpt lat="36.1591338180005550384521484375" lon="-115.35036005079746246337890625">
        <ele>962</ele>
        <time>2026-08-07T15:09:52.000Z</time>
        <extensions>
          <ns3:TrackPointExtension>
            <ns3:hr>134</ns3:hr>
          </ns3:TrackPointExtension>
        </extensions>
      </trkpt>
      <trkpt lat="36.159130968153476715087890625" lon="-115.35046038217842578887939453125">
        <ele>962.4000244140625</ele>
        <time>2026-08-07T15:09:54.000Z</time>
        <extensions>
          <ns3:TrackPointExtension>
            <ns3:hr>135</ns3:hr>
          </ns3:TrackPointExtension>
        </extensions>
      </trkpt>
      <trkpt lat="36.15911546163260936737060546875" lon="-115.35075089894235134124755859375">
        <ele>962.79998779296875</ele>
        <time>2026-08-07T15:10:00.000Z</time>
        <extensions>
          <ns3:TrackPointExtension>
            <ns3:hr>137</ns3:hr>
          </ns3:TrackPointExtension>
        </extensions>
      </trkpt>
      <trkpt lat="36.1591033078730106353759765625" lon="-115.350937061011791229248046875">
        <ele>963.4000244140625</ele>
        <time>2026-08-07T15:10:04.000Z</time>
        <extensions>
          <ns3:TrackPointExtension>
            <ns3:hr>139</ns3:hr>
          </ns3:TrackPointExtension>
        </extensions>
      </trkpt>
      <trkpt lat="36.15910112857818603515625" lon="-115.3511689044535160064697265625">
        <ele>963.79998779296875</ele>
        <time>2026-08-07T15:10:09.000Z</time>
        <extensions>
          <ns3:TrackPointExtension>
            <ns3:hr>139</ns3:hr>
          </ns3:TrackPointExtension>
        </extensions>
      </trkpt>
      <trkpt lat="36.15910339169204235076904296875" lon="-115.35133075900375843048095703125">
        <ele>964.4000244140625</ele>
        <time>2026-08-07T15:10:13.000Z</time>
        <extensions>
          <ns3:TrackPointExtension>
            <ns3:hr>134</ns3:hr>
          </ns3:TrackPointExtension>
        </extensions>
      </trkpt>
      <trkpt lat="36.15909936837852001190185546875" lon="-115.35147853195667266845703125">
        <ele>964.79998779296875</ele>
        <time>2026-08-07T15:10:17.000Z</time>
        <extensions>
          <ns3:TrackPointExtension>
            <ns3:hr>131</ns3:hr>
          </ns3:TrackPointExtension>
        </extensions>
      </trkpt>
      <trkpt lat="36.1590944230556488037109375" lon="-115.35170861519873142242431640625">
        <ele>965.4000244140625</ele>
        <time>2026-08-07T15:10:24.000Z</time>
        <extensions>
          <ns3:TrackPointExtension>
            <ns3:hr>130</ns3:hr>
          </ns3:TrackPointExtension>
        </extensions>
      </trkpt>
      <trkpt lat="36.15909509360790252685546875" lon="-115.3517817892134189605712890625">
        <ele>965.5999755859375</ele>
        <time>2026-08-07T15:10:26.000Z</time>
        <extensions>
          <ns3:TrackPointExtension>
            <ns3:hr>130</ns3:hr>
          </ns3:TrackPointExtension>
        </extensions>
      </trkpt>
      <trkpt lat="36.159092076122760772705078125" lon="-115.35194280557334423065185546875">
        <ele>966.20001220703125</ele>
        <time>2026-08-07T15:10:31.000Z</time>
        <extensions>
          <ns3:TrackPointExtension>
            <ns3:hr>127</ns3:hr>
          </ns3:TrackPointExtension>
        </extensions>
      </trkpt>
      <trkpt lat="36.159092746675014495849609375" lon="-115.35197675228118896484375">
        <ele>966.20001220703125</ele>
        <time>2026-08-07T15:10:32.000Z</time>
        <extensions>
          <ns3:TrackPointExtension>
            <ns3:hr>126</ns3:hr>
          </ns3:TrackPointExtension>
        </extensions>
      </trkpt>
      <trkpt lat="36.1590929143130779266357421875" lon="-115.35213005729019641876220703125">
        <ele>966.5999755859375</ele>
        <time>2026-08-07T15:10:36.000Z</time>
        <extensions>
          <ns3:TrackPointExtension>
            <ns3:hr>123</ns3:hr>
          </ns3:TrackPointExtension>
        </extensions>
      </trkpt>
      <trkpt lat="36.15909509360790252685546875" lon="-115.35229601897299289703369140625">
        <ele>967.20001220703125</ele>
        <time>2026-08-07T15:10:40.000Z</time>
        <extensions>
          <ns3:TrackPointExtension>
            <ns3:hr>122</ns3:hr>
          </ns3:TrackPointExtension>
        </extensions>
      </trkpt>
      <trkpt lat="36.1591006256639957427978515625" lon="-115.3525160439312458038330078125">
        <ele>967.79998779296875</ele>
        <time>2026-08-07T15:10:45.000Z</time>
        <extensions>
          <ns3:TrackPointExtension>
            <ns3:hr>122</ns3:hr>
          </ns3:TrackPointExtension>
        </extensions>
      </trkpt>
      <trkpt lat="36.1590979434549808502197265625" lon="-115.3526444546878337860107421875">
        <ele>968</ele>
        <time>2026-08-07T15:10:48.000Z</time>
        <extensions>
          <ns3:TrackPointExtension>
            <ns3:hr>121</ns3:hr>
          </ns3:TrackPointExtension>
        </extensions>
      </trkpt>
      <trkpt lat="36.1590971052646636962890625" lon="-115.3529758751392364501953125">
        <ele>968.5999755859375</ele>
        <time>2026-08-07T15:10:56.000Z</time>
        <extensions>
          <ns3:TrackPointExtension>
            <ns3:hr>123</ns3:hr>
          </ns3:TrackPointExtension>
        </extensions>
      </trkpt>
      <trkpt lat="36.15909635089337825775146484375" lon="-115.35317712463438510894775390625">
        <ele>968.79998779296875</ele>
        <time>2026-08-07T15:11:01.000Z</time>
        <extensions>
          <ns3:TrackPointExtension>
            <ns3:hr>124</ns3:hr>
          </ns3:TrackPointExtension>
        </extensions>
      </trkpt>
      <trkpt lat="36.1590944230556488037109375" lon="-115.3532952256500720977783203125">
        <ele>969</ele>
        <time>2026-08-07T15:11:04.000Z</time>
        <extensions>
          <ns3:TrackPointExtension>
            <ns3:hr>124</ns3:hr>
          </ns3:TrackPointExtension>
        </extensions>
      </trkpt>
      <trkpt lat="36.1590949259698390960693359375" lon="-115.3536633588373661041259765625">
        <ele>969.79998779296875</ele>
        <time>2026-08-07T15:11:13.000Z</time>
        <extensions>
          <ns3:TrackPointExtension>
            <ns3:hr>125</ns3:hr>
          </ns3:TrackPointExtension>
        </extensions>
      </trkpt>
      <trkpt lat="36.1590909026563167572021484375" lon="-115.3539654426276683807373046875">
        <ele>970.5999755859375</ele>
        <time>2026-08-07T15:11:19.000Z</time>
        <extensions>
          <ns3:TrackPointExtension>
            <ns3:hr>124</ns3:hr>
          </ns3:TrackPointExtension>
        </extensions>
      </trkpt>
      <trkpt lat="36.159091405570507049560546875" lon="-115.35408354364335536956787109375">
        <ele>971</ele>
        <time>2026-08-07T15:11:21.000Z</time>
        <extensions>
          <ns3:TrackPointExtension>
            <ns3:hr>123</ns3:hr>
          </ns3:TrackPointExtension>
        </extensions>
      </trkpt>
      <trkpt lat="36.1590929143130779266357421875" lon="-115.35435578785836696624755859375">
        <ele>972</ele>
        <time>2026-08-07T15:11:26.000Z</time>
        <extensions>
          <ns3:TrackPointExtension>
            <ns3:hr>127</ns3:hr>
          </ns3:TrackPointExtension>
        </extensions>
      </trkpt>
      <trkpt lat="36.1590898968279361724853515625" lon="-115.35446475259959697723388671875">
        <ele>972.4000244140625</ele>
        <time>2026-08-07T15:11:28.000Z</time>
        <extensions>
          <ns3:TrackPointExtension>
            <ns3:hr>130</ns3:hr>
          </ns3:TrackPointExtension>
        </extensions>
      </trkpt>
      <trkpt lat="36.15908830426633358001708984375" lon="-115.35482886247336864471435546875">
        <ele>973</ele>
        <time>2026-08-07T15:11:35.000Z</time>
        <extensions>
          <ns3:TrackPointExtension>
            <ns3:hr>130</ns3:hr>
          </ns3:TrackPointExtension>
        </extensions>
      </trkpt>
      <trkpt lat="36.15908847190439701080322265625" lon="-115.3551379032433032989501953125">
        <ele>974.20001220703125</ele>
        <time>2026-08-07T15:11:41.000Z</time>
        <extensions>
          <ns3:TrackPointExtension>
            <ns3:hr>133</ns3:hr>
          </ns3:TrackPointExtension>
        </extensions>
      </trkpt>
      <trkpt lat="36.1590888909995555877685546875" lon="-115.3552404977381229400634765625">
        <ele>974.5999755859375</ele>
        <time>2026-08-07T15:11:43.000Z</time>
        <extensions>
          <ns3:TrackPointExtension>
            <ns3:hr>136</ns3:hr>
          </ns3:TrackPointExtension>
        </extensions>
      </trkpt>
      <trkpt lat="36.1590902321040630340576171875" lon="-115.355546437203884124755859375">
        <ele>975.20001220703125</ele>
        <time>2026-08-07T15:11:49.000Z</time>
        <extensions>
          <ns3:TrackPointExtension>
            <ns3:hr>139</ns3:hr>
          </ns3:TrackPointExtension>
        </extensions>
      </trkpt>
      <trkpt lat="36.1590882204473018646240234375" lon="-115.35574114881455898284912109375">
        <ele>975.79998779296875</ele>
        <time>2026-08-07T15:11:53.000Z</time>
        <extensions>
          <ns3:TrackPointExtension>
            <ns3:hr>141</ns3:hr>
          </ns3:TrackPointExtension>
        </extensions>
      </trkpt>
      <trkpt lat="36.159086041152477264404296875" lon="-115.35598875023424625396728515625">
        <ele>976.4000244140625</ele>
        <time>2026-08-07T15:11:58.000Z</time>
        <extensions>
          <ns3:TrackPointExtension>
            <ns3:hr>141</ns3:hr>
          </ns3:TrackPointExtension>
        </extensions>
      </trkpt>
      <trkpt lat="36.159090064465999603271484375" lon="-115.35627440549433231353759765625">
        <ele>976.79998779296875</ele>
        <time>2026-08-07T15:12:04.000Z</time>
        <extensions>
          <ns3:TrackPointExtension>
            <ns3:hr>144</ns3:hr>
          </ns3:TrackPointExtension>
        </extensions>
      </trkpt>
      <trkpt lat="36.15909417159855365753173828125" lon="-115.35660247318446636199951171875">
        <ele>977.4000244140625</ele>
        <time>2026-08-07T15:12:11.000Z</time>
        <extensions>
          <ns3:TrackPointExtension>
            <ns3:hr>143</ns3:hr>
          </ns3:TrackPointExtension>
        </extensions>
      </trkpt>
      <trkpt lat="36.15909039974212646484375" lon="-115.35683431662619113922119140625">
        <ele>978</ele>
        <time>2026-08-07T15:12:16.000Z</time>
        <extensions>
          <ns3:TrackPointExtension>
            <ns3:hr>143</ns3:hr>
          </ns3:TrackPointExtension>
        </extensions>
      </trkpt>
      <trkpt lat="36.15909199230372905731201171875" lon="-115.3570747934281826019287109375">
        <ele>978.4000244140625</ele>
        <time>2026-08-07T15:12:21.000Z</time>
        <extensions>
          <ns3:TrackPointExtension>
            <ns3:hr>144</ns3:hr>
          </ns3:TrackPointExtension>
        </extensions>
      </trkpt>
      <trkpt lat="36.15908528678119182586669921875" lon="-115.35721200518310070037841796875">
        <ele>978.79998779296875</ele>
        <time>2026-08-07T15:12:24.000Z</time>
        <extensions>
          <ns3:TrackPointExtension>
            <ns3:hr>144</ns3:hr>
          </ns3:TrackPointExtension>
        </extensions>
      </trkpt>
      <trkpt lat="36.1590593867003917694091796875" lon="-115.35752691328525543212890625">
        <ele>979.4000244140625</ele>
        <time>2026-08-07T15:12:31.000Z</time>
        <extensions>
          <ns3:TrackPointExtension>
            <ns3:hr>142</ns3:hr>
          </ns3:TrackPointExtension>
        </extensions>
      </trkpt>
      <trkpt lat="36.1590513400733470916748046875" lon="-115.357617773115634918212890625">
        <ele>979.5999755859375</ele>
        <time>2026-08-07T15:12:33.000Z</time>
        <extensions>
          <ns3:TrackPointExtension>
            <ns3:hr>137</ns3:hr>
          </ns3:TrackPointExtension>
        </extensions>
      </trkpt>
      <trkpt lat="36.1590466462075710296630859375" lon="-115.3576621972024440765380859375">
        <ele>979.5999755859375</ele>
        <time>2026-08-07T15:12:34.000Z</time>
        <extensions>
          <ns3:TrackPointExtension>
            <ns3:hr>137</ns3:hr>
          </ns3:TrackPointExtension>
        </extensions>
      </trkpt>
      <trkpt lat="36.15899610333144664764404296875" lon="-115.35802085883915424346923828125">
        <ele>980.4000244140625</ele>
        <time>2026-08-07T15:12:42.000Z</time>
        <extensions>
          <ns3:TrackPointExtension>
            <ns3:hr>138</ns3:hr>
          </ns3:TrackPointExtension>
        </extensions>
      </trkpt>
      <trkpt lat="36.158970706164836883544921875" lon="-115.35815446637570858001708984375">
        <ele>980.79998779296875</ele>
        <time>2026-08-07T15:12:45.000Z</time>
        <extensions>
          <ns3:TrackPointExtension>
            <ns3:hr>138</ns3:hr>
          </ns3:TrackPointExtension>
        </extensions>
      </trkpt>
      <trkpt lat="36.15887959487736225128173828125" lon="-115.35853601060807704925537109375">
        <ele>981.4000244140625</ele>
        <time>2026-08-07T15:12:53.000Z</time>
        <extensions>
          <ns3:TrackPointExtension>
            <ns3:hr>135</ns3:hr>
          </ns3:TrackPointExtension>
        </extensions>
      </trkpt>
      <trkpt lat="36.15886668674647808074951171875" lon="-115.35858278162777423858642578125">
        <ele>981.4000244140625</ele>
        <time>2026-08-07T15:12:54.000Z</time>
        <extensions>
          <ns3:TrackPointExtension>
            <ns3:hr>134</ns3:hr>
          </ns3:TrackPointExtension>
        </extensions>
      </trkpt>
      <trkpt lat="36.15882729180157184600830078125" lon="-115.35872745327651500701904296875">
        <ele>981.5999755859375</ele>
        <time>2026-08-07T15:12:57.000Z</time>
        <extensions>
          <ns3:TrackPointExtension>
            <ns3:hr>133</ns3:hr>
          </ns3:TrackPointExtension>
        </extensions>
      </trkpt>
      <trkpt lat="36.15875847637653350830078125" lon="-115.35895812325179576873779296875">
        <ele>981.79998779296875</ele>
        <time>2026-08-07T15:13:02.000Z</time>
        <extensions>
          <ns3:TrackPointExtension>
            <ns3:hr>133</ns3:hr>
          </ns3:TrackPointExtension>
        </extensions>
      </trkpt>
      <trkpt lat="36.1587066762149333953857421875" lon="-115.3590944968163967132568359375">
        <ele>981.5999755859375</ele>
        <time>2026-08-07T15:13:05.000Z</time>
        <extensions>
          <ns3:TrackPointExtension>
            <ns3:hr>129</ns3:hr>
          </ns3:TrackPointExtension>
        </extensions>
      </trkpt>
      <trkpt lat="36.15868999622762203216552734375" lon="-115.3591404296457767486572265625">
        <ele>981.4000244140625</ele>
        <time>2026-08-07T15:13:06.000Z</time>
        <extensions>
          <ns3:TrackPointExtension>
            <ns3:hr>122</ns3:hr>
          </ns3:TrackPointExtension>
        </extensions>
      </trkpt>
      <trkpt lat="36.15867205895483493804931640625" lon="-115.35918778739869594573974609375">
        <ele>981.4000244140625</ele>
        <time>2026-08-07T15:13:07.000Z</time>
        <extensions>
          <ns3:TrackPointExtension>
            <ns3:hr>119</ns3:hr>
          </ns3:TrackPointExtension>
        </extensions>
      </trkpt>
      <trkpt lat="36.158652864396572113037109375" lon="-115.3592366538941860198974609375">
        <ele>981.4000244140625</ele>
        <time>2026-08-07T15:13:08.000Z</time>
        <extensions>
          <ns3:TrackPointExtension>
            <ns3:hr>119</ns3:hr>
          </ns3:TrackPointExtension>
        </extensions>
      </trkpt>
      <trkpt lat="36.15859477780759334564208984375" lon="-115.35938811488449573516845703125">
        <ele>981.5999755859375</ele>
        <time>2026-08-07T15:13:11.000Z</time>
        <extensions>
          <ns3:TrackPointExtension>
            <ns3:hr>119</ns3:hr>
          </ns3:TrackPointExtension>
        </extensions>
      </trkpt>
      <trkpt lat="36.1583868227899074554443359375" lon="-115.35979312844574451446533203125">
        <ele>982</ele>
        <time>2026-08-07T15:13:19.000Z</time>
        <extensions>
          <ns3:TrackPointExtension>
            <ns3:hr>118</ns3:hr>
          </ns3:TrackPointExtension>
        </extensions>
      </trkpt>
      <trkpt lat="36.15813226439058780670166015625" lon="-115.3601757623255252838134765625">
        <ele>982</ele>
        <time>2026-08-07T15:13:27.000Z</time>
        <extensions>
          <ns3:TrackPointExtension>
            <ns3:hr>120</ns3:hr>
          </ns3:TrackPointExtension>
        </extensions>
      </trkpt>
      <trkpt lat="36.15787443704903125762939453125" lon="-115.3605455718934535980224609375">
        <ele>982.5999755859375</ele>
        <time>2026-08-07T15:13:35.000Z</time>
        <extensions>
          <ns3:TrackPointExtension>
            <ns3:hr>122</ns3:hr>
          </ns3:TrackPointExtension>
        </extensions>
      </trkpt>
      <trkpt lat="36.15779598243534564971923828125" lon="-115.36063182167708873748779296875">
        <ele>982.4000244140625</ele>
        <time>2026-08-07T15:13:39.000Z</time>
        <extensions>
          <ns3:TrackPointExtension>
            <ns3:hr>118</ns3:hr>
          </ns3:TrackPointExtension>
        </extensions>
      </trkpt>
      <trkpt lat="36.1577809788286685943603515625" lon="-115.3606508485972881317138671875">
        <ele>982.4000244140625</ele>
        <time>2026-08-07T15:13:40.000Z</time>
        <extensions>
          <ns3:TrackPointExtension>
            <ns3:hr>116</ns3:hr>
          </ns3:TrackPointExtension>
        </extensions>
      </trkpt>
      <trkpt lat="36.1577622033655643463134765625" lon="-115.36067373119294643402099609375">
        <ele>982.4000244140625</ele>
        <time>2026-08-07T15:13:42.000Z</time>
        <extensions>
          <ns3:TrackPointExtension>
            <ns3:hr>113</ns3:hr>
          </ns3:TrackPointExtension>
        </extensions>
      </trkpt>
      <trkpt lat="36.15775893442332744598388671875" lon="-115.3606810234487056732177734375">
        <ele>982.20001220703125</ele>
        <time>2026-08-07T15:13:44.000Z</time>
        <extensions>
          <ns3:TrackPointExtension>
            <ns3:hr>113</ns3:hr>
          </ns3:TrackPointExtension>
        </extensions>
      </trkpt>
      <trkpt lat="36.15770713426172733306884765625" lon="-115.3607179038226604461669921875">
        <ele>981.5999755859375</ele>
        <time>2026-08-07T15:13:59.000Z</time>
        <extensions>
          <ns3:TrackPointExtension>
            <ns3:hr>119</ns3:hr>
          </ns3:TrackPointExtension>
        </extensions>
      </trkpt>
      <trkpt lat="36.15768735297024250030517578125" lon="-115.3607410378754138946533203125">
        <ele>981.5999755859375</ele>
        <time>2026-08-07T15:14:00.000Z</time>
        <extensions>
          <ns3:TrackPointExtension>
            <ns3:hr>119</ns3:hr>
          </ns3:TrackPointExtension>
        </extensions>
      </trkpt>
      <trkpt lat="36.15756866522133350372314453125" lon="-115.36087925545871257781982421875">
        <ele>981.79998779296875</ele>
        <time>2026-08-07T15:14:04.000Z</time>
        <extensions>
          <ns3:TrackPointExtension>
            <ns3:hr>117</ns3:hr>
          </ns3:TrackPointExtension>
        </extensions>
      </trkpt>
      <trkpt lat="36.1573085747659206390380859375" lon="-115.3611661680042743682861328125">
        <ele>982.20001220703125</ele>
        <time>2026-08-07T15:14:11.000Z</time>
        <extensions>
          <ns3:TrackPointExtension>
            <ns3:hr>115</ns3:hr>
          </ns3:TrackPointExtension>
        </extensions>
      </trkpt>
      <trkpt lat="36.15691554732620716094970703125" lon="-115.3615906275808811187744140625">
        <ele>982.20001220703125</ele>
        <time>2026-08-07T15:14:21.000Z</time>
        <extensions>
          <ns3:TrackPointExtension>
            <ns3:hr>113</ns3:hr>
          </ns3:TrackPointExtension>
        </extensions>
      </trkpt>
      <trkpt lat="36.1565934307873249053955078125" lon="-115.3619503788650035858154296875">
        <ele>982.20001220703125</ele>
        <time>2026-08-07T15:14:29.000Z</time>
        <extensions>
          <ns3:TrackPointExtension>
            <ns3:hr>114</ns3:hr>
          </ns3:TrackPointExtension>
        </extensions>
      </trkpt>
      <trkpt lat="36.1564814485609531402587890625" lon="-115.36206998862326145172119140625">
        <ele>982.5999755859375</ele>
        <time>2026-08-07T15:14:32.000Z</time>
        <extensions>
          <ns3:TrackPointExtension>
            <ns3:hr>115</ns3:hr>
          </ns3:TrackPointExtension>
        </extensions>
      </trkpt>
      <trkpt lat="36.1562450788915157318115234375" lon="-115.36233435384929180145263671875">
        <ele>983</ele>
        <time>2026-08-07T15:14:38.000Z</time>
        <extensions>
          <ns3:TrackPointExtension>
            <ns3:hr>115</ns3:hr>
          </ns3:TrackPointExtension>
        </extensions>
      </trkpt>
      <trkpt lat="36.15611960180103778839111328125" lon="-115.36247667856514453887939453125">
        <ele>983.20001220703125</ele>
        <time>2026-08-07T15:14:41.000Z</time>
        <extensions>
          <ns3:TrackPointExtension>
            <ns3:hr>118</ns3:hr>
          </ns3:TrackPointExtension>
        </extensions>
      </trkpt>
      <trkpt lat="36.15586764179170131683349609375" lon="-115.36275613121688365936279296875">
        <ele>983.20001220703125</ele>
        <time>2026-08-07T15:14:47.000Z</time>
        <extensions>
          <ns3:TrackPointExtension>
            <ns3:hr>120</ns3:hr>
          </ns3:TrackPointExtension>
        </extensions>
      </trkpt>
      <trkpt lat="36.15570369176566600799560546875" lon="-115.36293650977313518524169921875">
        <ele>983.5999755859375</ele>
        <time>2026-08-07T15:14:51.000Z</time>
        <extensions>
          <ns3:TrackPointExtension>
            <ns3:hr>120</ns3:hr>
          </ns3:TrackPointExtension>
        </extensions>
      </trkpt>
      <trkpt lat="36.15543463267385959625244140625" lon="-115.36323457024991512298583984375">
        <ele>984.4000244140625</ele>
        <time>2026-08-07T15:14:58.000Z</time>
        <extensions>
          <ns3:TrackPointExtension>
            <ns3:hr>121</ns3:hr>
          </ns3:TrackPointExtension>
        </extensions>
      </trkpt>
      <trkpt lat="36.15527537651360034942626953125" lon="-115.36341729573905467987060546875">
        <ele>984.5999755859375</ele>
        <time>2026-08-07T15:15:02.000Z</time>
        <extensions>
          <ns3:TrackPointExtension>
            <ns3:hr>120</ns3:hr>
          </ns3:TrackPointExtension>
        </extensions>
      </trkpt>
      <trkpt lat="36.15499977953732013702392578125" lon="-115.36372457630932331085205078125">
        <ele>985</ele>
        <time>2026-08-07T15:15:09.000Z</time>
        <extensions>
          <ns3:TrackPointExtension>
            <ns3:hr>120</ns3:hr>
          </ns3:TrackPointExtension>
        </extensions>
      </trkpt>
      <trkpt lat="36.15484940819442272186279296875" lon="-115.36389338783919811248779296875">
        <ele>985.79998779296875</ele>
        <time>2026-08-07T15:15:13.000Z</time>
        <extensions>
          <ns3:TrackPointExtension>
            <ns3:hr>121</ns3:hr>
          </ns3:TrackPointExtension>
        </extensions>
      </trkpt>
      <trkpt lat="36.15481152199208736419677734375" lon="-115.36393596790730953216552734375">
        <ele>986</ele>
        <time>2026-08-07T15:15:14.000Z</time>
        <extensions>
          <ns3:TrackPointExtension>
            <ns3:hr>124</ns3:hr>
          </ns3:TrackPointExtension>
        </extensions>
      </trkpt>
      <trkpt lat="36.154693923890590667724609375" lon="-115.36406689323484897613525390625">
        <ele>986.4000244140625</ele>
        <time>2026-08-07T15:15:17.000Z</time>
        <extensions>
          <ns3:TrackPointExtension>
            <ns3:hr>127</ns3:hr>
          </ns3:TrackPointExtension>
        </extensions>
      </trkpt>
      <trkpt lat="36.15461672656238079071044921875" lon="-115.36415272392332553863525390625">
        <ele>986.5999755859375</ele>
        <time>2026-08-07T15:15:19.000Z</time>
        <extensions>
          <ns3:TrackPointExtension>
            <ns3:hr>129</ns3:hr>
          </ns3:TrackPointExtension>
        </extensions>
      </trkpt>
      <trkpt lat="36.15454061888158321380615234375" lon="-115.364237129688262939453125">
        <ele>987</ele>
        <time>2026-08-07T15:15:21.000Z</time>
        <extensions>
          <ns3:TrackPointExtension>
            <ns3:hr>129</ns3:hr>
          </ns3:TrackPointExtension>
        </extensions>
      </trkpt>
      <trkpt lat="36.1542662791907787322998046875" lon="-115.36454969085752964019775390625">
        <ele>988</ele>
        <time>2026-08-07T15:15:29.000Z</time>
        <extensions>
          <ns3:TrackPointExtension>
            <ns3:hr>130</ns3:hr>
          </ns3:TrackPointExtension>
        </extensions>
      </trkpt>
      <trkpt lat="36.15423115901648998260498046875" lon="-115.36459076218307018280029296875">
        <ele>988.20001220703125</ele>
        <time>2026-08-07T15:15:30.000Z</time>
        <extensions>
          <ns3:TrackPointExtension>
            <ns3:hr>130</ns3:hr>
          </ns3:TrackPointExtension>
        </extensions>
      </trkpt>
      <trkpt lat="36.15412940271198749542236328125" lon="-115.36471732892096042633056640625">
        <ele>988.4000244140625</ele>
        <time>2026-08-07T15:15:33.000Z</time>
        <extensions>
          <ns3:TrackPointExtension>
            <ns3:hr>134</ns3:hr>
          </ns3:TrackPointExtension>
        </extensions>
      </trkpt>
      <trkpt lat="36.15392924286425113677978515625" lon="-115.36497482098639011383056640625">
        <ele>989.20001220703125</ele>
        <time>2026-08-07T15:15:39.000Z</time>
        <extensions>
          <ns3:TrackPointExtension>
            <ns3:hr>133</ns3:hr>
          </ns3:TrackPointExtension>
        </extensions>
      </trkpt>
      <trkpt lat="36.153698824346065521240234375" lon="-115.36529417149722576141357421875">
        <ele>990</ele>
        <time>2026-08-07T15:15:46.000Z</time>
        <extensions>
          <ns3:TrackPointExtension>
            <ns3:hr>136</ns3:hr>
          </ns3:TrackPointExtension>
        </extensions>
      </trkpt>
      <trkpt lat="36.15366755984723567962646484375" lon="-115.36533775739371776580810546875">
        <ele>990.20001220703125</ele>
        <time>2026-08-07T15:15:47.000Z</time>
        <extensions>
          <ns3:TrackPointExtension>
            <ns3:hr>137</ns3:hr>
          </ns3:TrackPointExtension>
        </extensions>
      </trkpt>
      <trkpt lat="36.153637804090976715087890625" lon="-115.36538301967084407806396484375">
        <ele>990.20001220703125</ele>
        <time>2026-08-07T15:15:48.000Z</time>
        <extensions>
          <ns3:TrackPointExtension>
            <ns3:hr>138</ns3:hr>
          </ns3:TrackPointExtension>
        </extensions>
      </trkpt>
      <trkpt lat="36.15350914187729358673095703125" lon="-115.36557219922542572021484375">
        <ele>990.79998779296875</ele>
        <time>2026-08-07T15:15:52.000Z</time>
        <extensions>
          <ns3:TrackPointExtension>
            <ns3:hr>142</ns3:hr>
          </ns3:TrackPointExtension>
        </extensions>
      </trkpt>
      <trkpt lat="36.153446696698665618896484375" lon="-115.36567403934895992279052734375">
        <ele>991</ele>
        <time>2026-08-07T15:15:54.000Z</time>
        <extensions>
          <ns3:TrackPointExtension>
            <ns3:hr>145</ns3:hr>
          </ns3:TrackPointExtension>
        </extensions>
      </trkpt>
      <trkpt lat="36.15341694094240665435791015625" lon="-115.3657225705683231353759765625">
        <ele>991.20001220703125</ele>
        <time>2026-08-07T15:15:55.000Z</time>
        <extensions>
          <ns3:TrackPointExtension>
            <ns3:hr>145</ns3:hr>
          </ns3:TrackPointExtension>
        </extensions>
      </trkpt>
      <trkpt lat="36.15338911302387714385986328125" lon="-115.365771688520908355712890625">
        <ele>991.4000244140625</ele>
        <time>2026-08-07T15:15:56.000Z</time>
        <extensions>
          <ns3:TrackPointExtension>
            <ns3:hr>146</ns3:hr>
          </ns3:TrackPointExtension>
        </extensions>
      </trkpt>
      <trkpt lat="36.15318710915744304656982421875" lon="-115.36612079478800296783447265625">
        <ele>992.5999755859375</ele>
        <time>2026-08-07T15:16:03.000Z</time>
        <extensions>
          <ns3:TrackPointExtension>
            <ns3:hr>144</ns3:hr>
          </ns3:TrackPointExtension>
        </extensions>
      </trkpt>
      <trkpt lat="36.15313195623457431793212890625" lon="-115.36621333099901676177978515625">
        <ele>992.79998779296875</ele>
        <time>2026-08-07T15:16:05.000Z</time>
        <extensions>
          <ns3:TrackPointExtension>
            <ns3:hr>143</ns3:hr>
          </ns3:TrackPointExtension>
        </extensions>
      </trkpt>
      <trkpt lat="36.15300438366830348968505859375" lon="-115.36644567735493183135986328125">
        <ele>993.4000244140625</ele>
        <time>2026-08-07T15:16:10.000Z</time>
        <extensions>
          <ns3:TrackPointExtension>
            <ns3:hr>143</ns3:hr>
          </ns3:TrackPointExtension>
        </extensions>
      </trkpt>
      <trkpt lat="36.15297940559685230255126953125" lon="-115.3664893470704555511474609375">
        <ele>993.5999755859375</ele>
        <time>2026-08-07T15:16:11.000Z</time>
        <extensions>
          <ns3:TrackPointExtension>
            <ns3:hr>143</ns3:hr>
          </ns3:TrackPointExtension>
        </extensions>
      </trkpt>
      <trkpt lat="36.1528768949210643768310546875" lon="-115.36668070591986179351806640625">
        <ele>994</ele>
        <time>2026-08-07T15:16:15.000Z</time>
        <extensions>
          <ns3:TrackPointExtension>
            <ns3:hr>141</ns3:hr>
          </ns3:TrackPointExtension>
        </extensions>
      </trkpt>
      <trkpt lat="36.15273934789001941680908203125" lon="-115.36693434230983257293701171875">
        <ele>994.5999755859375</ele>
        <time>2026-08-07T15:16:21.000Z</time>
        <extensions>
          <ns3:TrackPointExtension>
            <ns3:hr>140</ns3:hr>
          </ns3:TrackPointExtension>
        </extensions>
      </trkpt>
      <trkpt lat="36.15271705202758312225341796875" lon="-115.36697407253086566925048828125">
        <ele>994.79998779296875</ele>
        <time>2026-08-07T15:16:22.000Z</time>
        <extensions>
          <ns3:TrackPointExtension>
            <ns3:hr>140</ns3:hr>
          </ns3:TrackPointExtension>
        </extensions>
      </trkpt>
      <trkpt lat="36.1524856276810169219970703125" lon="-115.36740272305905818939208984375">
        <ele>995.4000244140625</ele>
        <time>2026-08-07T15:16:32.000Z</time>
        <extensions>
          <ns3:TrackPointExtension>
            <ns3:hr>137</ns3:hr>
          </ns3:TrackPointExtension>
        </extensions>
      </trkpt>
      <trkpt lat="36.15241907536983489990234375" lon="-115.36752643994987010955810546875">
        <ele>995.79998779296875</ele>
        <time>2026-08-07T15:16:35.000Z</time>
        <extensions>
          <ns3:TrackPointExtension>
            <ns3:hr>136</ns3:hr>
          </ns3:TrackPointExtension>
        </extensions>
      </trkpt>
      <trkpt lat="36.15225722081959247589111328125" lon="-115.3678286075592041015625">
        <ele>996.5999755859375</ele>
        <time>2026-08-07T15:16:42.000Z</time>
        <extensions>
          <ns3:TrackPointExtension>
            <ns3:hr>137</ns3:hr>
          </ns3:TrackPointExtension>
        </extensions>
      </trkpt>
      <trkpt lat="36.15223425440490245819091796875" lon="-115.3678669966757297515869140625">
        <ele>996.79998779296875</ele>
        <time>2026-08-07T15:16:43.000Z</time>
        <extensions>
          <ns3:TrackPointExtension>
            <ns3:hr>138</ns3:hr>
          </ns3:TrackPointExtension>
        </extensions>
      </trkpt>
      <trkpt lat="36.15208136849105358123779296875" lon="-115.36813379265367984771728515625">
        <ele>997.4000244140625</ele>
        <time>2026-08-07T15:16:50.000Z</time>
        <extensions>
          <ns3:TrackPointExtension>
            <ns3:hr>134</ns3:hr>
          </ns3:TrackPointExtension>
        </extensions>
      </trkpt>
      <trkpt lat="36.1520226113498210906982421875" lon="-115.36824845708906650543212890625">
        <ele>997.79998779296875</ele>
        <time>2026-08-07T15:16:53.000Z</time>
        <extensions>
          <ns3:TrackPointExtension>
            <ns3:hr>134</ns3:hr>
          </ns3:TrackPointExtension>
        </extensions>
      </trkpt>
      <trkpt lat="36.15200324915349483489990234375" lon="-115.36829187534749507904052734375">
        <ele>997.79998779296875</ele>
        <time>2026-08-07T15:16:54.000Z</time>
        <extensions>
          <ns3:TrackPointExtension>
            <ns3:hr>135</ns3:hr>
          </ns3:TrackPointExtension>
        </extensions>
      </trkpt>
      <trkpt lat="36.1519381217658519744873046875" lon="-115.36841860972344875335693359375">
        <ele>998</ele>
        <time>2026-08-07T15:16:57.000Z</time>
        <extensions>
          <ns3:TrackPointExtension>
            <ns3:hr>139</ns3:hr>
          </ns3:TrackPointExtension>
        </extensions>
      </trkpt>
      <trkpt lat="36.15183242596685886383056640625" lon="-115.36861558444797992706298828125">
        <ele>998.4000244140625</ele>
        <time>2026-08-07T15:17:02.000Z</time>
        <extensions>
          <ns3:TrackPointExtension>
            <ns3:hr>138</ns3:hr>
          </ns3:TrackPointExtension>
        </extensions>
      </trkpt>
      <trkpt lat="36.151809208095073699951171875" lon="-115.36865481175482273101806640625">
        <ele>998.4000244140625</ele>
        <time>2026-08-07T15:17:03.000Z</time>
        <extensions>
          <ns3:TrackPointExtension>
            <ns3:hr>135</ns3:hr>
          </ns3:TrackPointExtension>
        </extensions>
      </trkpt>
      <trkpt lat="36.15178682841360569000244140625" lon="-115.36869437433779239654541015625">
        <ele>998.5999755859375</ele>
        <time>2026-08-07T15:17:04.000Z</time>
        <extensions>
          <ns3:TrackPointExtension>
            <ns3:hr>132</ns3:hr>
          </ns3:TrackPointExtension>
        </extensions>
      </trkpt>
      <trkpt lat="36.1517451703548431396484375" lon="-115.36877165548503398895263671875">
        <ele>998.79998779296875</ele>
        <time>2026-08-07T15:17:06.000Z</time>
        <extensions>
          <ns3:TrackPointExtension>
            <ns3:hr>132</ns3:hr>
          </ns3:TrackPointExtension>
        </extensions>
      </trkpt>
      <trkpt lat="36.1516561545431613922119140625" lon="-115.36893367767333984375">
        <ele>999.20001220703125</ele>
        <time>2026-08-07T15:17:10.000Z</time>
        <extensions>
          <ns3:TrackPointExtension>
            <ns3:hr>132</ns3:hr>
          </ns3:TrackPointExtension>
        </extensions>
      </trkpt>
      <trkpt lat="36.15146261639893054962158203125" lon="-115.36928714253008365631103515625">
        <ele>1000</ele>
        <time>2026-08-07T15:17:18.000Z</time>
        <extensions>
          <ns3:TrackPointExtension>
            <ns3:hr>131</ns3:hr>
          </ns3:TrackPointExtension>
        </extensions>
      </trkpt>
      <trkpt lat="36.15143830887973308563232421875" lon="-115.36932771094143390655517578125">
        <ele>1000.20001220703125</ele>
        <time>2026-08-07T15:17:19.000Z</time>
        <extensions>
          <ns3:TrackPointExtension>
            <ns3:hr>131</ns3:hr>
          </ns3:TrackPointExtension>
        </extensions>
      </trkpt>
      <trkpt lat="36.15139606408774852752685546875" lon="-115.36940834484994411468505859375">
        <ele>1000.4000244140625</ele>
        <time>2026-08-07T15:17:21.000Z</time>
        <extensions>
          <ns3:TrackPointExtension>
            <ns3:hr>128</ns3:hr>
          </ns3:TrackPointExtension>
        </extensions>
      </trkpt>
      <trkpt lat="36.1512776277959346771240234375" lon="-115.36962560378015041351318359375">
        <ele>1001</ele>
        <time>2026-08-07T15:17:26.000Z</time>
        <extensions>
          <ns3:TrackPointExtension>
            <ns3:hr>128</ns3:hr>
          </ns3:TrackPointExtension>
        </extensions>
      </trkpt>
      <trkpt lat="36.15122641436755657196044921875" lon="-115.36971126683056354522705078125">
        <ele>1001.20001220703125</ele>
        <time>2026-08-07T15:17:28.000Z</time>
        <extensions>
          <ns3:TrackPointExtension>
            <ns3:hr>128</ns3:hr>
          </ns3:TrackPointExtension>
        </extensions>
      </trkpt>
      <trkpt lat="36.150980405509471893310546875" lon="-115.3701259195804595947265625">
        <ele>1002.20001220703125</ele>
        <time>2026-08-07T15:17:38.000Z</time>
        <extensions>
          <ns3:TrackPointExtension>
            <ns3:hr>129</ns3:hr>
          </ns3:TrackPointExtension>
        </extensions>
      </trkpt>
      <trkpt lat="36.15095701999962329864501953125" lon="-115.3701669909060001373291015625">
        <ele>1002.20001220703125</ele>
        <time>2026-08-07T15:17:39.000Z</time>
        <extensions>
          <ns3:TrackPointExtension>
            <ns3:hr>129</ns3:hr>
          </ns3:TrackPointExtension>
        </extensions>
      </trkpt>
      <trkpt lat="36.15075015462934970855712890625" lon="-115.3705022670328617095947265625">
        <ele>1003.20001220703125</ele>
        <time>2026-08-07T15:17:47.000Z</time>
        <extensions>
          <ns3:TrackPointExtension>
            <ns3:hr>129</ns3:hr>
          </ns3:TrackPointExtension>
        </extensions>
      </trkpt>
      <trkpt lat="36.15067739970982074737548828125" lon="-115.370619781315326690673828125">
        <ele>1003.20001220703125</ele>
        <time>2026-08-07T15:17:50.000Z</time>
        <extensions>
          <ns3:TrackPointExtension>
            <ns3:hr>129</ns3:hr>
          </ns3:TrackPointExtension>
        </extensions>
      </trkpt>
      <trkpt lat="36.1506013758480548858642578125" lon="-115.3707507066428661346435546875">
        <ele>1003.20001220703125</ele>
        <time>2026-08-07T15:17:53.000Z</time>
        <extensions>
          <ns3:TrackPointExtension>
            <ns3:hr>126</ns3:hr>
          </ns3:TrackPointExtension>
        </extensions>
      </trkpt>
      <trkpt lat="36.15045343525707721710205078125" lon="-115.3709984757006168365478515625">
        <ele>1004</ele>
        <time>2026-08-07T15:17:59.000Z</time>
        <extensions>
          <ns3:TrackPointExtension>
            <ns3:hr>126</ns3:hr>
          </ns3:TrackPointExtension>
        </extensions>
      </trkpt>
      <trkpt lat="36.15029669366776943206787109375" lon="-115.3712613321840763092041015625">
        <ele>1004.20001220703125</ele>
        <time>2026-08-07T15:18:05.000Z</time>
        <extensions>
          <ns3:TrackPointExtension>
            <ns3:hr>128</ns3:hr>
          </ns3:TrackPointExtension>
        </extensions>
      </trkpt>
      <trkpt lat="36.15024455823004245758056640625" lon="-115.371355712413787841796875">
        <ele>1004.4000244140625</ele>
        <time>2026-08-07T15:18:07.000Z</time>
        <extensions>
          <ns3:TrackPointExtension>
            <ns3:hr>128</ns3:hr>
          </ns3:TrackPointExtension>
        </extensions>
      </trkpt>
      <trkpt lat="36.15002880804240703582763671875" lon="-115.37174656055867671966552734375">
        <ele>1005</ele>
        <time>2026-08-07T15:18:16.000Z</time>
        <extensions>
          <ns3:TrackPointExtension>
            <ns3:hr>127</ns3:hr>
          </ns3:TrackPointExtension>
        </extensions>
      </trkpt>
      <trkpt lat="36.150006763637065887451171875" lon="-115.37179064936935901641845703125">
        <ele>1005.20001220703125</ele>
        <time>2026-08-07T15:18:17.000Z</time>
        <extensions>
          <ns3:TrackPointExtension>
            <ns3:hr>127</ns3:hr>
          </ns3:TrackPointExtension>
        </extensions>
      </trkpt>
      <trkpt lat="36.149924956262111663818359375" lon="-115.37197060883045196533203125">
        <ele>1006</ele>
        <time>2026-08-07T15:18:21.000Z</time>
        <extensions>
          <ns3:TrackPointExtension>
            <ns3:hr>130</ns3:hr>
          </ns3:TrackPointExtension>
        </extensions>
      </trkpt>
      <trkpt lat="36.1498885788023471832275390625" lon="-115.37206205539405345916748046875">
        <ele>1006</ele>
        <time>2026-08-07T15:18:23.000Z</time>
        <extensions>
          <ns3:TrackPointExtension>
            <ns3:hr>136</ns3:hr>
          </ns3:TrackPointExtension>
        </extensions>
      </trkpt>
      <trkpt lat="36.14985094405710697174072265625" lon="-115.37215375341475009918212890625">
        <ele>1006.20001220703125</ele>
        <time>2026-08-07T15:18:25.000Z</time>
        <extensions>
          <ns3:TrackPointExtension>
            <ns3:hr>139</ns3:hr>
          </ns3:TrackPointExtension>
        </extensions>
      </trkpt>
      <trkpt lat="36.14979662932455539703369140625" lon="-115.3723043762147426605224609375">
        <ele>1006.79998779296875</ele>
        <time>2026-08-07T15:18:28.000Z</time>
        <extensions>
          <ns3:TrackPointExtension>
            <ns3:hr>138</ns3:hr>
          </ns3:TrackPointExtension>
        </extensions>
      </trkpt>
      <trkpt lat="36.14974499680101871490478515625" lon="-115.372449047863483428955078125">
        <ele>1007.4000244140625</ele>
        <time>2026-08-07T15:18:31.000Z</time>
        <extensions>
          <ns3:TrackPointExtension>
            <ns3:hr>134</ns3:hr>
          </ns3:TrackPointExtension>
        </extensions>
      </trkpt>
      <trkpt lat="36.1496530473232269287109375" lon="-115.37272891961038112640380859375">
        <ele>1008.20001220703125</ele>
        <time>2026-08-07T15:18:37.000Z</time>
        <extensions>
          <ns3:TrackPointExtension>
            <ns3:hr>131</ns3:hr>
          </ns3:TrackPointExtension>
        </extensions>
      </trkpt>
      <trkpt lat="36.14964022301137447357177734375" lon="-115.3727732598781585693359375">
        <ele>1008.4000244140625</ele>
        <time>2026-08-07T15:18:38.000Z</time>
        <extensions>
          <ns3:TrackPointExtension>
            <ns3:hr>132</ns3:hr>
          </ns3:TrackPointExtension>
        </extensions>
      </trkpt>
      <trkpt lat="36.1495506204664707183837890625" lon="-115.3730393014848232269287109375">
        <ele>1009.5999755859375</ele>
        <time>2026-08-07T15:18:44.000Z</time>
        <extensions>
          <ns3:TrackPointExtension>
            <ns3:hr>131</ns3:hr>
          </ns3:TrackPointExtension>
        </extensions>
      </trkpt>
      <trkpt lat="36.14951214753091335296630859375" lon="-115.373169891536235809326171875">
        <ele>1010.20001220703125</ele>
        <time>2026-08-07T15:18:47.000Z</time>
        <extensions>
          <ns3:TrackPointExtension>
            <ns3:hr>129</ns3:hr>
          </ns3:TrackPointExtension>
        </extensions>
      </trkpt>
      <trkpt lat="36.14945900626480579376220703125" lon="-115.3733578138053417205810546875">
        <ele>1010.5999755859375</ele>
        <time>2026-08-07T15:18:52.000Z</time>
        <extensions>
          <ns3:TrackPointExtension>
            <ns3:hr>132</ns3:hr>
          </ns3:TrackPointExtension>
        </extensions>
      </trkpt>
      <trkpt lat="36.1494336090981960296630859375" lon="-115.37343534640967845916748046875">
        <ele>1011</ele>
        <time>2026-08-07T15:18:54.000Z</time>
        <extensions>
          <ns3:TrackPointExtension>
            <ns3:hr>135</ns3:hr>
          </ns3:TrackPointExtension>
        </extensions>
      </trkpt>
      <trkpt lat="36.149410307407379150390625" lon="-115.37352494895458221435546875">
        <ele>1011.20001220703125</ele>
        <time>2026-08-07T15:18:56.000Z</time>
        <extensions>
          <ns3:TrackPointExtension>
            <ns3:hr>135</ns3:hr>
          </ns3:TrackPointExtension>
        </extensions>
      </trkpt>
      <trkpt lat="36.149381808936595916748046875" lon="-115.37361002527177333831787109375">
        <ele>1011.5999755859375</ele>
        <time>2026-08-07T15:18:58.000Z</time>
        <extensions>
          <ns3:TrackPointExtension>
            <ns3:hr>136</ns3:hr>
          </ns3:TrackPointExtension>
        </extensions>
      </trkpt>
      <trkpt lat="36.1492827348411083221435546875" lon="-115.37390909157693386077880859375">
        <ele>1012.5999755859375</ele>
        <time>2026-08-07T15:19:05.000Z</time>
        <extensions>
          <ns3:TrackPointExtension>
            <ns3:hr>137</ns3:hr>
          </ns3:TrackPointExtension>
        </extensions>
      </trkpt>
      <trkpt lat="36.14926035515964031219482421875" lon="-115.37398402579128742218017578125">
        <ele>1012.79998779296875</ele>
        <time>2026-08-07T15:19:07.000Z</time>
        <extensions>
          <ns3:TrackPointExtension>
            <ns3:hr>137</ns3:hr>
          </ns3:TrackPointExtension>
        </extensions>
      </trkpt>
      <trkpt lat="36.14918977953493595123291015625" lon="-115.3742201440036296844482421875">
        <ele>1013.79998779296875</ele>
        <time>2026-08-07T15:19:13.000Z</time>
        <extensions>
          <ns3:TrackPointExtension>
            <ns3:hr>138</ns3:hr>
          </ns3:TrackPointExtension>
        </extensions>
      </trkpt>
      <trkpt lat="36.149158515036106109619140625" lon="-115.374334640800952911376953125">
        <ele>1014.20001220703125</ele>
        <time>2026-08-07T15:19:16.000Z</time>
        <extensions>
          <ns3:TrackPointExtension>
            <ns3:hr>138</ns3:hr>
          </ns3:TrackPointExtension>
        </extensions>
      </trkpt>
      <trkpt lat="36.14908785559237003326416015625" lon="-115.3745527379214763641357421875">
        <ele>1015</ele>
        <time>2026-08-07T15:19:22.000Z</time>
        <extensions>
          <ns3:TrackPointExtension>
            <ns3:hr>136</ns3:hr>
          </ns3:TrackPointExtension>
        </extensions>
      </trkpt>
      <trkpt lat="36.14905600436031818389892578125" lon="-115.3746613673865795135498046875">
        <ele>1015.5999755859375</ele>
        <time>2026-08-07T15:19:25.000Z</time>
        <extensions>
          <ns3:TrackPointExtension>
            <ns3:hr>136</ns3:hr>
          </ns3:TrackPointExtension>
        </extensions>
      </trkpt>
      <trkpt lat="36.14901007153093814849853515625" lon="-115.3747743554413318634033203125">
        <ele>1016</ele>
        <time>2026-08-07T15:19:28.000Z</time>
        <extensions>
          <ns3:TrackPointExtension>
            <ns3:hr>138</ns3:hr>
          </ns3:TrackPointExtension>
        </extensions>
      </trkpt>
      <trkpt lat="36.1489771306514739990234375" lon="-115.3748814761638641357421875">
        <ele>1016.5999755859375</ele>
        <time>2026-08-07T15:19:31.000Z</time>
        <extensions>
          <ns3:TrackPointExtension>
            <ns3:hr>141</ns3:hr>
          </ns3:TrackPointExtension>
        </extensions>
      </trkpt>
      <trkpt lat="36.148964725434780120849609375" lon="-115.3749181888997554779052734375">
        <ele>1016.79998779296875</ele>
        <time>2026-08-07T15:19:32.000Z</time>
        <extensions>
          <ns3:TrackPointExtension>
            <ns3:hr>141</ns3:hr>
          </ns3:TrackPointExtension>
        </extensions>
      </trkpt>
      <trkpt lat="36.148935221135616302490234375" lon="-115.37502564489841461181640625">
        <ele>1017.20001220703125</ele>
        <time>2026-08-07T15:19:35.000Z</time>
        <extensions>
          <ns3:TrackPointExtension>
            <ns3:hr>141</ns3:hr>
          </ns3:TrackPointExtension>
        </extensions>
      </trkpt>
      <trkpt lat="36.148885600268840789794921875" lon="-115.37515279836952686309814453125">
        <ele>1017.79998779296875</ele>
        <time>2026-08-07T15:19:38.000Z</time>
        <extensions>
          <ns3:TrackPointExtension>
            <ns3:hr>142</ns3:hr>
          </ns3:TrackPointExtension>
        </extensions>
      </trkpt>
      <trkpt lat="36.1488388292491436004638671875" lon="-115.375306271016597747802734375">
        <ele>1018.20001220703125</ele>
        <time>2026-08-07T15:19:41.000Z</time>
        <extensions>
          <ns3:TrackPointExtension>
            <ns3:hr>143</ns3:hr>
          </ns3:TrackPointExtension>
        </extensions>
      </trkpt>
      <trkpt lat="36.1487841792404651641845703125" lon="-115.37552529014647006988525390625">
        <ele>1019</ele>
        <time>2026-08-07T15:19:45.000Z</time>
        <extensions>
          <ns3:TrackPointExtension>
            <ns3:hr>146</ns3:hr>
          </ns3:TrackPointExtension>
        </extensions>
      </trkpt>
      <trkpt lat="36.14876666106283664703369140625" lon="-115.37558228708803653717041015625">
        <ele>1019.20001220703125</ele>
        <time>2026-08-07T15:19:46.000Z</time>
        <extensions>
          <ns3:TrackPointExtension>
            <ns3:hr>149</ns3:hr>
          </ns3:TrackPointExtension>
        </extensions>
      </trkpt>
      <trkpt lat="36.1487499810755252838134765625" lon="-115.375640876591205596923828125">
        <ele>1019.4000244140625</ele>
        <time>2026-08-07T15:19:47.000Z</time>
        <extensions>
          <ns3:TrackPointExtension>
            <ns3:hr>149</ns3:hr>
          </ns3:TrackPointExtension>
        </extensions>
      </trkpt>
      <trkpt lat="36.14862165413796901702880859375" lon="-115.37605167366564273834228515625">
        <ele>1020.4000244140625</ele>
        <time>2026-08-07T15:19:54.000Z</time>
        <extensions>
          <ns3:TrackPointExtension>
            <ns3:hr>150</ns3:hr>
          </ns3:TrackPointExtension>
        </extensions>
      </trkpt>
      <trkpt lat="36.14858661778271198272705078125" lon="-115.3761687688529491424560546875">
        <ele>1020.5999755859375</ele>
        <time>2026-08-07T15:19:56.000Z</time>
        <extensions>
          <ns3:TrackPointExtension>
            <ns3:hr>150</ns3:hr>
          </ns3:TrackPointExtension>
        </extensions>
      </trkpt>
      <trkpt lat="36.148435659706592559814453125" lon="-115.37664234638214111328125">
        <ele>1021.4000244140625</ele>
        <time>2026-08-07T15:20:04.000Z</time>
        <extensions>
          <ns3:TrackPointExtension>
            <ns3:hr>149</ns3:hr>
          </ns3:TrackPointExtension>
        </extensions>
      </trkpt>
      <trkpt lat="36.1483952589333057403564453125" lon="-115.37676547653973102569580078125">
        <ele>1021.4000244140625</ele>
        <time>2026-08-07T15:20:06.000Z</time>
        <extensions>
          <ns3:TrackPointExtension>
            <ns3:hr>150</ns3:hr>
          </ns3:TrackPointExtension>
        </extensions>
      </trkpt>
      <trkpt lat="36.14828285761177539825439453125" lon="-115.37712908349931240081787109375">
        <ele>1021.5999755859375</ele>
        <time>2026-08-07T15:20:12.000Z</time>
        <extensions>
          <ns3:TrackPointExtension>
            <ns3:hr>151</ns3:hr>
          </ns3:TrackPointExtension>
        </extensions>
      </trkpt>
      <trkpt lat="36.148113794624805450439453125" lon="-115.377683378756046295166015625">
        <ele>1020.5999755859375</ele>
        <time>2026-08-07T15:20:20.000Z</time>
        <extensions>
          <ns3:TrackPointExtension>
            <ns3:hr>150</ns3:hr>
          </ns3:TrackPointExtension>
        </extensions>
      </trkpt>
      <trkpt lat="36.14801597781479358673095703125" lon="-115.3779955208301544189453125">
        <ele>1020.4000244140625</ele>
        <time>2026-08-07T15:20:24.000Z</time>
        <extensions>
          <ns3:TrackPointExtension>
            <ns3:hr>150</ns3:hr>
          </ns3:TrackPointExtension>
        </extensions>
      </trkpt>
      <trkpt lat="36.14794372580945491790771484375" lon="-115.37822158075869083404541015625">
        <ele>1020</ele>
        <time>2026-08-07T15:20:27.000Z</time>
        <extensions>
          <ns3:TrackPointExtension>
            <ns3:hr>147</ns3:hr>
          </ns3:TrackPointExtension>
        </extensions>
      </trkpt>
      <trkpt lat="36.14789729006588459014892578125" lon="-115.3783715330064296722412109375">
        <ele>1019.79998779296875</ele>
        <time>2026-08-07T15:20:29.000Z</time>
        <extensions>
          <ns3:TrackPointExtension>
            <ns3:hr>146</ns3:hr>
          </ns3:TrackPointExtension>
        </extensions>
      </trkpt>
      <trkpt lat="36.14784683100879192352294921875" lon="-115.37852349691092967987060546875">
        <ele>1019.79998779296875</ele>
        <time>2026-08-07T15:20:31.000Z</time>
        <extensions>
          <ns3:TrackPointExtension>
            <ns3:hr>143</ns3:hr>
          </ns3:TrackPointExtension>
        </extensions>
      </trkpt>
      <trkpt lat="36.14770777523517608642578125" lon="-115.37896052934229373931884765625">
        <ele>1020</ele>
        <time>2026-08-07T15:20:37.000Z</time>
        <extensions>
          <ns3:TrackPointExtension>
            <ns3:hr>140</ns3:hr>
          </ns3:TrackPointExtension>
        </extensions>
      </trkpt>
      <trkpt lat="36.14763845689594745635986328125" lon="-115.37919379770755767822265625">
        <ele>1020</ele>
        <time>2026-08-07T15:20:40.000Z</time>
        <extensions>
          <ns3:TrackPointExtension>
            <ns3:hr>137</ns3:hr>
          </ns3:TrackPointExtension>
        </extensions>
      </trkpt>
      <trkpt lat="36.14756771363317966461181640625" lon="-115.37942354567348957061767578125">
        <ele>1020.20001220703125</ele>
        <time>2026-08-07T15:20:43.000Z</time>
        <extensions>
          <ns3:TrackPointExtension>
            <ns3:hr>138</ns3:hr>
          </ns3:TrackPointExtension>
        </extensions>
      </trkpt>
      <trkpt lat="36.14743896760046482086181640625" lon="-115.37984146736562252044677734375">
        <ele>1021</ele>
        <time>2026-08-07T15:20:49.000Z</time>
        <extensions>
          <ns3:TrackPointExtension>
            <ns3:hr>135</ns3:hr>
          </ns3:TrackPointExtension>
        </extensions>
      </trkpt>
      <trkpt lat="36.147417761385440826416015625" lon="-115.37990684621036052703857421875">
        <ele>1021</ele>
        <time>2026-08-07T15:20:50.000Z</time>
        <extensions>
          <ns3:TrackPointExtension>
            <ns3:hr>132</ns3:hr>
          </ns3:TrackPointExtension>
        </extensions>
      </trkpt>
      <trkpt lat="36.147343330085277557373046875" lon="-115.38010315038263797760009765625">
        <ele>1021.4000244140625</ele>
        <time>2026-08-07T15:20:53.000Z</time>
        <extensions>
          <ns3:TrackPointExtension>
            <ns3:hr>129</ns3:hr>
          </ns3:TrackPointExtension>
        </extensions>
      </trkpt>
      <trkpt lat="36.1472955532371997833251953125" lon="-115.3802541084587574005126953125">
        <ele>1021.79998779296875</ele>
        <time>2026-08-07T15:20:55.000Z</time>
        <extensions>
          <ns3:TrackPointExtension>
            <ns3:hr>128</ns3:hr>
          </ns3:TrackPointExtension>
        </extensions>
      </trkpt>
      <trkpt lat="36.147159598767757415771484375" lon="-115.38074973039329051971435546875">
        <ele>1022.5999755859375</ele>
        <time>2026-08-07T15:21:01.000Z</time>
        <extensions>
          <ns3:TrackPointExtension>
            <ns3:hr>128</ns3:hr>
          </ns3:TrackPointExtension>
        </extensions>
      </trkpt>
      <trkpt lat="36.14711358211934566497802734375" lon="-115.3809125907719135284423828125">
        <ele>1022.79998779296875</ele>
        <time>2026-08-07T15:21:03.000Z</time>
        <extensions>
          <ns3:TrackPointExtension>
            <ns3:hr>135</ns3:hr>
          </ns3:TrackPointExtension>
        </extensions>
      </trkpt>
      <trkpt lat="36.14706337451934814453125" lon="-115.38106463849544525146484375">
        <ele>1023</ele>
        <time>2026-08-07T15:21:05.000Z</time>
        <extensions>
          <ns3:TrackPointExtension>
            <ns3:hr>139</ns3:hr>
          </ns3:TrackPointExtension>
        </extensions>
      </trkpt>
      <trkpt lat="36.14699204452335834503173828125" lon="-115.3812827356159687042236328125">
        <ele>1023.20001220703125</ele>
        <time>2026-08-07T15:21:08.000Z</time>
        <extensions>
          <ns3:TrackPointExtension>
            <ns3:hr>141</ns3:hr>
          </ns3:TrackPointExtension>
        </extensions>
      </trkpt>
      <trkpt lat="36.1469458602368831634521484375" lon="-115.38142832927405834197998046875">
        <ele>1023.5999755859375</ele>
        <time>2026-08-07T15:21:10.000Z</time>
        <extensions>
          <ns3:TrackPointExtension>
            <ns3:hr>142</ns3:hr>
          </ns3:TrackPointExtension>
        </extensions>
      </trkpt>
      <trkpt lat="36.14681133069097995758056640625" lon="-115.3818483464419841766357421875">
        <ele>1024.5999755859375</ele>
        <time>2026-08-07T15:21:16.000Z</time>
        <extensions>
          <ns3:TrackPointExtension>
            <ns3:hr>143</ns3:hr>
          </ns3:TrackPointExtension>
        </extensions>
      </trkpt>
      <trkpt lat="36.14677126519381999969482421875" lon="-115.38199000060558319091796875">
        <ele>1025</ele>
        <time>2026-08-07T15:21:18.000Z</time>
        <extensions>
          <ns3:TrackPointExtension>
            <ns3:hr>143</ns3:hr>
          </ns3:TrackPointExtension>
        </extensions>
      </trkpt>
      <trkpt lat="36.1466652341187000274658203125" lon="-115.38233525119721889495849609375">
        <ele>1025.5999755859375</ele>
        <time>2026-08-07T15:21:23.000Z</time>
        <extensions>
          <ns3:TrackPointExtension>
            <ns3:hr>143</ns3:hr>
          </ns3:TrackPointExtension>
        </extensions>
      </trkpt>
      <trkpt lat="36.14653908647596836090087890625" lon="-115.38274697028100490570068359375">
        <ele>1026.5999755859375</ele>
        <time>2026-08-07T15:21:29.000Z</time>
        <extensions>
          <ns3:TrackPointExtension>
            <ns3:hr>146</ns3:hr>
          </ns3:TrackPointExtension>
        </extensions>
      </trkpt>
      <trkpt lat="36.14649944007396697998046875" lon="-115.38288183510303497314453125">
        <ele>1026.800048828125</ele>
        <time>2026-08-07T15:21:31.000Z</time>
        <extensions>
          <ns3:TrackPointExtension>
            <ns3:hr>147</ns3:hr>
          </ns3:TrackPointExtension>
        </extensions>
      </trkpt>
      <trkpt lat="36.14639818668365478515625" lon="-115.38320965133607387542724609375">
        <ele>1027.5999755859375</ele>
        <time>2026-08-07T15:21:36.000Z</time>
        <extensions>
          <ns3:TrackPointExtension>
            <ns3:hr>150</ns3:hr>
          </ns3:TrackPointExtension>
        </extensions>
      </trkpt>
      <trkpt lat="36.1463561095297336578369140625" lon="-115.3833396546542644500732421875">
        <ele>1027.800048828125</ele>
        <time>2026-08-07T15:21:38.000Z</time>
        <extensions>
          <ns3:TrackPointExtension>
            <ns3:hr>151</ns3:hr>
          </ns3:TrackPointExtension>
        </extensions>
      </trkpt>
      <trkpt lat="36.146332807838916778564453125" lon="-115.38340662606060504913330078125">
        <ele>1028</ele>
        <time>2026-08-07T15:21:39.000Z</time>
        <extensions>
          <ns3:TrackPointExtension>
            <ns3:hr>151</ns3:hr>
          </ns3:TrackPointExtension>
        </extensions>
      </trkpt>
      <trkpt lat="36.1462126113474369049072265625" lon="-115.3837912715971469879150390625">
        <ele>1028.800048828125</ele>
        <time>2026-08-07T15:21:45.000Z</time>
        <extensions>
          <ns3:TrackPointExtension>
            <ns3:hr>152</ns3:hr>
          </ns3:TrackPointExtension>
        </extensions>
      </trkpt>
      <trkpt lat="36.14614966325461864471435546875" lon="-115.38397609256207942962646484375">
        <ele>1029.5999755859375</ele>
        <time>2026-08-07T15:21:48.000Z</time>
        <extensions>
          <ns3:TrackPointExtension>
            <ns3:hr>155</ns3:hr>
          </ns3:TrackPointExtension>
        </extensions>
      </trkpt>
      <trkpt lat="36.14611445926129817962646484375" lon="-115.384098552167415618896484375">
        <ele>1030</ele>
        <time>2026-08-07T15:21:50.000Z</time>
        <extensions>
          <ns3:TrackPointExtension>
            <ns3:hr>156</ns3:hr>
          </ns3:TrackPointExtension>
        </extensions>
      </trkpt>
      <trkpt lat="36.14597045816481113433837890625" lon="-115.38457171060144901275634765625">
        <ele>1031</ele>
        <time>2026-08-07T15:21:58.000Z</time>
        <extensions>
          <ns3:TrackPointExtension>
            <ns3:hr>157</ns3:hr>
          </ns3:TrackPointExtension>
        </extensions>
      </trkpt>
      <trkpt lat="36.14584657363593578338623046875" lon="-115.385056771337985992431640625">
        <ele>1032</ele>
        <time>2026-08-07T15:22:06.000Z</time>
        <extensions>
          <ns3:TrackPointExtension>
            <ns3:hr>158</ns3:hr>
          </ns3:TrackPointExtension>
        </extensions>
      </trkpt>
      <trkpt lat="36.1458169855177402496337890625" lon="-115.38517721928656101226806640625">
        <ele>1032.199951171875</ele>
        <time>2026-08-07T15:22:08.000Z</time>
        <extensions>
          <ns3:TrackPointExtension>
            <ns3:hr>157</ns3:hr>
          </ns3:TrackPointExtension>
        </extensions>
      </trkpt>
      <trkpt lat="36.14568966440856456756591796875" lon="-115.38561760447919368743896484375">
        <ele>1033</ele>
        <time>2026-08-07T15:22:16.000Z</time>
        <extensions>
          <ns3:TrackPointExtension>
            <ns3:hr>156</ns3:hr>
          </ns3:TrackPointExtension>
        </extensions>
      </trkpt>
      <trkpt lat="36.1456738226115703582763671875" lon="-115.38566756062209606170654296875">
        <ele>1033.199951171875</ele>
        <time>2026-08-07T15:22:17.000Z</time>
        <extensions>
          <ns3:TrackPointExtension>
            <ns3:hr>156</ns3:hr>
          </ns3:TrackPointExtension>
        </extensions>
      </trkpt>
      <trkpt lat="36.14558908157050609588623046875" lon="-115.38592102937400341033935546875">
        <ele>1033.4000244140625</ele>
        <time>2026-08-07T15:22:22.000Z</time>
        <extensions>
          <ns3:TrackPointExtension>
            <ns3:hr>153</ns3:hr>
          </ns3:TrackPointExtension>
        </extensions>
      </trkpt>
      <trkpt lat="36.145543567836284637451171875" lon="-115.38607299327850341796875">
        <ele>1033.800048828125</ele>
        <time>2026-08-07T15:22:25.000Z</time>
        <extensions>
          <ns3:TrackPointExtension>
            <ns3:hr>152</ns3:hr>
          </ns3:TrackPointExtension>
        </extensions>
      </trkpt>
      <trkpt lat="36.1455001495778560638427734375" lon="-115.3862562216818332672119140625">
        <ele>1034.199951171875</ele>
        <time>2026-08-07T15:22:29.000Z</time>
        <extensions>
          <ns3:TrackPointExtension>
            <ns3:hr>149</ns3:hr>
          </ns3:TrackPointExtension>
        </extensions>
      </trkpt>
      <trkpt lat="36.1455128900706768035888671875" lon="-115.38630123250186443328857421875">
        <ele>1034.4000244140625</ele>
        <time>2026-08-07T15:22:30.000Z</time>
        <extensions>
          <ns3:TrackPointExtension>
            <ns3:hr>148</ns3:hr>
          </ns3:TrackPointExtension>
        </extensions>
      </trkpt>
      <trkpt lat="36.145573072135448455810546875" lon="-115.386379100382328033447265625">
        <ele>1034.4000244140625</ele>
        <time>2026-08-07T15:22:32.000Z</time>
        <extensions>
          <ns3:TrackPointExtension>
            <ns3:hr>147</ns3:hr>
          </ns3:TrackPointExtension>
        </extensions>
      </trkpt>
      <trkpt lat="36.14561506547033786773681640625" lon="-115.38640617392957210540771484375">
        <ele>1034.4000244140625</ele>
        <time>2026-08-07T15:22:33.000Z</time>
        <extensions>
          <ns3:TrackPointExtension>
            <ns3:hr>147</ns3:hr>
          </ns3:TrackPointExtension>
        </extensions>
      </trkpt>
      <trkpt lat="36.14566200412809848785400390625" lon="-115.38642846979200839996337890625">
        <ele>1034.199951171875</ele>
        <time>2026-08-07T15:22:34.000Z</time>
        <extensions>
          <ns3:TrackPointExtension>
            <ns3:hr>146</ns3:hr>
          </ns3:TrackPointExtension>
        </extensions>
      </trkpt>
      <trkpt lat="36.14581941626965999603271484375" lon="-115.3864852152764797210693359375">
        <ele>1033.5999755859375</ele>
        <time>2026-08-07T15:22:37.000Z</time>
        <extensions>
          <ns3:TrackPointExtension>
            <ns3:hr>143</ns3:hr>
          </ns3:TrackPointExtension>
        </extensions>
      </trkpt>
      <trkpt lat="36.1458652652800083160400390625" lon="-115.38652695715427398681640625">
        <ele>1033.5999755859375</ele>
        <time>2026-08-07T15:22:38.000Z</time>
        <extensions>
          <ns3:TrackPointExtension>
            <ns3:hr>141</ns3:hr>
          </ns3:TrackPointExtension>
        </extensions>
      </trkpt>
      <trkpt lat="36.14589887671172618865966796875" lon="-115.38665344007313251495361328125">
        <ele>1033.5999755859375</ele>
        <time>2026-08-07T15:22:40.000Z</time>
        <extensions>
          <ns3:TrackPointExtension>
            <ns3:hr>138</ns3:hr>
          </ns3:TrackPointExtension>
        </extensions>
      </trkpt>
      <trkpt lat="36.14589326083660125732421875" lon="-115.38670792244374752044677734375">
        <ele>1033.800048828125</ele>
        <time>2026-08-07T15:22:41.000Z</time>
        <extensions>
          <ns3:TrackPointExtension>
            <ns3:hr>138</ns3:hr>
          </ns3:TrackPointExtension>
        </extensions>
      </trkpt>
      <trkpt lat="36.14587876014411449432373046875" lon="-115.38675435818731784820556640625">
        <ele>1034</ele>
        <time>2026-08-07T15:22:42.000Z</time>
        <extensions>
          <ns3:TrackPointExtension>
            <ns3:hr>137</ns3:hr>
          </ns3:TrackPointExtension>
        </extensions>
      </trkpt>
      <trkpt lat="36.1458360962569713592529296875" lon="-115.38692249916493892669677734375">
        <ele>1034.5999755859375</ele>
        <time>2026-08-07T15:22:46.000Z</time>
        <extensions>
          <ns3:TrackPointExtension>
            <ns3:hr>134</ns3:hr>
          </ns3:TrackPointExtension>
        </extensions>
      </trkpt>
      <trkpt lat="36.14585730247199535369873046875" lon="-115.38702392019331455230712890625">
        <ele>1035</ele>
        <time>2026-08-07T15:22:49.000Z</time>
        <extensions>
          <ns3:TrackPointExtension>
            <ns3:hr>131</ns3:hr>
          </ns3:TrackPointExtension>
        </extensions>
      </trkpt>
      <trkpt lat="36.14586132578551769256591796875" lon="-115.38704923354089260101318359375">
        <ele>1035</ele>
        <time>2026-08-07T15:22:50.000Z</time>
        <extensions>
          <ns3:TrackPointExtension>
            <ns3:hr>130</ns3:hr>
          </ns3:TrackPointExtension>
        </extensions>
      </trkpt>
      <trkpt lat="36.1458521895110607147216796875" lon="-115.38705945946276187896728515625">
        <ele>1034.5999755859375</ele>
        <time>2026-08-07T15:22:53.000Z</time>
        <extensions>
          <ns3:TrackPointExtension>
            <ns3:hr>130</ns3:hr>
          </ns3:TrackPointExtension>
        </extensions>
      </trkpt>
      <trkpt lat="36.14579644985496997833251953125" lon="-115.3870934061706066131591796875">
        <ele>1034.4000244140625</ele>
        <time>2026-08-07T15:23:58.000Z</time>
        <extensions>
          <ns3:TrackPointExtension>
            <ns3:hr>115</ns3:hr>
          </ns3:TrackPointExtension>
        </extensions>
      </trkpt>
      <trkpt lat="36.1458067595958709716796875" lon="-115.38708879612386226654052734375">
        <ele>1034.199951171875</ele>
        <time>2026-08-07T15:23:59.000Z</time>
        <extensions>
          <ns3:TrackPointExtension>
            <ns3:hr>115</ns3:hr>
          </ns3:TrackPointExtension>
        </extensions>
      </trkpt>
      <trkpt lat="36.14582830108702182769775390625" lon="-115.38708359934389591217041015625">
        <ele>1034.199951171875</ele>
        <time>2026-08-07T15:24:01.000Z</time>
        <extensions>
          <ns3:TrackPointExtension>
            <ns3:hr>114</ns3:hr>
          </ns3:TrackPointExtension>
        </extensions>
      </trkpt>
      <trkpt lat="36.14584087394177913665771484375" lon="-115.3870726190507411956787109375">
        <ele>1034.4000244140625</ele>
        <time>2026-08-07T15:24:03.000Z</time>
        <extensions>
          <ns3:TrackPointExtension>
            <ns3:hr>114</ns3:hr>
          </ns3:TrackPointExtension>
        </extensions>
      </trkpt>
      <trkpt lat="36.14584523253142833709716796875" lon="-115.3870511613786220550537109375">
        <ele>1034.199951171875</ele>
        <time>2026-08-07T15:24:06.000Z</time>
        <extensions>
          <ns3:TrackPointExtension>
            <ns3:hr>115</ns3:hr>
          </ns3:TrackPointExtension>
        </extensions>
      </trkpt>
      <trkpt lat="36.1458421312272548675537109375" lon="-115.38704956881701946258544921875">
        <ele>1034.199951171875</ele>
        <time>2026-08-07T15:24:07.000Z</time>
        <extensions>
          <ns3:TrackPointExtension>
            <ns3:hr>115</ns3:hr>
          </ns3:TrackPointExtension>
        </extensions>
      </trkpt>
      <trkpt lat="36.145800389349460601806640625" lon="-115.387068092823028564453125">
        <ele>1033.199951171875</ele>
        <time>2026-08-07T15:24:20.000Z</time>
        <extensions>
          <ns3:TrackPointExtension>
            <ns3:hr>113</ns3:hr>
          </ns3:TrackPointExtension>
        </extensions>
      </trkpt>
      <trkpt lat="36.14576644264161586761474609375" lon="-115.38706901483237743377685546875">
        <ele>1033.199951171875</ele>
        <time>2026-08-07T15:24:22.000Z</time>
        <extensions>
          <ns3:TrackPointExtension>
            <ns3:hr>112</ns3:hr>
          </ns3:TrackPointExtension>
        </extensions>
      </trkpt>
      <trkpt lat="36.14575588144361972808837890625" lon="-115.3870471380650997161865234375">
        <ele>1033.199951171875</ele>
        <time>2026-08-07T15:24:23.000Z</time>
        <extensions>
          <ns3:TrackPointExtension>
            <ns3:hr>112</ns3:hr>
          </ns3:TrackPointExtension>
        </extensions>
      </trkpt>
      <trkpt lat="36.145719923079013824462890625" lon="-115.3869951702654361724853515625">
        <ele>1033.199951171875</ele>
        <time>2026-08-07T15:24:25.000Z</time>
        <extensions>
          <ns3:TrackPointExtension>
            <ns3:hr>113</ns3:hr>
          </ns3:TrackPointExtension>
        </extensions>
      </trkpt>
      <trkpt lat="36.14558723755180835723876953125" lon="-115.38694538176059722900390625">
        <ele>1033.5999755859375</ele>
        <time>2026-08-07T15:24:29.000Z</time>
        <extensions>
          <ns3:TrackPointExtension>
            <ns3:hr>113</ns3:hr>
          </ns3:TrackPointExtension>
        </extensions>
      </trkpt>
      <trkpt lat="36.14535438828170299530029296875" lon="-115.38686952553689479827880859375">
        <ele>1034.199951171875</ele>
        <time>2026-08-07T15:24:37.000Z</time>
        <extensions>
          <ns3:TrackPointExtension>
            <ns3:hr>113</ns3:hr>
          </ns3:TrackPointExtension>
        </extensions>
      </trkpt>
      <trkpt lat="36.14526688121259212493896484375" lon="-115.38697295822203159332275390625">
        <ele>1034.5999755859375</ele>
        <time>2026-08-07T15:24:41.000Z</time>
        <extensions>
          <ns3:TrackPointExtension>
            <ns3:hr>113</ns3:hr>
          </ns3:TrackPointExtension>
        </extensions>
      </trkpt>
      <trkpt lat="36.14517568610608577728271484375" lon="-115.3872771374881267547607421875">
        <ele>1034.800048828125</ele>
        <time>2026-08-07T15:24:48.000Z</time>
        <extensions>
          <ns3:TrackPointExtension>
            <ns3:hr>112</ns3:hr>
          </ns3:TrackPointExtension>
        </extensions>
      </trkpt>
      <trkpt lat="36.14515054039657115936279296875" lon="-115.38737126626074314117431640625">
        <ele>1035.4000244140625</ele>
        <time>2026-08-07T15:24:50.000Z</time>
        <extensions>
          <ns3:TrackPointExtension>
            <ns3:hr>113</ns3:hr>
          </ns3:TrackPointExtension>
        </extensions>
      </trkpt>
      <trkpt lat="36.14509102888405323028564453125" lon="-115.3875976614654064178466796875">
        <ele>1036.199951171875</ele>
        <time>2026-08-07T15:24:55.000Z</time>
        <extensions>
          <ns3:TrackPointExtension>
            <ns3:hr>113</ns3:hr>
          </ns3:TrackPointExtension>
        </extensions>
      </trkpt>
      <trkpt lat="36.1450408212840557098388671875" lon="-115.3877830691635608673095703125">
        <ele>1036.4000244140625</ele>
        <time>2026-08-07T15:24:59.000Z</time>
        <extensions>
          <ns3:TrackPointExtension>
            <ns3:hr>113</ns3:hr>
          </ns3:TrackPointExtension>
        </extensions>
      </trkpt>
      <trkpt lat="36.1449841596186161041259765625" lon="-115.3879735060036182403564453125">
        <ele>1037</ele>
        <time>2026-08-07T15:25:03.000Z</time>
        <extensions>
          <ns3:TrackPointExtension>
            <ns3:hr>121</ns3:hr>
          </ns3:TrackPointExtension>
        </extensions>
      </trkpt>
      <trkpt lat="36.14497066475450992584228515625" lon="-115.38802052848041057586669921875">
        <ele>1037.199951171875</ele>
        <time>2026-08-07T15:25:04.000Z</time>
        <extensions>
          <ns3:TrackPointExtension>
            <ns3:hr>125</ns3:hr>
          </ns3:TrackPointExtension>
        </extensions>
      </trkpt>
      <trkpt lat="36.1449442617595195770263671875" lon="-115.38811348378658294677734375">
        <ele>1037.5999755859375</ele>
        <time>2026-08-07T15:25:06.000Z</time>
        <extensions>
          <ns3:TrackPointExtension>
            <ns3:hr>127</ns3:hr>
          </ns3:TrackPointExtension>
        </extensions>
      </trkpt>
      <trkpt lat="36.1448768712580204010009765625" lon="-115.3883408010005950927734375">
        <ele>1038.199951171875</ele>
        <time>2026-08-07T15:25:11.000Z</time>
        <extensions>
          <ns3:TrackPointExtension>
            <ns3:hr>130</ns3:hr>
          </ns3:TrackPointExtension>
        </extensions>
      </trkpt>
      <trkpt lat="36.14484929479658603668212890625" lon="-115.388435013592243194580078125">
        <ele>1038.5999755859375</ele>
        <time>2026-08-07T15:25:13.000Z</time>
        <extensions>
          <ns3:TrackPointExtension>
            <ns3:hr>131</ns3:hr>
          </ns3:TrackPointExtension>
        </extensions>
      </trkpt>
      <trkpt lat="36.14474753849208354949951171875" lon="-115.38883659057319164276123046875">
        <ele>1039</ele>
        <time>2026-08-07T15:25:21.000Z</time>
        <extensions>
          <ns3:TrackPointExtension>
            <ns3:hr>131</ns3:hr>
          </ns3:TrackPointExtension>
        </extensions>
      </trkpt>
      <trkpt lat="36.1446673236787319183349609375" lon="-115.38915459997951984405517578125">
        <ele>1039.5999755859375</ele>
        <time>2026-08-07T15:25:27.000Z</time>
        <extensions>
          <ns3:TrackPointExtension>
            <ns3:hr>130</ns3:hr>
          </ns3:TrackPointExtension>
        </extensions>
      </trkpt>
      <trkpt lat="36.1446113325655460357666015625" lon="-115.38936741650104522705078125">
        <ele>1040</ele>
        <time>2026-08-07T15:25:31.000Z</time>
        <extensions>
          <ns3:TrackPointExtension>
            <ns3:hr>127</ns3:hr>
          </ns3:TrackPointExtension>
        </extensions>
      </trkpt>
      <trkpt lat="36.144580654799938201904296875" lon="-115.3894772194325923919677734375">
        <ele>1040.199951171875</ele>
        <time>2026-08-07T15:25:33.000Z</time>
        <extensions>
          <ns3:TrackPointExtension>
            <ns3:hr>122</ns3:hr>
          </ns3:TrackPointExtension>
        </extensions>
      </trkpt>
      <trkpt lat="36.144564561545848846435546875" lon="-115.38953505456447601318359375">
        <ele>1040.4000244140625</ele>
        <time>2026-08-07T15:25:34.000Z</time>
        <extensions>
          <ns3:TrackPointExtension>
            <ns3:hr>122</ns3:hr>
          </ns3:TrackPointExtension>
        </extensions>
      </trkpt>
      <trkpt lat="36.14451988600194454193115234375" lon="-115.38971149362623691558837890625">
        <ele>1040.5999755859375</ele>
        <time>2026-08-07T15:25:37.000Z</time>
        <extensions>
          <ns3:TrackPointExtension>
            <ns3:hr>124</ns3:hr>
          </ns3:TrackPointExtension>
        </extensions>
      </trkpt>
      <trkpt lat="36.1444871127605438232421875" lon="-115.389826409518718719482421875">
        <ele>1040.800048828125</ele>
        <time>2026-08-07T15:25:39.000Z</time>
        <extensions>
          <ns3:TrackPointExtension>
            <ns3:hr>127</ns3:hr>
          </ns3:TrackPointExtension>
        </extensions>
      </trkpt>
      <trkpt lat="36.14447093568742275238037109375" lon="-115.38988231681287288665771484375">
        <ele>1041</ele>
        <time>2026-08-07T15:25:40.000Z</time>
        <extensions>
          <ns3:TrackPointExtension>
            <ns3:hr>129</ns3:hr>
          </ns3:TrackPointExtension>
        </extensions>
      </trkpt>
      <trkpt lat="36.144440174102783203125" lon="-115.38999505341053009033203125">
        <ele>1041.199951171875</ele>
        <time>2026-08-07T15:25:42.000Z</time>
        <extensions>
          <ns3:TrackPointExtension>
            <ns3:hr>132</ns3:hr>
          </ns3:TrackPointExtension>
        </extensions>
      </trkpt>
      <trkpt lat="36.1444115079939365386962890625" lon="-115.39011566899716854095458984375">
        <ele>1041.4000244140625</ele>
        <time>2026-08-07T15:25:44.000Z</time>
        <extensions>
          <ns3:TrackPointExtension>
            <ns3:hr>135</ns3:hr>
          </ns3:TrackPointExtension>
        </extensions>
      </trkpt>
      <trkpt lat="36.1443665809929370880126953125" lon="-115.3902828879654407501220703125">
        <ele>1041.5999755859375</ele>
        <time>2026-08-07T15:25:47.000Z</time>
        <extensions>
          <ns3:TrackPointExtension>
            <ns3:hr>136</ns3:hr>
          </ns3:TrackPointExtension>
        </extensions>
      </trkpt>
      <trkpt lat="36.1443541757762432098388671875" lon="-115.39033091627061367034912109375">
        <ele>1041.800048828125</ele>
        <time>2026-08-07T15:25:48.000Z</time>
        <extensions>
          <ns3:TrackPointExtension>
            <ns3:hr>137</ns3:hr>
          </ns3:TrackPointExtension>
        </extensions>
      </trkpt>
      <trkpt lat="36.14425350911915302276611328125" lon="-115.39073894731700420379638671875">
        <ele>1042.4000244140625</ele>
        <time>2026-08-07T15:25:56.000Z</time>
        <extensions>
          <ns3:TrackPointExtension>
            <ns3:hr>135</ns3:hr>
          </ns3:TrackPointExtension>
        </extensions>
      </trkpt>
      <trkpt lat="36.1441509984433650970458984375" lon="-115.39115217514336109161376953125">
        <ele>1042.4000244140625</ele>
        <time>2026-08-07T15:26:03.000Z</time>
        <extensions>
          <ns3:TrackPointExtension>
            <ns3:hr>135</ns3:hr>
          </ns3:TrackPointExtension>
        </extensions>
      </trkpt>
      <trkpt lat="36.14407313056290149688720703125" lon="-115.3914628922939300537109375">
        <ele>1042.800048828125</ele>
        <time>2026-08-07T15:26:08.000Z</time>
        <extensions>
          <ns3:TrackPointExtension>
            <ns3:hr>136</ns3:hr>
          </ns3:TrackPointExtension>
        </extensions>
      </trkpt>
      <trkpt lat="36.14403088577091693878173828125" lon="-115.39164821617305278778076171875">
        <ele>1042.800048828125</ele>
        <time>2026-08-07T15:26:11.000Z</time>
        <extensions>
          <ns3:TrackPointExtension>
            <ns3:hr>137</ns3:hr>
          </ns3:TrackPointExtension>
        </extensions>
      </trkpt>
      <trkpt lat="36.14395544864237308502197265625" lon="-115.39202389307320117950439453125">
        <ele>1043</ele>
        <time>2026-08-07T15:26:17.000Z</time>
        <extensions>
          <ns3:TrackPointExtension>
            <ns3:hr>134</ns3:hr>
          </ns3:TrackPointExtension>
        </extensions>
      </trkpt>
      <trkpt lat="36.14389895461499691009521484375" lon="-115.3922761045396327972412109375">
        <ele>1043.5999755859375</ele>
        <time>2026-08-07T15:26:21.000Z</time>
        <extensions>
          <ns3:TrackPointExtension>
            <ns3:hr>132</ns3:hr>
          </ns3:TrackPointExtension>
        </extensions>
      </trkpt>
      <trkpt lat="36.1438844539225101470947265625" lon="-115.39233863353729248046875">
        <ele>1043.800048828125</ele>
        <time>2026-08-07T15:26:22.000Z</time>
        <extensions>
          <ns3:TrackPointExtension>
            <ns3:hr>133</ns3:hr>
          </ns3:TrackPointExtension>
        </extensions>
      </trkpt>
      <trkpt lat="36.14374657161533832550048828125" lon="-115.39296333678066730499267578125">
        <ele>1044.800048828125</ele>
        <time>2026-08-07T15:26:32.000Z</time>
        <extensions>
          <ns3:TrackPointExtension>
            <ns3:hr>132</ns3:hr>
          </ns3:TrackPointExtension>
        </extensions>
      </trkpt>
      <trkpt lat="36.14360257051885128021240234375" lon="-115.39365769363939762115478515625">
        <ele>1045.800048828125</ele>
        <time>2026-08-07T15:26:43.000Z</time>
        <extensions>
          <ns3:TrackPointExtension>
            <ns3:hr>131</ns3:hr>
          </ns3:TrackPointExtension>
        </extensions>
      </trkpt>
      <trkpt lat="36.14358966238796710968017578125" lon="-115.3937208093702793121337890625">
        <ele>1046</ele>
        <time>2026-08-07T15:26:44.000Z</time>
        <extensions>
          <ns3:TrackPointExtension>
            <ns3:hr>132</ns3:hr>
          </ns3:TrackPointExtension>
        </extensions>
      </trkpt>
      <trkpt lat="36.14352889358997344970703125" lon="-115.3940399922430515289306640625">
        <ele>1046.4000244140625</ele>
        <time>2026-08-07T15:26:49.000Z</time>
        <extensions>
          <ns3:TrackPointExtension>
            <ns3:hr>129</ns3:hr>
          </ns3:TrackPointExtension>
        </extensions>
      </trkpt>
      <trkpt lat="36.14344264380633831024169921875" lon="-115.39449705742299556732177734375">
        <ele>1047</ele>
        <time>2026-08-07T15:26:56.000Z</time>
        <extensions>
          <ns3:TrackPointExtension>
            <ns3:hr>127</ns3:hr>
          </ns3:TrackPointExtension>
        </extensions>
      </trkpt>
      <trkpt lat="36.143431328237056732177734375" lon="-115.39456059224903583526611328125">
        <ele>1047</ele>
        <time>2026-08-07T15:26:57.000Z</time>
        <extensions>
          <ns3:TrackPointExtension>
            <ns3:hr>127</ns3:hr>
          </ns3:TrackPointExtension>
        </extensions>
      </trkpt>
      <trkpt lat="36.14332638680934906005859375" lon="-115.39506308734416961669921875">
        <ele>1048</ele>
        <time>2026-08-07T15:27:05.000Z</time>
        <extensions>
          <ns3:TrackPointExtension>
            <ns3:hr>128</ns3:hr>
          </ns3:TrackPointExtension>
        </extensions>
      </trkpt>
      <trkpt lat="36.1433134786784648895263671875" lon="-115.39512536488473415374755859375">
        <ele>1048.199951171875</ele>
        <time>2026-08-07T15:27:06.000Z</time>
        <extensions>
          <ns3:TrackPointExtension>
            <ns3:hr>128</ns3:hr>
          </ns3:TrackPointExtension>
        </extensions>
      </trkpt>
      <trkpt lat="36.14329026080667972564697265625" lon="-115.395248830318450927734375">
        <ele>1048.5999755859375</ele>
        <time>2026-08-07T15:27:08.000Z</time>
        <extensions>
          <ns3:TrackPointExtension>
            <ns3:hr>132</ns3:hr>
          </ns3:TrackPointExtension>
        </extensions>
      </trkpt>
      <trkpt lat="36.1432532966136932373046875" lon="-115.39542912505567073822021484375">
        <ele>1049.199951171875</ele>
        <time>2026-08-07T15:27:11.000Z</time>
        <extensions>
          <ns3:TrackPointExtension>
            <ns3:hr>135</ns3:hr>
          </ns3:TrackPointExtension>
        </extensions>
      </trkpt>
      <trkpt lat="36.143241561949253082275390625" lon="-115.3954890556633472442626953125">
        <ele>1049.4000244140625</ele>
        <time>2026-08-07T15:27:12.000Z</time>
        <extensions>
          <ns3:TrackPointExtension>
            <ns3:hr>135</ns3:hr>
          </ns3:TrackPointExtension>
        </extensions>
      </trkpt>
      <trkpt lat="36.14318900741636753082275390625" lon="-115.39571712724864482879638671875">
        <ele>1050.199951171875</ele>
        <time>2026-08-07T15:27:16.000Z</time>
        <extensions>
          <ns3:TrackPointExtension>
            <ns3:hr>137</ns3:hr>
          </ns3:TrackPointExtension>
        </extensions>
      </trkpt>
      <trkpt lat="36.14314265549182891845703125" lon="-115.39588141255080699920654296875">
        <ele>1050.4000244140625</ele>
        <time>2026-08-07T15:27:19.000Z</time>
        <extensions>
          <ns3:TrackPointExtension>
            <ns3:hr>140</ns3:hr>
          </ns3:TrackPointExtension>
        </extensions>
      </trkpt>
      <trkpt lat="36.1430601775646209716796875" lon="-115.3961136750876903533935546875">
        <ele>1051.199951171875</ele>
        <time>2026-08-07T15:27:23.000Z</time>
        <extensions>
          <ns3:TrackPointExtension>
            <ns3:hr>141</ns3:hr>
          </ns3:TrackPointExtension>
        </extensions>
      </trkpt>
      <trkpt lat="36.14302069880068302154541015625" lon="-115.39623160846531391143798828125">
        <ele>1051.5999755859375</ele>
        <time>2026-08-07T15:27:25.000Z</time>
        <extensions>
          <ns3:TrackPointExtension>
            <ns3:hr>141</ns3:hr>
          </ns3:TrackPointExtension>
        </extensions>
      </trkpt>
      <trkpt lat="36.1429024301469326019287109375" lon="-115.39651022292673587799072265625">
        <ele>1052.199951171875</ele>
        <time>2026-08-07T15:27:30.000Z</time>
        <extensions>
          <ns3:TrackPointExtension>
            <ns3:hr>140</ns3:hr>
          </ns3:TrackPointExtension>
        </extensions>
      </trkpt>
      <trkpt lat="36.142785251140594482421875" lon="-115.3967869095504283905029296875">
        <ele>1052.800048828125</ele>
        <time>2026-08-07T15:27:35.000Z</time>
        <extensions>
          <ns3:TrackPointExtension>
            <ns3:hr>145</ns3:hr>
          </ns3:TrackPointExtension>
        </extensions>
      </trkpt>
      <trkpt lat="36.1427626200020313262939453125" lon="-115.39684264920651912689208984375">
        <ele>1053</ele>
        <time>2026-08-07T15:27:36.000Z</time>
        <extensions>
          <ns3:TrackPointExtension>
            <ns3:hr>148</ns3:hr>
          </ns3:TrackPointExtension>
        </extensions>
      </trkpt>
      <trkpt lat="36.14269380457699298858642578125" lon="-115.3970105387270450592041015625">
        <ele>1053.5999755859375</ele>
        <time>2026-08-07T15:27:39.000Z</time>
        <extensions>
          <ns3:TrackPointExtension>
            <ns3:hr>149</ns3:hr>
          </ns3:TrackPointExtension>
        </extensions>
      </trkpt>
      <trkpt lat="36.1426710896193981170654296875" lon="-115.3970641829073429107666015625">
        <ele>1053.800048828125</ele>
        <time>2026-08-07T15:27:40.000Z</time>
        <extensions>
          <ns3:TrackPointExtension>
            <ns3:hr>148</ns3:hr>
          </ns3:TrackPointExtension>
        </extensions>
      </trkpt>
      <trkpt lat="36.142520047724246978759765625" lon="-115.3974386863410472869873046875">
        <ele>1054.800048828125</ele>
        <time>2026-08-07T15:27:47.000Z</time>
        <extensions>
          <ns3:TrackPointExtension>
            <ns3:hr>149</ns3:hr>
          </ns3:TrackPointExtension>
        </extensions>
      </trkpt>
      <trkpt lat="36.14245374687016010284423828125" lon="-115.39759802632033824920654296875">
        <ele>1055.4000244140625</ele>
        <time>2026-08-07T15:27:50.000Z</time>
        <extensions>
          <ns3:TrackPointExtension>
            <ns3:hr>149</ns3:hr>
          </ns3:TrackPointExtension>
        </extensions>
      </trkpt>
      <trkpt lat="36.1423931457102298736572265625" lon="-115.39775812067091464996337890625">
        <ele>1055.800048828125</ele>
        <time>2026-08-07T15:27:53.000Z</time>
        <extensions>
          <ns3:TrackPointExtension>
            <ns3:hr>150</ns3:hr>
          </ns3:TrackPointExtension>
        </extensions>
      </trkpt>
      <trkpt lat="36.14228694699704647064208984375" lon="-115.39802265353500843048095703125">
        <ele>1056.5999755859375</ele>
        <time>2026-08-07T15:27:58.000Z</time>
        <extensions>
          <ns3:TrackPointExtension>
            <ns3:hr>151</ns3:hr>
          </ns3:TrackPointExtension>
        </extensions>
      </trkpt>
      <trkpt lat="36.14222274161875247955322265625" lon="-115.39817822165787220001220703125">
        <ele>1057</ele>
        <time>2026-08-07T15:28:01.000Z</time>
        <extensions>
          <ns3:TrackPointExtension>
            <ns3:hr>152</ns3:hr>
          </ns3:TrackPointExtension>
        </extensions>
      </trkpt>
      <trkpt lat="36.14207337610423564910888671875" lon="-115.39854384027421474456787109375">
        <ele>1058.199951171875</ele>
        <time>2026-08-07T15:28:08.000Z</time>
        <extensions>
          <ns3:TrackPointExtension>
            <ns3:hr>153</ns3:hr>
          </ns3:TrackPointExtension>
        </extensions>
      </trkpt>
      <trkpt lat="36.14194345660507678985595703125" lon="-115.3988599218428134918212890625">
        <ele>1059.199951171875</ele>
        <time>2026-08-07T15:28:14.000Z</time>
        <extensions>
          <ns3:TrackPointExtension>
            <ns3:hr>155</ns3:hr>
          </ns3:TrackPointExtension>
        </extensions>
      </trkpt>
      <trkpt lat="36.1418759822845458984375" lon="-115.3990154899656772613525390625">
        <ele>1059.5999755859375</ele>
        <time>2026-08-07T15:28:17.000Z</time>
        <extensions>
          <ns3:TrackPointExtension>
            <ns3:hr>156</ns3:hr>
          </ns3:TrackPointExtension>
        </extensions>
      </trkpt>
      <trkpt lat="36.141814626753330230712890625" lon="-115.39917248301208019256591796875">
        <ele>1060.199951171875</ele>
        <time>2026-08-07T15:28:20.000Z</time>
        <extensions>
          <ns3:TrackPointExtension>
            <ns3:hr>156</ns3:hr>
          </ns3:TrackPointExtension>
        </extensions>
      </trkpt>
      <trkpt lat="36.14170708693563938140869140625" lon="-115.39943986572325229644775390625">
        <ele>1060.800048828125</ele>
        <time>2026-08-07T15:28:25.000Z</time>
        <extensions>
          <ns3:TrackPointExtension>
            <ns3:hr>156</ns3:hr>
          </ns3:TrackPointExtension>
        </extensions>
      </trkpt>
      <trkpt lat="36.1416427977383136749267578125" lon="-115.39959761314094066619873046875">
        <ele>1061.199951171875</ele>
        <time>2026-08-07T15:28:28.000Z</time>
        <extensions>
          <ns3:TrackPointExtension>
            <ns3:hr>156</ns3:hr>
          </ns3:TrackPointExtension>
        </extensions>
      </trkpt>
      <trkpt lat="36.14152771420776844024658203125" lon="-115.39985493756830692291259765625">
        <ele>1062</ele>
        <time>2026-08-07T15:28:33.000Z</time>
        <extensions>
          <ns3:TrackPointExtension>
            <ns3:hr>156</ns3:hr>
          </ns3:TrackPointExtension>
        </extensions>
      </trkpt>
      <trkpt lat="36.1414811946451663970947265625" lon="-115.39995669387280941009521484375">
        <ele>1062.4000244140625</ele>
        <time>2026-08-07T15:28:35.000Z</time>
        <extensions>
          <ns3:TrackPointExtension>
            <ns3:hr>156</ns3:hr>
          </ns3:TrackPointExtension>
        </extensions>
      </trkpt>
      <trkpt lat="36.14135622046887874603271484375" lon="-115.4002576880156993865966796875">
        <ele>1063.199951171875</ele>
        <time>2026-08-07T15:28:41.000Z</time>
        <extensions>
          <ns3:TrackPointExtension>
            <ns3:hr>156</ns3:hr>
          </ns3:TrackPointExtension>
        </extensions>
      </trkpt>
      <trkpt lat="36.14131581969559192657470703125" lon="-115.40035751648247241973876953125">
        <ele>1063.4000244140625</ele>
        <time>2026-08-07T15:28:43.000Z</time>
        <extensions>
          <ns3:TrackPointExtension>
            <ns3:hr>156</ns3:hr>
          </ns3:TrackPointExtension>
        </extensions>
      </trkpt>
      <trkpt lat="36.1410952918231487274169921875" lon="-115.40084450505673885345458984375">
        <ele>1064.4000244140625</ele>
        <time>2026-08-07T15:28:53.000Z</time>
        <extensions>
          <ns3:TrackPointExtension>
            <ns3:hr>155</ns3:hr>
          </ns3:TrackPointExtension>
        </extensions>
      </trkpt>
      <trkpt lat="36.14091985858976840972900390625" lon="-115.4012413881719112396240234375">
        <ele>1065.5999755859375</ele>
        <time>2026-08-07T15:29:01.000Z</time>
        <extensions>
          <ns3:TrackPointExtension>
            <ns3:hr>153</ns3:hr>
          </ns3:TrackPointExtension>
        </extensions>
      </trkpt>
      <trkpt lat="36.14087828435003757476806640625" lon="-115.4013409651815891265869140625">
        <ele>1065.800048828125</ele>
        <time>2026-08-07T15:29:03.000Z</time>
        <extensions>
          <ns3:TrackPointExtension>
            <ns3:hr>152</ns3:hr>
          </ns3:TrackPointExtension>
        </extensions>
      </trkpt>
      <trkpt lat="36.1407266557216644287109375" lon="-115.40169543586671352386474609375">
        <ele>1066.5999755859375</ele>
        <time>2026-08-07T15:29:10.000Z</time>
        <extensions>
          <ns3:TrackPointExtension>
            <ns3:hr>153</ns3:hr>
          </ns3:TrackPointExtension>
        </extensions>
      </trkpt>
      <trkpt lat="36.1406845785677433013916015625" lon="-115.40179283358156681060791015625">
        <ele>1066.800048828125</ele>
        <time>2026-08-07T15:29:12.000Z</time>
        <extensions>
          <ns3:TrackPointExtension>
            <ns3:hr>154</ns3:hr>
          </ns3:TrackPointExtension>
        </extensions>
      </trkpt>
      <trkpt lat="36.140491627156734466552734375" lon="-115.40225534699857234954833984375">
        <ele>1067.800048828125</ele>
        <time>2026-08-07T15:29:21.000Z</time>
        <extensions>
          <ns3:TrackPointExtension>
            <ns3:hr>153</ns3:hr>
          </ns3:TrackPointExtension>
        </extensions>
      </trkpt>
      <trkpt lat="36.1404689960181713104248046875" lon="-115.40230614133179187774658203125">
        <ele>1067.800048828125</ele>
        <time>2026-08-07T15:29:22.000Z</time>
        <extensions>
          <ns3:TrackPointExtension>
            <ns3:hr>153</ns3:hr>
          </ns3:TrackPointExtension>
        </extensions>
      </trkpt>
      <trkpt lat="36.14029004238545894622802734375" lon="-115.40270847268402576446533203125">
        <ele>1068.800048828125</ele>
        <time>2026-08-07T15:29:30.000Z</time>
        <extensions>
          <ns3:TrackPointExtension>
            <ns3:hr>149</ns3:hr>
          </ns3:TrackPointExtension>
        </extensions>
      </trkpt>
      <trkpt lat="36.14022080786526203155517578125" lon="-115.402845181524753570556640625">
        <ele>1069</ele>
        <time>2026-08-07T15:29:33.000Z</time>
        <extensions>
          <ns3:TrackPointExtension>
            <ns3:hr>148</ns3:hr>
          </ns3:TrackPointExtension>
        </extensions>
      </trkpt>
      <trkpt lat="36.13996013067662715911865234375" lon="-115.40329319424927234649658203125">
        <ele>1069.800048828125</ele>
        <time>2026-08-07T15:29:43.000Z</time>
        <extensions>
          <ns3:TrackPointExtension>
            <ns3:hr>146</ns3:hr>
          </ns3:TrackPointExtension>
        </extensions>
      </trkpt>
      <trkpt lat="36.13993129692971706390380859375" lon="-115.40333812125027179718017578125">
        <ele>1069.800048828125</ele>
        <time>2026-08-07T15:29:44.000Z</time>
        <extensions>
          <ns3:TrackPointExtension>
            <ns3:hr>146</ns3:hr>
          </ns3:TrackPointExtension>
        </extensions>
      </trkpt>
      <trkpt lat="36.13965067081153392791748046875" lon="-115.4037925042212009429931640625">
        <ele>1071</ele>
        <time>2026-08-07T15:29:54.000Z</time>
        <extensions>
          <ns3:TrackPointExtension>
            <ns3:hr>146</ns3:hr>
          </ns3:TrackPointExtension>
        </extensions>
      </trkpt>
      <trkpt lat="36.1396220885217189788818359375" lon="-115.40383768267929553985595703125">
        <ele>1071</ele>
        <time>2026-08-07T15:29:55.000Z</time>
        <extensions>
          <ns3:TrackPointExtension>
            <ns3:hr>145</ns3:hr>
          </ns3:TrackPointExtension>
        </extensions>
      </trkpt>
      <trkpt lat="36.13934221677482128143310546875" lon="-115.40428183972835540771484375">
        <ele>1072</ele>
        <time>2026-08-07T15:30:05.000Z</time>
        <extensions>
          <ns3:TrackPointExtension>
            <ns3:hr>147</ns3:hr>
          </ns3:TrackPointExtension>
        </extensions>
      </trkpt>
      <trkpt lat="36.139096878468990325927734375" lon="-115.40467855520546436309814453125">
        <ele>1073</ele>
        <time>2026-08-07T15:30:14.000Z</time>
        <extensions>
          <ns3:TrackPointExtension>
            <ns3:hr>148</ns3:hr>
          </ns3:TrackPointExtension>
        </extensions>
      </trkpt>
      <trkpt lat="36.13903845660388469696044921875" lon="-115.4047641344368457794189453125">
        <ele>1073.5999755859375</ele>
        <time>2026-08-07T15:30:16.000Z</time>
        <extensions>
          <ns3:TrackPointExtension>
            <ns3:hr>148</ns3:hr>
          </ns3:TrackPointExtension>
        </extensions>
      </trkpt>
      <trkpt lat="36.13897827453911304473876953125" lon="-115.40485139004886150360107421875">
        <ele>1074.199951171875</ele>
        <time>2026-08-07T15:30:18.000Z</time>
        <extensions>
          <ns3:TrackPointExtension>
            <ns3:hr>148</ns3:hr>
          </ns3:TrackPointExtension>
        </extensions>
      </trkpt>
      <trkpt lat="36.138861514627933502197265625" lon="-115.4050383903086185455322265625">
        <ele>1074.5999755859375</ele>
        <time>2026-08-07T15:30:22.000Z</time>
        <extensions>
          <ns3:TrackPointExtension>
            <ns3:hr>148</ns3:hr>
          </ns3:TrackPointExtension>
        </extensions>
      </trkpt>
      <trkpt lat="36.1387765221297740936279296875" lon="-115.40517610497772693634033203125">
        <ele>1074.800048828125</ele>
        <time>2026-08-07T15:30:25.000Z</time>
        <extensions>
          <ns3:TrackPointExtension>
            <ns3:hr>145</ns3:hr>
          </ns3:TrackPointExtension>
        </extensions>
      </trkpt>
      <trkpt lat="36.13868960179388523101806640625" lon="-115.4053166694939136505126953125">
        <ele>1075.199951171875</ele>
        <time>2026-08-07T15:30:28.000Z</time>
        <extensions>
          <ns3:TrackPointExtension>
            <ns3:hr>145</ns3:hr>
          </ns3:TrackPointExtension>
        </extensions>
      </trkpt>
      <trkpt lat="36.138570494949817657470703125" lon="-115.40550601668655872344970703125">
        <ele>1075.4000244140625</ele>
        <time>2026-08-07T15:30:32.000Z</time>
        <extensions>
          <ns3:TrackPointExtension>
            <ns3:hr>146</ns3:hr>
          </ns3:TrackPointExtension>
        </extensions>
      </trkpt>
      <trkpt lat="36.13848256878554821014404296875" lon="-115.405649431049823760986328125">
        <ele>1075.800048828125</ele>
        <time>2026-08-07T15:30:35.000Z</time>
        <extensions>
          <ns3:TrackPointExtension>
            <ns3:hr>143</ns3:hr>
          </ns3:TrackPointExtension>
        </extensions>
      </trkpt>
      <trkpt lat="36.13833747804164886474609375" lon="-115.40587834082543849945068359375">
        <ele>1076.199951171875</ele>
        <time>2026-08-07T15:30:40.000Z</time>
        <extensions>
          <ns3:TrackPointExtension>
            <ns3:hr>145</ns3:hr>
          </ns3:TrackPointExtension>
        </extensions>
      </trkpt>
      <trkpt lat="36.13827637396752834320068359375" lon="-115.40597389452159404754638671875">
        <ele>1076.5999755859375</ele>
        <time>2026-08-07T15:30:42.000Z</time>
        <extensions>
          <ns3:TrackPointExtension>
            <ns3:hr>144</ns3:hr>
          </ns3:TrackPointExtension>
        </extensions>
      </trkpt>
      <trkpt lat="36.138036735355854034423828125" lon="-115.406352840363979339599609375">
        <ele>1077.4000244140625</ele>
        <time>2026-08-07T15:30:50.000Z</time>
        <extensions>
          <ns3:TrackPointExtension>
            <ns3:hr>143</ns3:hr>
          </ns3:TrackPointExtension>
        </extensions>
      </trkpt>
      <trkpt lat="36.13800781778991222381591796875" lon="-115.40640019811689853668212890625">
        <ele>1077.5999755859375</ele>
        <time>2026-08-07T15:30:51.000Z</time>
        <extensions>
          <ns3:TrackPointExtension>
            <ns3:hr>143</ns3:hr>
          </ns3:TrackPointExtension>
        </extensions>
      </trkpt>
      <trkpt lat="36.1378003656864166259765625" lon="-115.40673396550118923187255859375">
        <ele>1078.4000244140625</ele>
        <time>2026-08-07T15:30:58.000Z</time>
        <extensions>
          <ns3:TrackPointExtension>
            <ns3:hr>142</ns3:hr>
          </ns3:TrackPointExtension>
        </extensions>
      </trkpt>
      <trkpt lat="36.13768008537590503692626953125" lon="-115.40691736154258251190185546875">
        <ele>1079</ele>
        <time>2026-08-07T15:31:02.000Z</time>
        <extensions>
          <ns3:TrackPointExtension>
            <ns3:hr>144</ns3:hr>
          </ns3:TrackPointExtension>
        </extensions>
      </trkpt>
      <trkpt lat="36.13751948811113834381103515625" lon="-115.40715314447879791259765625">
        <ele>1079.5999755859375</ele>
        <time>2026-08-07T15:31:07.000Z</time>
        <extensions>
          <ns3:TrackPointExtension>
            <ns3:hr>147</ns3:hr>
          </ns3:TrackPointExtension>
        </extensions>
      </trkpt>
      <trkpt lat="36.1374196596443653106689453125" lon="-115.4072877578437328338623046875">
        <ele>1080</ele>
        <time>2026-08-07T15:31:10.000Z</time>
        <extensions>
          <ns3:TrackPointExtension>
            <ns3:hr>146</ns3:hr>
          </ns3:TrackPointExtension>
        </extensions>
      </trkpt>
      <trkpt lat="36.13724204711616039276123046875" lon="-115.40750895626842975616455078125">
        <ele>1080.5999755859375</ele>
        <time>2026-08-07T15:31:15.000Z</time>
        <extensions>
          <ns3:TrackPointExtension>
            <ns3:hr>147</ns3:hr>
          </ns3:TrackPointExtension>
        </extensions>
      </trkpt>
      <trkpt lat="36.13706971518695354461669921875" lon="-115.4077219404280185699462890625">
        <ele>1080.800048828125</ele>
        <time>2026-08-07T15:31:20.000Z</time>
        <extensions>
          <ns3:TrackPointExtension>
            <ns3:hr>149</ns3:hr>
          </ns3:TrackPointExtension>
        </extensions>
      </trkpt>
      <trkpt lat="36.13679244183003902435302734375" lon="-115.40806937031447887420654296875">
        <ele>1081.5999755859375</ele>
        <time>2026-08-07T15:31:28.000Z</time>
        <extensions>
          <ns3:TrackPointExtension>
            <ns3:hr>152</ns3:hr>
          </ns3:TrackPointExtension>
        </extensions>
      </trkpt>
      <trkpt lat="36.13672572188079357147216796875" lon="-115.4081537760794162750244140625">
        <ele>1081.800048828125</ele>
        <time>2026-08-07T15:31:30.000Z</time>
        <extensions>
          <ns3:TrackPointExtension>
            <ns3:hr>149</ns3:hr>
          </ns3:TrackPointExtension>
        </extensions>
      </trkpt>
      <trkpt lat="36.13669135607779026031494140625" lon="-115.40819518268108367919921875">
        <ele>1081.800048828125</ele>
        <time>2026-08-07T15:31:31.000Z</time>
        <extensions>
          <ns3:TrackPointExtension>
            <ns3:hr>144</ns3:hr>
          </ns3:TrackPointExtension>
        </extensions>
      </trkpt>
      <trkpt lat="36.13646118901669979095458984375" lon="-115.4084853641688823699951171875">
        <ele>1082.5999755859375</ele>
        <time>2026-08-07T15:31:38.000Z</time>
        <extensions>
          <ns3:TrackPointExtension>
            <ns3:hr>143</ns3:hr>
          </ns3:TrackPointExtension>
        </extensions>
      </trkpt>
      <trkpt lat="36.1363974027335643768310546875" lon="-115.40856666862964630126953125">
        <ele>1083</ele>
        <time>2026-08-07T15:31:40.000Z</time>
        <extensions>
          <ns3:TrackPointExtension>
            <ns3:hr>143</ns3:hr>
          </ns3:TrackPointExtension>
        </extensions>
      </trkpt>
      <trkpt lat="36.13618022762238979339599609375" lon="-115.40884771384298801422119140625">
        <ele>1083.800048828125</ele>
        <time>2026-08-07T15:31:47.000Z</time>
        <extensions>
          <ns3:TrackPointExtension>
            <ns3:hr>143</ns3:hr>
          </ns3:TrackPointExtension>
        </extensions>
      </trkpt>
      <trkpt lat="36.13605315797030925750732421875" lon="-115.40900579653680324554443359375">
        <ele>1084.199951171875</ele>
        <time>2026-08-07T15:31:51.000Z</time>
        <extensions>
          <ns3:TrackPointExtension>
            <ns3:hr>143</ns3:hr>
          </ns3:TrackPointExtension>
        </extensions>
      </trkpt>
      <trkpt lat="36.13592592068016529083251953125" lon="-115.409157760441303253173828125">
        <ele>1084.5999755859375</ele>
        <time>2026-08-07T15:31:55.000Z</time>
        <extensions>
          <ns3:TrackPointExtension>
            <ns3:hr>140</ns3:hr>
          </ns3:TrackPointExtension>
        </extensions>
      </trkpt>
      <trkpt lat="36.1358951590955257415771484375" lon="-115.40919388644397258758544921875">
        <ele>1084.800048828125</ele>
        <time>2026-08-07T15:31:56.000Z</time>
        <extensions>
          <ns3:TrackPointExtension>
            <ns3:hr>138</ns3:hr>
          </ns3:TrackPointExtension>
        </extensions>
      </trkpt>
      <trkpt lat="36.13580220378935337066650390625" lon="-115.4093155078589916229248046875">
        <ele>1085.199951171875</ele>
        <time>2026-08-07T15:31:59.000Z</time>
        <extensions>
          <ns3:TrackPointExtension>
            <ns3:hr>135</ns3:hr>
          </ns3:TrackPointExtension>
        </extensions>
      </trkpt>
      <trkpt lat="36.13577194511890411376953125" lon="-115.40935532189905643463134765625">
        <ele>1085.4000244140625</ele>
        <time>2026-08-07T15:32:00.000Z</time>
        <extensions>
          <ns3:TrackPointExtension>
            <ns3:hr>135</ns3:hr>
          </ns3:TrackPointExtension>
        </extensions>
      </trkpt>
      <trkpt lat="36.13565015606582164764404296875" lon="-115.4095160029828548431396484375">
        <ele>1085.800048828125</ele>
        <time>2026-08-07T15:32:04.000Z</time>
        <extensions>
          <ns3:TrackPointExtension>
            <ns3:hr>135</ns3:hr>
          </ns3:TrackPointExtension>
        </extensions>
      </trkpt>
      <trkpt lat="36.13559131510555744171142578125" lon="-115.40959655307233333587646484375">
        <ele>1086</ele>
        <time>2026-08-07T15:32:06.000Z</time>
        <extensions>
          <ns3:TrackPointExtension>
            <ns3:hr>140</ns3:hr>
          </ns3:TrackPointExtension>
        </extensions>
      </trkpt>
      <trkpt lat="36.13556214608252048492431640625" lon="-115.40963552892208099365234375">
        <ele>1086.199951171875</ele>
        <time>2026-08-07T15:32:07.000Z</time>
        <extensions>
          <ns3:TrackPointExtension>
            <ns3:hr>146</ns3:hr>
          </ns3:TrackPointExtension>
        </extensions>
      </trkpt>
      <trkpt lat="36.13544630818068981170654296875" lon="-115.4097892530262470245361328125">
        <ele>1086.800048828125</ele>
        <time>2026-08-07T15:32:11.000Z</time>
        <extensions>
          <ns3:TrackPointExtension>
            <ns3:hr>147</ns3:hr>
          </ns3:TrackPointExtension>
        </extensions>
      </trkpt>
      <trkpt lat="36.1354190669953823089599609375" lon="-115.409832000732421875">
        <ele>1086.800048828125</ele>
        <time>2026-08-07T15:32:12.000Z</time>
        <extensions>
          <ns3:TrackPointExtension>
            <ns3:hr>147</ns3:hr>
          </ns3:TrackPointExtension>
        </extensions>
      </trkpt>
      <trkpt lat="36.1352356709539890289306640625" lon="-115.41012327186763286590576171875">
        <ele>1088</ele>
        <time>2026-08-07T15:32:19.000Z</time>
        <extensions>
          <ns3:TrackPointExtension>
            <ns3:hr>148</ns3:hr>
          </ns3:TrackPointExtension>
        </extensions>
      </trkpt>
      <trkpt lat="36.13518579863011837005615234375" lon="-115.41020893491804599761962890625">
        <ele>1088.199951171875</ele>
        <time>2026-08-07T15:32:21.000Z</time>
        <extensions>
          <ns3:TrackPointExtension>
            <ns3:hr>147</ns3:hr>
          </ns3:TrackPointExtension>
        </extensions>
      </trkpt>
      <trkpt lat="36.134995780885219573974609375" lon="-115.41052007116377353668212890625">
        <ele>1089</ele>
        <time>2026-08-07T15:32:28.000Z</time>
        <extensions>
          <ns3:TrackPointExtension>
            <ns3:hr>148</ns3:hr>
          </ns3:TrackPointExtension>
        </extensions>
      </trkpt>
      <trkpt lat="36.13491757772862911224365234375" lon="-115.410651080310344696044921875">
        <ele>1089.4000244140625</ele>
        <time>2026-08-07T15:32:31.000Z</time>
        <extensions>
          <ns3:TrackPointExtension>
            <ns3:hr>148</ns3:hr>
          </ns3:TrackPointExtension>
        </extensions>
      </trkpt>
      <trkpt lat="36.1347951181232929229736328125" lon="-115.41086859069764614105224609375">
        <ele>1090.199951171875</ele>
        <time>2026-08-07T15:32:36.000Z</time>
        <extensions>
          <ns3:TrackPointExtension>
            <ns3:hr>148</ns3:hr>
          </ns3:TrackPointExtension>
        </extensions>
      </trkpt>
      <trkpt lat="36.134667880833148956298828125" lon="-115.41108652018010616302490234375">
        <ele>1090.800048828125</ele>
        <time>2026-08-07T15:32:41.000Z</time>
        <extensions>
          <ns3:TrackPointExtension>
            <ns3:hr>148</ns3:hr>
          </ns3:TrackPointExtension>
        </extensions>
      </trkpt>
      <trkpt lat="36.13458833657205104827880859375" lon="-115.4112178646028041839599609375">
        <ele>1091.199951171875</ele>
        <time>2026-08-07T15:32:44.000Z</time>
        <extensions>
          <ns3:TrackPointExtension>
            <ns3:hr>149</ns3:hr>
          </ns3:TrackPointExtension>
        </extensions>
      </trkpt>
      <trkpt lat="36.1343733407557010650634765625" lon="-115.4115732572972774505615234375">
        <ele>1092</ele>
        <time>2026-08-07T15:32:52.000Z</time>
        <extensions>
          <ns3:TrackPointExtension>
            <ns3:hr>146</ns3:hr>
          </ns3:TrackPointExtension>
        </extensions>
      </trkpt>
      <trkpt lat="36.13434643484652042388916015625" lon="-115.41161608882248401641845703125">
        <ele>1092.199951171875</ele>
        <time>2026-08-07T15:32:53.000Z</time>
        <extensions>
          <ns3:TrackPointExtension>
            <ns3:hr>147</ns3:hr>
          </ns3:TrackPointExtension>
        </extensions>
      </trkpt>
      <trkpt lat="36.134168989956378936767578125" lon="-115.41192236356437206268310546875">
        <ele>1093.4000244140625</ele>
        <time>2026-08-07T15:33:00.000Z</time>
        <extensions>
          <ns3:TrackPointExtension>
            <ns3:hr>149</ns3:hr>
          </ns3:TrackPointExtension>
        </extensions>
      </trkpt>
      <trkpt lat="36.13411970436573028564453125" lon="-115.41201540268957614898681640625">
        <ele>1093.5999755859375</ele>
        <time>2026-08-07T15:33:02.000Z</time>
        <extensions>
          <ns3:TrackPointExtension>
            <ns3:hr>149</ns3:hr>
          </ns3:TrackPointExtension>
        </extensions>
      </trkpt>
      <trkpt lat="36.13400361500680446624755859375" lon="-115.41225244291126728057861328125">
        <ele>1094.4000244140625</ele>
        <time>2026-08-07T15:33:07.000Z</time>
        <extensions>
          <ns3:TrackPointExtension>
            <ns3:hr>150</ns3:hr>
          </ns3:TrackPointExtension>
        </extensions>
      </trkpt>
      <trkpt lat="36.1339398287236690521240234375" lon="-115.41239493526518344879150390625">
        <ele>1094.800048828125</ele>
        <time>2026-08-07T15:33:10.000Z</time>
        <extensions>
          <ns3:TrackPointExtension>
            <ns3:hr>150</ns3:hr>
          </ns3:TrackPointExtension>
        </extensions>
      </trkpt>
      <trkpt lat="36.1338442750275135040283203125" lon="-115.4126380942761898040771484375">
        <ele>1095.4000244140625</ele>
        <time>2026-08-07T15:33:15.000Z</time>
        <extensions>
          <ns3:TrackPointExtension>
            <ns3:hr>149</ns3:hr>
          </ns3:TrackPointExtension>
        </extensions>
      </trkpt>
      <trkpt lat="36.133790798485279083251953125" lon="-115.412785112857818603515625">
        <ele>1095.4000244140625</ele>
        <time>2026-08-07T15:33:18.000Z</time>
        <extensions>
          <ns3:TrackPointExtension>
            <ns3:hr>149</ns3:hr>
          </ns3:TrackPointExtension>
        </extensions>
      </trkpt>
      <trkpt lat="36.1337609589099884033203125" lon="-115.41287940926849842071533203125">
        <ele>1095.4000244140625</ele>
        <time>2026-08-07T15:33:20.000Z</time>
        <extensions>
          <ns3:TrackPointExtension>
            <ns3:hr>149</ns3:hr>
          </ns3:TrackPointExtension>
        </extensions>
      </trkpt>
      <trkpt lat="36.1336417682468891143798828125" lon="-115.41327084414660930633544921875">
        <ele>1096</ele>
        <time>2026-08-07T15:33:28.000Z</time>
        <extensions>
          <ns3:TrackPointExtension>
            <ns3:hr>149</ns3:hr>
          </ns3:TrackPointExtension>
        </extensions>
      </trkpt>
      <trkpt lat="36.1335948295891284942626953125" lon="-115.41341417469084262847900390625">
        <ele>1096.4000244140625</ele>
        <time>2026-08-07T15:33:31.000Z</time>
        <extensions>
          <ns3:TrackPointExtension>
            <ns3:hr>148</ns3:hr>
          </ns3:TrackPointExtension>
        </extensions>
      </trkpt>
      <trkpt lat="36.1334868706762790679931640625" lon="-115.41377308778464794158935546875">
        <ele>1097.199951171875</ele>
        <time>2026-08-07T15:33:38.000Z</time>
        <extensions>
          <ns3:TrackPointExtension>
            <ns3:hr>146</ns3:hr>
          </ns3:TrackPointExtension>
        </extensions>
      </trkpt>
      <trkpt lat="36.1334426142275333404541015625" lon="-115.41392974555492401123046875">
        <ele>1097.5999755859375</ele>
        <time>2026-08-07T15:33:41.000Z</time>
        <extensions>
          <ns3:TrackPointExtension>
            <ns3:hr>145</ns3:hr>
          </ns3:TrackPointExtension>
        </extensions>
      </trkpt>
      <trkpt lat="36.133385784924030303955078125" lon="-115.41412764228880405426025390625">
        <ele>1098.199951171875</ele>
        <time>2026-08-07T15:33:45.000Z</time>
        <extensions>
          <ns3:TrackPointExtension>
            <ns3:hr>146</ns3:hr>
          </ns3:TrackPointExtension>
        </extensions>
      </trkpt>
      <trkpt lat="36.13335183821618556976318359375" lon="-115.41422319598495960235595703125">
        <ele>1098.4000244140625</ele>
        <time>2026-08-07T15:33:47.000Z</time>
        <extensions>
          <ns3:TrackPointExtension>
            <ns3:hr>145</ns3:hr>
          </ns3:TrackPointExtension>
        </extensions>
      </trkpt>
      <trkpt lat="36.133336834609508514404296875" lon="-115.4142739064991474151611328125">
        <ele>1098.800048828125</ele>
        <time>2026-08-07T15:33:48.000Z</time>
        <extensions>
          <ns3:TrackPointExtension>
            <ns3:hr>146</ns3:hr>
          </ns3:TrackPointExtension>
        </extensions>
      </trkpt>
      <trkpt lat="36.13323591649532318115234375" lon="-115.41462041437625885009765625">
        <ele>1100</ele>
        <time>2026-08-07T15:33:55.000Z</time>
        <extensions>
          <ns3:TrackPointExtension>
            <ns3:hr>149</ns3:hr>
          </ns3:TrackPointExtension>
        </extensions>
      </trkpt>
      <trkpt lat="36.13319224677979946136474609375" lon="-115.41477330029010772705078125">
        <ele>1100.4000244140625</ele>
        <time>2026-08-07T15:33:58.000Z</time>
        <extensions>
          <ns3:TrackPointExtension>
            <ns3:hr>149</ns3:hr>
          </ns3:TrackPointExtension>
        </extensions>
      </trkpt>
      <trkpt lat="36.13311496563255786895751953125" lon="-115.41501604020595550537109375">
        <ele>1101</ele>
        <time>2026-08-07T15:34:03.000Z</time>
        <extensions>
          <ns3:TrackPointExtension>
            <ns3:hr>150</ns3:hr>
          </ns3:TrackPointExtension>
        </extensions>
      </trkpt>
      <trkpt lat="36.133048832416534423828125" lon="-115.4152183793485164642333984375">
        <ele>1101.4000244140625</ele>
        <time>2026-08-07T15:34:07.000Z</time>
        <extensions>
          <ns3:TrackPointExtension>
            <ns3:hr>150</ns3:hr>
          </ns3:TrackPointExtension>
        </extensions>
      </trkpt>
      <trkpt lat="36.1329858005046844482421875" lon="-115.4154165275394916534423828125">
        <ele>1102</ele>
        <time>2026-08-07T15:34:11.000Z</time>
        <extensions>
          <ns3:TrackPointExtension>
            <ns3:hr>151</ns3:hr>
          </ns3:TrackPointExtension>
        </extensions>
      </trkpt>
      <trkpt lat="36.13291312940418720245361328125" lon="-115.41560621000826358795166015625">
        <ele>1102.800048828125</ele>
        <time>2026-08-07T15:34:15.000Z</time>
        <extensions>
          <ns3:TrackPointExtension>
            <ns3:hr>152</ns3:hr>
          </ns3:TrackPointExtension>
        </extensions>
      </trkpt>
      <trkpt lat="36.1328535340726375579833984375" lon="-115.415753982961177825927734375">
        <ele>1103.199951171875</ele>
        <time>2026-08-07T15:34:18.000Z</time>
        <extensions>
          <ns3:TrackPointExtension>
            <ns3:hr>152</ns3:hr>
          </ns3:TrackPointExtension>
        </extensions>
      </trkpt>
      <trkpt lat="36.1326889134943485260009765625" lon="-115.4161527939140796661376953125">
        <ele>1104.4000244140625</ele>
        <time>2026-08-07T15:34:26.000Z</time>
        <extensions>
          <ns3:TrackPointExtension>
            <ns3:hr>151</ns3:hr>
          </ns3:TrackPointExtension>
        </extensions>
      </trkpt>
      <trkpt lat="36.13262705504894256591796875" lon="-115.41629704646766185760498046875">
        <ele>1104.800048828125</ele>
        <time>2026-08-07T15:34:29.000Z</time>
        <extensions>
          <ns3:TrackPointExtension>
            <ns3:hr>148</ns3:hr>
          </ns3:TrackPointExtension>
        </extensions>
      </trkpt>
      <trkpt lat="36.13254097290337085723876953125" lon="-115.416531823575496673583984375">
        <ele>1105.4000244140625</ele>
        <time>2026-08-07T15:34:34.000Z</time>
        <extensions>
          <ns3:TrackPointExtension>
            <ns3:hr>147</ns3:hr>
          </ns3:TrackPointExtension>
        </extensions>
      </trkpt>
      <trkpt lat="36.132527478039264678955078125" lon="-115.41657683439552783966064453125">
        <ele>1105.4000244140625</ele>
        <time>2026-08-07T15:34:35.000Z</time>
        <extensions>
          <ns3:TrackPointExtension>
            <ns3:hr>148</ns3:hr>
          </ns3:TrackPointExtension>
        </extensions>
      </trkpt>
      <trkpt lat="36.1324525438249111175537109375" lon="-115.41680213995277881622314453125">
        <ele>1106.199951171875</ele>
        <time>2026-08-07T15:34:40.000Z</time>
        <extensions>
          <ns3:TrackPointExtension>
            <ns3:hr>151</ns3:hr>
          </ns3:TrackPointExtension>
        </extensions>
      </trkpt>
      <trkpt lat="36.1324290744960308074951171875" lon="-115.4168947599828243255615234375">
        <ele>1106.5999755859375</ele>
        <time>2026-08-07T15:34:42.000Z</time>
        <extensions>
          <ns3:TrackPointExtension>
            <ns3:hr>150</ns3:hr>
          </ns3:TrackPointExtension>
        </extensions>
      </trkpt>
      <trkpt lat="36.13234550692141056060791015625" lon="-115.4172860272228717803955078125">
        <ele>1107.5999755859375</ele>
        <time>2026-08-07T15:34:50.000Z</time>
        <extensions>
          <ns3:TrackPointExtension>
            <ns3:hr>150</ns3:hr>
          </ns3:TrackPointExtension>
        </extensions>
      </trkpt>
      <trkpt lat="36.13233846612274646759033203125" lon="-115.4173383302986621856689453125">
        <ele>1107.800048828125</ele>
        <time>2026-08-07T15:34:51.000Z</time>
        <extensions>
          <ns3:TrackPointExtension>
            <ns3:hr>150</ns3:hr>
          </ns3:TrackPointExtension>
        </extensions>
      </trkpt>
      <trkpt lat="36.132308542728424072265625" lon="-115.41765105910599231719970703125">
        <ele>1108.5999755859375</ele>
        <time>2026-08-07T15:34:57.000Z</time>
        <extensions>
          <ns3:TrackPointExtension>
            <ns3:hr>150</ns3:hr>
          </ns3:TrackPointExtension>
        </extensions>
      </trkpt>
      <trkpt lat="36.13229714334011077880859375" lon="-115.41785524226725101470947265625">
        <ele>1109.199951171875</ele>
        <time>2026-08-07T15:35:01.000Z</time>
        <extensions>
          <ns3:TrackPointExtension>
            <ns3:hr>151</ns3:hr>
          </ns3:TrackPointExtension>
        </extensions>
      </trkpt>
      <trkpt lat="36.1322808824479579925537109375" lon="-115.41806839406490325927734375">
        <ele>1109.800048828125</ele>
        <time>2026-08-07T15:35:05.000Z</time>
        <extensions>
          <ns3:TrackPointExtension>
            <ns3:hr>153</ns3:hr>
          </ns3:TrackPointExtension>
        </extensions>
      </trkpt>
      <trkpt lat="36.13226520828902721405029296875" lon="-115.4183327592909336090087890625">
        <ele>1110.199951171875</ele>
        <time>2026-08-07T15:35:10.000Z</time>
        <extensions>
          <ns3:TrackPointExtension>
            <ns3:hr>154</ns3:hr>
          </ns3:TrackPointExtension>
        </extensions>
      </trkpt>
      <trkpt lat="36.13225816749036312103271484375" lon="-115.4184960387647151947021484375">
        <ele>1110.800048828125</ele>
        <time>2026-08-07T15:35:13.000Z</time>
        <extensions>
          <ns3:TrackPointExtension>
            <ns3:hr>154</ns3:hr>
          </ns3:TrackPointExtension>
        </extensions>
      </trkpt>
      <trkpt lat="36.1322409845888614654541015625" lon="-115.41888755746185779571533203125">
        <ele>1111.800048828125</ele>
        <time>2026-08-07T15:35:20.000Z</time>
        <extensions>
          <ns3:TrackPointExtension>
            <ns3:hr>156</ns3:hr>
          </ns3:TrackPointExtension>
        </extensions>
      </trkpt>
      <trkpt lat="36.132233105599880218505859375" lon="-115.41914840228855609893798828125">
        <ele>1113</ele>
        <time>2026-08-07T15:35:25.000Z</time>
        <extensions>
          <ns3:TrackPointExtension>
            <ns3:hr>155</ns3:hr>
          </ns3:TrackPointExtension>
        </extensions>
      </trkpt>
      <trkpt lat="36.132221035659313201904296875" lon="-115.41935384273529052734375">
        <ele>1113.5999755859375</ele>
        <time>2026-08-07T15:35:29.000Z</time>
        <extensions>
          <ns3:TrackPointExtension>
            <ns3:hr>156</ns3:hr>
          </ns3:TrackPointExtension>
        </extensions>
      </trkpt>
      <trkpt lat="36.13220184110105037689208984375" lon="-115.41956867091357707977294921875">
        <ele>1114</ele>
        <time>2026-08-07T15:35:33.000Z</time>
        <extensions>
          <ns3:TrackPointExtension>
            <ns3:hr>155</ns3:hr>
          </ns3:TrackPointExtension>
        </extensions>
      </trkpt>
      <trkpt lat="36.132177449762821197509765625" lon="-115.4197332076728343963623046875">
        <ele>1114.4000244140625</ele>
        <time>2026-08-07T15:35:36.000Z</time>
        <extensions>
          <ns3:TrackPointExtension>
            <ns3:hr>153</ns3:hr>
          </ns3:TrackPointExtension>
        </extensions>
      </trkpt>
      <trkpt lat="36.13212355412542819976806640625" lon="-115.41999111883342266082763671875">
        <ele>1115.199951171875</ele>
        <time>2026-08-07T15:35:41.000Z</time>
        <extensions>
          <ns3:TrackPointExtension>
            <ns3:hr>154</ns3:hr>
          </ns3:TrackPointExtension>
        </extensions>
      </trkpt>
      <trkpt lat="36.13205314613878726959228515625" lon="-115.42026042938232421875">
        <ele>1115.800048828125</ele>
        <time>2026-08-07T15:35:46.000Z</time>
        <extensions>
          <ns3:TrackPointExtension>
            <ns3:hr>155</ns3:hr>
          </ns3:TrackPointExtension>
        </extensions>
      </trkpt>
      <trkpt lat="36.13198307342827320098876953125" lon="-115.420484058558940887451171875">
        <ele>1116.199951171875</ele>
        <time>2026-08-07T15:35:50.000Z</time>
        <extensions>
          <ns3:TrackPointExtension>
            <ns3:hr>155</ns3:hr>
          </ns3:TrackPointExtension>
        </extensions>
      </trkpt>
      <trkpt lat="36.131908893585205078125" lon="-115.42070073075592517852783203125">
        <ele>1117.4000244140625</ele>
        <time>2026-08-07T15:35:54.000Z</time>
        <extensions>
          <ns3:TrackPointExtension>
            <ns3:hr>155</ns3:hr>
          </ns3:TrackPointExtension>
        </extensions>
      </trkpt>
      <trkpt lat="36.131891123950481414794921875" lon="-115.42075454257428646087646484375">
        <ele>1117.5999755859375</ele>
        <time>2026-08-07T15:35:55.000Z</time>
        <extensions>
          <ns3:TrackPointExtension>
            <ns3:hr>155</ns3:hr>
          </ns3:TrackPointExtension>
        </extensions>
      </trkpt>
      <trkpt lat="36.1317974142730236053466796875" lon="-115.4210156388580799102783203125">
        <ele>1118.4000244140625</ele>
        <time>2026-08-07T15:36:00.000Z</time>
        <extensions>
          <ns3:TrackPointExtension>
            <ns3:hr>154</ns3:hr>
          </ns3:TrackPointExtension>
        </extensions>
      </trkpt>
      <trkpt lat="36.1317251622676849365234375" lon="-115.42121051810681819915771484375">
        <ele>1119</ele>
        <time>2026-08-07T15:36:04.000Z</time>
        <extensions>
          <ns3:TrackPointExtension>
            <ns3:hr>155</ns3:hr>
          </ns3:TrackPointExtension>
        </extensions>
      </trkpt>
      <trkpt lat="36.1316736973822116851806640625" lon="-115.4213368333876132965087890625">
        <ele>1119.4000244140625</ele>
        <time>2026-08-07T15:36:07.000Z</time>
        <extensions>
          <ns3:TrackPointExtension>
            <ns3:hr>154</ns3:hr>
          </ns3:TrackPointExtension>
        </extensions>
      </trkpt>
      <trkpt lat="36.13158074207603931427001953125" lon="-115.42150421999394893646240234375">
        <ele>1119.800048828125</ele>
        <time>2026-08-07T15:36:11.000Z</time>
        <extensions>
          <ns3:TrackPointExtension>
            <ns3:hr>154</ns3:hr>
          </ns3:TrackPointExtension>
        </extensions>
      </trkpt>
      <trkpt lat="36.131560541689395904541015625" lon="-115.42155300267040729522705078125">
        <ele>1120</ele>
        <time>2026-08-07T15:36:12.000Z</time>
        <extensions>
          <ns3:TrackPointExtension>
            <ns3:hr>154</ns3:hr>
          </ns3:TrackPointExtension>
        </extensions>
      </trkpt>
      <trkpt lat="36.1314681731164455413818359375" lon="-115.4217542521655559539794921875">
        <ele>1120.4000244140625</ele>
        <time>2026-08-07T15:36:16.000Z</time>
        <extensions>
          <ns3:TrackPointExtension>
            <ns3:hr>151</ns3:hr>
          </ns3:TrackPointExtension>
        </extensions>
      </trkpt>
      <trkpt lat="36.13144227303564548492431640625" lon="-115.4218048788607120513916015625">
        <ele>1120.4000244140625</ele>
        <time>2026-08-07T15:36:17.000Z</time>
        <extensions>
          <ns3:TrackPointExtension>
            <ns3:hr>152</ns3:hr>
          </ns3:TrackPointExtension>
        </extensions>
      </trkpt>
      <trkpt lat="36.13116935826838016510009765625" lon="-115.4223315976560115814208984375">
        <ele>1121.5999755859375</ele>
        <time>2026-08-07T15:36:28.000Z</time>
        <extensions>
          <ns3:TrackPointExtension>
            <ns3:hr>151</ns3:hr>
          </ns3:TrackPointExtension>
        </extensions>
      </trkpt>
      <trkpt lat="36.13095981068909168243408203125" lon="-115.4227791912853717803955078125">
        <ele>1122.5999755859375</ele>
        <time>2026-08-07T15:36:37.000Z</time>
        <extensions>
          <ns3:TrackPointExtension>
            <ns3:hr>148</ns3:hr>
          </ns3:TrackPointExtension>
        </extensions>
      </trkpt>
      <trkpt lat="36.1309347487986087799072265625" lon="-115.4228271357715129852294921875">
        <ele>1122.5999755859375</ele>
        <time>2026-08-07T15:36:38.000Z</time>
        <extensions>
          <ns3:TrackPointExtension>
            <ns3:hr>147</ns3:hr>
          </ns3:TrackPointExtension>
        </extensions>
      </trkpt>
      <trkpt lat="36.13079887814819812774658203125" lon="-115.423119999468326568603515625">
        <ele>1123.199951171875</ele>
        <time>2026-08-07T15:36:44.000Z</time>
        <extensions>
          <ns3:TrackPointExtension>
            <ns3:hr>150</ns3:hr>
          </ns3:TrackPointExtension>
        </extensions>
      </trkpt>
      <trkpt lat="36.1307342536747455596923828125" lon="-115.423267520964145660400390625">
        <ele>1123.5999755859375</ele>
        <time>2026-08-07T15:36:47.000Z</time>
        <extensions>
          <ns3:TrackPointExtension>
            <ns3:hr>149</ns3:hr>
          </ns3:TrackPointExtension>
        </extensions>
      </trkpt>
      <trkpt lat="36.13071187399327754974365234375" lon="-115.42331856675446033477783203125">
        <ele>1123.5999755859375</ele>
        <time>2026-08-07T15:36:48.000Z</time>
        <extensions>
          <ns3:TrackPointExtension>
            <ns3:hr>148</ns3:hr>
          </ns3:TrackPointExtension>
        </extensions>
      </trkpt>
      <trkpt lat="36.13051506690680980682373046875" lon="-115.4237659089267253875732421875">
        <ele>1124.5999755859375</ele>
        <time>2026-08-07T15:36:57.000Z</time>
        <extensions>
          <ns3:TrackPointExtension>
            <ns3:hr>148</ns3:hr>
          </ns3:TrackPointExtension>
        </extensions>
      </trkpt>
      <trkpt lat="36.1304911784827709197998046875" lon="-115.42381326667964458465576171875">
        <ele>1124.800048828125</ele>
        <time>2026-08-07T15:36:58.000Z</time>
        <extensions>
          <ns3:TrackPointExtension>
            <ns3:hr>148</ns3:hr>
          </ns3:TrackPointExtension>
        </extensions>
      </trkpt>
      <trkpt lat="36.13033351488411426544189453125" lon="-115.42415910400450229644775390625">
        <ele>1125.5999755859375</ele>
        <time>2026-08-07T15:37:05.000Z</time>
        <extensions>
          <ns3:TrackPointExtension>
            <ns3:hr>148</ns3:hr>
          </ns3:TrackPointExtension>
        </extensions>
      </trkpt>
      <trkpt lat="36.1303094588220119476318359375" lon="-115.42420922778546810150146484375">
        <ele>1125.800048828125</ele>
        <time>2026-08-07T15:37:06.000Z</time>
        <extensions>
          <ns3:TrackPointExtension>
            <ns3:hr>148</ns3:hr>
          </ns3:TrackPointExtension>
        </extensions>
      </trkpt>
      <trkpt lat="36.13010938279330730438232421875" lon="-115.42466520331799983978271484375">
        <ele>1126.800048828125</ele>
        <time>2026-08-07T15:37:15.000Z</time>
        <extensions>
          <ns3:TrackPointExtension>
            <ns3:hr>150</ns3:hr>
          </ns3:TrackPointExtension>
        </extensions>
      </trkpt>
      <trkpt lat="36.1300858296453952789306640625" lon="-115.4247167520225048065185546875">
        <ele>1126.800048828125</ele>
        <time>2026-08-07T15:37:16.000Z</time>
        <extensions>
          <ns3:TrackPointExtension>
            <ns3:hr>150</ns3:hr>
          </ns3:TrackPointExtension>
        </extensions>
      </trkpt>
      <trkpt lat="36.12996990792453289031982421875" lon="-115.42497885413467884063720703125">
        <ele>1127.5999755859375</ele>
        <time>2026-08-07T15:37:21.000Z</time>
        <extensions>
          <ns3:TrackPointExtension>
            <ns3:hr>147</ns3:hr>
          </ns3:TrackPointExtension>
        </extensions>
      </trkpt>
      <trkpt lat="36.12990452907979488372802734375" lon="-115.42512704618275165557861328125">
        <ele>1127.800048828125</ele>
        <time>2026-08-07T15:37:24.000Z</time>
        <extensions>
          <ns3:TrackPointExtension>
            <ns3:hr>146</ns3:hr>
          </ns3:TrackPointExtension>
        </extensions>
      </trkpt>
      <trkpt lat="36.12986127845942974090576171875" lon="-115.425222851336002349853515625">
        <ele>1128</ele>
        <time>2026-08-07T15:37:26.000Z</time>
        <extensions>
          <ns3:TrackPointExtension>
            <ns3:hr>145</ns3:hr>
          </ns3:TrackPointExtension>
        </extensions>
      </trkpt>
      <trkpt lat="36.12971015274524688720703125" lon="-115.4255670122802257537841796875">
        <ele>1129</ele>
        <time>2026-08-07T15:37:33.000Z</time>
        <extensions>
          <ns3:TrackPointExtension>
            <ns3:hr>146</ns3:hr>
          </ns3:TrackPointExtension>
        </extensions>
      </trkpt>
      <trkpt lat="36.12960445694625377655029296875" lon="-115.4258117638528347015380859375">
        <ele>1129.4000244140625</ele>
        <time>2026-08-07T15:37:38.000Z</time>
        <extensions>
          <ns3:TrackPointExtension>
            <ns3:hr>147</ns3:hr>
          </ns3:TrackPointExtension>
        </extensions>
      </trkpt>
      <trkpt lat="36.12944855354726314544677734375" lon="-115.42616824619472026824951171875">
        <ele>1130</ele>
        <time>2026-08-07T15:37:45.000Z</time>
        <extensions>
          <ns3:TrackPointExtension>
            <ns3:hr>145</ns3:hr>
          </ns3:TrackPointExtension>
        </extensions>
      </trkpt>
      <trkpt lat="36.12936574034392833709716796875" lon="-115.42636957950890064239501953125">
        <ele>1130.5999755859375</ele>
        <time>2026-08-07T15:37:49.000Z</time>
        <extensions>
          <ns3:TrackPointExtension>
            <ns3:hr>145</ns3:hr>
          </ns3:TrackPointExtension>
        </extensions>
      </trkpt>
      <trkpt lat="36.12923665903508663177490234375" lon="-115.42667568661272525787353515625">
        <ele>1131</ele>
        <time>2026-08-07T15:37:55.000Z</time>
        <extensions>
          <ns3:TrackPointExtension>
            <ns3:hr>145</ns3:hr>
          </ns3:TrackPointExtension>
        </extensions>
      </trkpt>
      <trkpt lat="36.1291323043406009674072265625" lon="-115.42692848481237888336181640625">
        <ele>1131.4000244140625</ele>
        <time>2026-08-07T15:38:00.000Z</time>
        <extensions>
          <ns3:TrackPointExtension>
            <ns3:hr>145</ns3:hr>
          </ns3:TrackPointExtension>
        </extensions>
      </trkpt>
      <trkpt lat="36.1289562843739986419677734375" lon="-115.4273449815809726715087890625">
        <ele>1131.800048828125</ele>
        <time>2026-08-07T15:38:08.000Z</time>
        <extensions>
          <ns3:TrackPointExtension>
            <ns3:hr>145</ns3:hr>
          </ns3:TrackPointExtension>
        </extensions>
      </trkpt>
      <trkpt lat="36.1288915760815143585205078125" lon="-115.427498035132884979248046875">
        <ele>1132.199951171875</ele>
        <time>2026-08-07T15:38:11.000Z</time>
        <extensions>
          <ns3:TrackPointExtension>
            <ns3:hr>145</ns3:hr>
          </ns3:TrackPointExtension>
        </extensions>
      </trkpt>
      <trkpt lat="36.12871463410556316375732421875" lon="-115.42791335843503475189208984375">
        <ele>1132.5999755859375</ele>
        <time>2026-08-07T15:38:19.000Z</time>
        <extensions>
          <ns3:TrackPointExtension>
            <ns3:hr>144</ns3:hr>
          </ns3:TrackPointExtension>
        </extensions>
      </trkpt>
      <trkpt lat="36.1286210082471370697021484375" lon="-115.42811703868210315704345703125">
        <ele>1133</ele>
        <time>2026-08-07T15:38:23.000Z</time>
        <extensions>
          <ns3:TrackPointExtension>
            <ns3:hr>141</ns3:hr>
          </ns3:TrackPointExtension>
        </extensions>
      </trkpt>
      <trkpt lat="36.128516234457492828369140625" lon="-115.4283675737679004669189453125">
        <ele>1133.199951171875</ele>
        <time>2026-08-07T15:38:28.000Z</time>
        <extensions>
          <ns3:TrackPointExtension>
            <ns3:hr>139</ns3:hr>
          </ns3:TrackPointExtension>
        </extensions>
      </trkpt>
      <trkpt lat="36.12842897884547710418701171875" lon="-115.4285704158246517181396484375">
        <ele>1133.5999755859375</ele>
        <time>2026-08-07T15:38:32.000Z</time>
        <extensions>
          <ns3:TrackPointExtension>
            <ns3:hr>136</ns3:hr>
          </ns3:TrackPointExtension>
        </extensions>
      </trkpt>
      <trkpt lat="36.12826444208621978759765625" lon="-115.4289311729371547698974609375">
        <ele>1134.199951171875</ele>
        <time>2026-08-07T15:38:39.000Z</time>
        <extensions>
          <ns3:TrackPointExtension>
            <ns3:hr>136</ns3:hr>
          </ns3:TrackPointExtension>
        </extensions>
      </trkpt>
      <trkpt lat="36.12799898721277713775634765625" lon="-115.429437272250652313232421875">
        <ele>1135</ele>
        <time>2026-08-07T15:38:49.000Z</time>
        <extensions>
          <ns3:TrackPointExtension>
            <ns3:hr>138</ns3:hr>
          </ns3:TrackPointExtension>
        </extensions>
      </trkpt>
      <trkpt lat="36.1279122345149517059326171875" lon="-115.42958001606166362762451171875">
        <ele>1135.199951171875</ele>
        <time>2026-08-07T15:38:52.000Z</time>
        <extensions>
          <ns3:TrackPointExtension>
            <ns3:hr>139</ns3:hr>
          </ns3:TrackPointExtension>
        </extensions>
      </trkpt>
      <trkpt lat="36.12782749347388744354248046875" lon="-115.42972770519554615020751953125">
        <ele>1135.4000244140625</ele>
        <time>2026-08-07T15:38:55.000Z</time>
        <extensions>
          <ns3:TrackPointExtension>
            <ns3:hr>142</ns3:hr>
          </ns3:TrackPointExtension>
        </extensions>
      </trkpt>
      <trkpt lat="36.1276989988982677459716796875" lon="-115.429924763739109039306640625">
        <ele>1135.800048828125</ele>
        <time>2026-08-07T15:38:59.000Z</time>
        <extensions>
          <ns3:TrackPointExtension>
            <ns3:hr>144</ns3:hr>
          </ns3:TrackPointExtension>
        </extensions>
      </trkpt>
      <trkpt lat="36.1274349689483642578125" lon="-115.430317036807537078857421875">
        <ele>1136.4000244140625</ele>
        <time>2026-08-07T15:39:07.000Z</time>
        <extensions>
          <ns3:TrackPointExtension>
            <ns3:hr>143</ns3:hr>
          </ns3:TrackPointExtension>
        </extensions>
      </trkpt>
      <trkpt lat="36.1273241601884365081787109375" lon="-115.43046313337981700897216796875">
        <ele>1136.4000244140625</ele>
        <time>2026-08-07T15:39:10.000Z</time>
        <extensions>
          <ns3:TrackPointExtension>
            <ns3:hr>143</ns3:hr>
          </ns3:TrackPointExtension>
        </extensions>
      </trkpt>
      <trkpt lat="36.12698796205222606658935546875" lon="-115.430875606834888458251953125">
        <ele>1137</ele>
        <time>2026-08-07T15:39:19.000Z</time>
        <extensions>
          <ns3:TrackPointExtension>
            <ns3:hr>146</ns3:hr>
          </ns3:TrackPointExtension>
        </extensions>
      </trkpt>
      <trkpt lat="36.12683348357677459716796875" lon="-115.43104265816509723663330078125">
        <ele>1137.4000244140625</ele>
        <time>2026-08-07T15:39:23.000Z</time>
        <extensions>
          <ns3:TrackPointExtension>
            <ns3:hr>148</ns3:hr>
          </ns3:TrackPointExtension>
        </extensions>
      </trkpt>
      <trkpt lat="36.126541793346405029296875" lon="-115.43133585713803768157958984375">
        <ele>1137.4000244140625</ele>
        <time>2026-08-07T15:39:30.000Z</time>
        <extensions>
          <ns3:TrackPointExtension>
            <ns3:hr>146</ns3:hr>
          </ns3:TrackPointExtension>
        </extensions>
      </trkpt>
      <trkpt lat="36.1263843812048435211181640625" lon="-115.43147969059646129608154296875">
        <ele>1137.4000244140625</ele>
        <time>2026-08-07T15:39:34.000Z</time>
        <extensions>
          <ns3:TrackPointExtension>
            <ns3:hr>143</ns3:hr>
          </ns3:TrackPointExtension>
        </extensions>
      </trkpt>
      <trkpt lat="36.12630416639149188995361328125" lon="-115.4315543733537197113037109375">
        <ele>1137.4000244140625</ele>
        <time>2026-08-07T15:39:36.000Z</time>
        <extensions>
          <ns3:TrackPointExtension>
            <ns3:hr>140</ns3:hr>
          </ns3:TrackPointExtension>
        </extensions>
      </trkpt>
      <trkpt lat="36.12626175396144390106201171875" lon="-115.43159200809895992279052734375">
        <ele>1137.4000244140625</ele>
        <time>2026-08-07T15:39:37.000Z</time>
        <extensions>
          <ns3:TrackPointExtension>
            <ns3:hr>139</ns3:hr>
          </ns3:TrackPointExtension>
        </extensions>
      </trkpt>
      <trkpt lat="36.12617500126361846923828125" lon="-115.43166392482817173004150390625">
        <ele>1137.199951171875</ele>
        <time>2026-08-07T15:39:39.000Z</time>
        <extensions>
          <ns3:TrackPointExtension>
            <ns3:hr>136</ns3:hr>
          </ns3:TrackPointExtension>
        </extensions>
      </trkpt>
      <trkpt lat="36.12603577785193920135498046875" lon="-115.431785546243190765380859375">
        <ele>1136.800048828125</ele>
        <time>2026-08-07T15:39:42.000Z</time>
        <extensions>
          <ns3:TrackPointExtension>
            <ns3:hr>133</ns3:hr>
          </ns3:TrackPointExtension>
        </extensions>
      </trkpt>
      <trkpt lat="36.12588758580386638641357421875" lon="-115.43189895339310169219970703125">
        <ele>1136.5999755859375</ele>
        <time>2026-08-07T15:39:45.000Z</time>
        <extensions>
          <ns3:TrackPointExtension>
            <ns3:hr>133</ns3:hr>
          </ns3:TrackPointExtension>
        </extensions>
      </trkpt>
      <trkpt lat="36.1257225461304187774658203125" lon="-115.43201412074267864227294921875">
        <ele>1136.199951171875</ele>
        <time>2026-08-07T15:39:48.000Z</time>
        <extensions>
          <ns3:TrackPointExtension>
            <ns3:hr>133</ns3:hr>
          </ns3:TrackPointExtension>
        </extensions>
      </trkpt>
      <trkpt lat="36.12547972239553928375244140625" lon="-115.43217144906520843505859375">
        <ele>1135.4000244140625</ele>
        <time>2026-08-07T15:39:52.000Z</time>
        <extensions>
          <ns3:TrackPointExtension>
            <ns3:hr>132</ns3:hr>
          </ns3:TrackPointExtension>
        </extensions>
      </trkpt>
      <trkpt lat="36.12535164691507816314697265625" lon="-115.4322527535259723663330078125">
        <ele>1134.800048828125</ele>
        <time>2026-08-07T15:39:54.000Z</time>
        <extensions>
          <ns3:TrackPointExtension>
            <ns3:hr>129</ns3:hr>
          </ns3:TrackPointExtension>
        </extensions>
      </trkpt>
      <trkpt lat="36.12507487647235393524169921875" lon="-115.43241016566753387451171875">
        <ele>1133.4000244140625</ele>
        <time>2026-08-07T15:39:58.000Z</time>
        <extensions>
          <ns3:TrackPointExtension>
            <ns3:hr>128</ns3:hr>
          </ns3:TrackPointExtension>
        </extensions>
      </trkpt>
      <trkpt lat="36.12500153481960296630859375" lon="-115.4324475489556789398193359375">
        <ele>1133.199951171875</ele>
        <time>2026-08-07T15:39:59.000Z</time>
        <extensions>
          <ns3:TrackPointExtension>
            <ns3:hr>128</ns3:hr>
          </ns3:TrackPointExtension>
        </extensions>
      </trkpt>
      <trkpt lat="36.1247666738927364349365234375" lon="-115.4325618781149387359619140625">
        <ele>1132</ele>
        <time>2026-08-07T15:40:02.000Z</time>
        <extensions>
          <ns3:TrackPointExtension>
            <ns3:hr>129</ns3:hr>
          </ns3:TrackPointExtension>
        </extensions>
      </trkpt>
      <trkpt lat="36.1246000416576862335205078125" lon="-115.4326374828815460205078125">
        <ele>1131</ele>
        <time>2026-08-07T15:40:04.000Z</time>
        <extensions>
          <ns3:TrackPointExtension>
            <ns3:hr>128</ns3:hr>
          </ns3:TrackPointExtension>
        </extensions>
      </trkpt>
      <trkpt lat="36.1244334094226360321044921875" lon="-115.43270881287753582000732421875">
        <ele>1129.800048828125</ele>
        <time>2026-08-07T15:40:06.000Z</time>
        <extensions>
          <ns3:TrackPointExtension>
            <ns3:hr>126</ns3:hr>
          </ns3:TrackPointExtension>
        </extensions>
      </trkpt>
      <trkpt lat="36.12434900365769863128662109375" lon="-115.43274619616568088531494140625">
        <ele>1129.4000244140625</ele>
        <time>2026-08-07T15:40:07.000Z</time>
        <extensions>
          <ns3:TrackPointExtension>
            <ns3:hr>125</ns3:hr>
          </ns3:TrackPointExtension>
        </extensions>
      </trkpt>
      <trkpt lat="36.1240954510867595672607421875" lon="-115.43285516090691089630126953125">
        <ele>1129</ele>
        <time>2026-08-07T15:40:10.000Z</time>
        <extensions>
          <ns3:TrackPointExtension>
            <ns3:hr>122</ns3:hr>
          </ns3:TrackPointExtension>
        </extensions>
      </trkpt>
      <trkpt lat="36.12400903366506099700927734375" lon="-115.43289338238537311553955078125">
        <ele>1128.800048828125</ele>
        <time>2026-08-07T15:40:11.000Z</time>
        <extensions>
          <ns3:TrackPointExtension>
            <ns3:hr>121</ns3:hr>
          </ns3:TrackPointExtension>
        </extensions>
      </trkpt>
      <trkpt lat="36.12383368425071239471435546875" lon="-115.43297150172293186187744140625">
        <ele>1127.5999755859375</ele>
        <time>2026-08-07T15:40:13.000Z</time>
        <extensions>
          <ns3:TrackPointExtension>
            <ns3:hr>121</ns3:hr>
          </ns3:TrackPointExtension>
        </extensions>
      </trkpt>
      <trkpt lat="36.12349539063870906829833984375" lon="-115.4331170953810214996337890625">
        <ele>1127.199951171875</ele>
        <time>2026-08-07T15:40:17.000Z</time>
        <extensions>
          <ns3:TrackPointExtension>
            <ns3:hr>122</ns3:hr>
          </ns3:TrackPointExtension>
        </extensions>
      </trkpt>
      <trkpt lat="36.12292123027145862579345703125" lon="-115.43336528353393077850341796875">
        <ele>1127</ele>
        <time>2026-08-07T15:40:24.000Z</time>
        <extensions>
          <ns3:TrackPointExtension>
            <ns3:hr>121</ns3:hr>
          </ns3:TrackPointExtension>
        </extensions>
      </trkpt>
      <trkpt lat="36.12276582978665828704833984375" lon="-115.43343502096831798553466796875">
        <ele>1127.199951171875</ele>
        <time>2026-08-07T15:40:26.000Z</time>
        <extensions>
          <ns3:TrackPointExtension>
            <ns3:hr>122</ns3:hr>
          </ns3:TrackPointExtension>
        </extensions>
      </trkpt>
      <trkpt lat="36.12227247096598148345947265625" lon="-115.43367616832256317138671875">
        <ele>1127.800048828125</ele>
        <time>2026-08-07T15:40:33.000Z</time>
        <extensions>
          <ns3:TrackPointExtension>
            <ns3:hr>118</ns3:hr>
          </ns3:TrackPointExtension>
        </extensions>
      </trkpt>
      <trkpt lat="36.12201833166182041168212890625" lon="-115.4338389448821544647216796875">
        <ele>1128.199951171875</ele>
        <time>2026-08-07T15:40:37.000Z</time>
        <extensions>
          <ns3:TrackPointExtension>
            <ns3:hr>115</ns3:hr>
          </ns3:TrackPointExtension>
        </extensions>
      </trkpt>
      <trkpt lat="36.12177492119371891021728515625" lon="-115.4340146295726299285888671875">
        <ele>1128.800048828125</ele>
        <time>2026-08-07T15:40:41.000Z</time>
        <extensions>
          <ns3:TrackPointExtension>
            <ns3:hr>116</ns3:hr>
          </ns3:TrackPointExtension>
        </extensions>
      </trkpt>
      <trkpt lat="36.1215426586568355560302734375" lon="-115.43421001173555850982666015625">
        <ele>1129.5999755859375</ele>
        <time>2026-08-07T15:40:45.000Z</time>
        <extensions>
          <ns3:TrackPointExtension>
            <ns3:hr>119</ns3:hr>
          </ns3:TrackPointExtension>
        </extensions>
      </trkpt>
      <trkpt lat="36.121487505733966827392578125" lon="-115.43426231481134891510009765625">
        <ele>1129.800048828125</ele>
        <time>2026-08-07T15:40:46.000Z</time>
        <extensions>
          <ns3:TrackPointExtension>
            <ns3:hr>122</ns3:hr>
          </ns3:TrackPointExtension>
        </extensions>
      </trkpt>
      <trkpt lat="36.1214353702962398529052734375" lon="-115.43431344442069530487060546875">
        <ele>1130</ele>
        <time>2026-08-07T15:40:47.000Z</time>
        <extensions>
          <ns3:TrackPointExtension>
            <ns3:hr>123</ns3:hr>
          </ns3:TrackPointExtension>
        </extensions>
      </trkpt>
      <trkpt lat="36.1213297583162784576416015625" lon="-115.43441553600132465362548828125">
        <ele>1130.4000244140625</ele>
        <time>2026-08-07T15:40:49.000Z</time>
        <extensions>
          <ns3:TrackPointExtension>
            <ns3:hr>125</ns3:hr>
          </ns3:TrackPointExtension>
        </extensions>
      </trkpt>
      <trkpt lat="36.1211872659623622894287109375" lon="-115.4345788992941379547119140625">
        <ele>1131.199951171875</ele>
        <time>2026-08-07T15:40:52.000Z</time>
        <extensions>
          <ns3:TrackPointExtension>
            <ns3:hr>126</ns3:hr>
          </ns3:TrackPointExtension>
        </extensions>
      </trkpt>
      <trkpt lat="36.12101602368056774139404296875" lon="-115.43479054234921932220458984375">
        <ele>1132.199951171875</ele>
        <time>2026-08-07T15:40:56.000Z</time>
        <extensions>
          <ns3:TrackPointExtension>
            <ns3:hr>129</ns3:hr>
          </ns3:TrackPointExtension>
        </extensions>
      </trkpt>
      <trkpt lat="36.1209753714501857757568359375" lon="-115.43484267778694629669189453125">
        <ele>1132.4000244140625</ele>
        <time>2026-08-07T15:40:57.000Z</time>
        <extensions>
          <ns3:TrackPointExtension>
            <ns3:hr>129</ns3:hr>
          </ns3:TrackPointExtension>
        </extensions>
      </trkpt>
      <trkpt lat="36.12082575447857379913330078125" lon="-115.435052812099456787109375">
        <ele>1133.5999755859375</ele>
        <time>2026-08-07T15:41:01.000Z</time>
        <extensions>
          <ns3:TrackPointExtension>
            <ns3:hr>133</ns3:hr>
          </ns3:TrackPointExtension>
        </extensions>
      </trkpt>
      <trkpt lat="36.120792143046855926513671875" lon="-115.4351029358804225921630859375">
        <ele>1134</ele>
        <time>2026-08-07T15:41:02.000Z</time>
        <extensions>
          <ns3:TrackPointExtension>
            <ns3:hr>137</ns3:hr>
          </ns3:TrackPointExtension>
        </extensions>
      </trkpt>
      <trkpt lat="36.1207272671163082122802734375" lon="-115.435208044946193695068359375">
        <ele>1134.800048828125</ele>
        <time>2026-08-07T15:41:04.000Z</time>
        <extensions>
          <ns3:TrackPointExtension>
            <ns3:hr>140</ns3:hr>
          </ns3:TrackPointExtension>
        </extensions>
      </trkpt>
      <trkpt lat="36.12058049999177455902099609375" lon="-115.43547148816287517547607421875">
        <ele>1135</ele>
        <time>2026-08-07T15:41:09.000Z</time>
        <extensions>
          <ns3:TrackPointExtension>
            <ns3:hr>143</ns3:hr>
          </ns3:TrackPointExtension>
        </extensions>
      </trkpt>
      <trkpt lat="36.1205053143203258514404296875" lon="-115.43562202714383602142333984375">
        <ele>1135.800048828125</ele>
        <time>2026-08-07T15:41:12.000Z</time>
        <extensions>
          <ns3:TrackPointExtension>
            <ns3:hr>148</ns3:hr>
          </ns3:TrackPointExtension>
        </extensions>
      </trkpt>
      <trkpt lat="36.12045787274837493896484375" lon="-115.43571976013481616973876953125">
        <ele>1136.199951171875</ele>
        <time>2026-08-07T15:41:14.000Z</time>
        <extensions>
          <ns3:TrackPointExtension>
            <ns3:hr>150</ns3:hr>
          </ns3:TrackPointExtension>
        </extensions>
      </trkpt>
      <trkpt lat="36.12036726437509059906005859375" lon="-115.43590969406068325042724609375">
        <ele>1136.800048828125</ele>
        <time>2026-08-07T15:41:18.000Z</time>
        <extensions>
          <ns3:TrackPointExtension>
            <ns3:hr>151</ns3:hr>
          </ns3:TrackPointExtension>
        </extensions>
      </trkpt>
      <trkpt lat="36.12029937095940113067626953125" lon="-115.436046235263347625732421875">
        <ele>1137.4000244140625</ele>
        <time>2026-08-07T15:41:21.000Z</time>
        <extensions>
          <ns3:TrackPointExtension>
            <ns3:hr>152</ns3:hr>
          </ns3:TrackPointExtension>
        </extensions>
      </trkpt>
      <trkpt lat="36.1202800087630748748779296875" lon="-115.43609627522528171539306640625">
        <ele>1137.4000244140625</ele>
        <time>2026-08-07T15:41:22.000Z</time>
        <extensions>
          <ns3:TrackPointExtension>
            <ns3:hr>152</ns3:hr>
          </ns3:TrackPointExtension>
        </extensions>
      </trkpt>
      <trkpt lat="36.1202431283891201019287109375" lon="-115.43619870208203792572021484375">
        <ele>1137.800048828125</ele>
        <time>2026-08-07T15:41:24.000Z</time>
        <extensions>
          <ns3:TrackPointExtension>
            <ns3:hr>152</ns3:hr>
          </ns3:TrackPointExtension>
        </extensions>
      </trkpt>
      <trkpt lat="36.120199374854564666748046875" lon="-115.43637036345899105072021484375">
        <ele>1138.5999755859375</ele>
        <time>2026-08-07T15:41:27.000Z</time>
        <extensions>
          <ns3:TrackPointExtension>
            <ns3:hr>152</ns3:hr>
          </ns3:TrackPointExtension>
        </extensions>
      </trkpt>
      <trkpt lat="36.1201670207083225250244140625" lon="-115.436478741466999053955078125">
        <ele>1139</ele>
        <time>2026-08-07T15:41:29.000Z</time>
        <extensions>
          <ns3:TrackPointExtension>
            <ns3:hr>152</ns3:hr>
          </ns3:TrackPointExtension>
        </extensions>
      </trkpt>
      <trkpt lat="36.120093762874603271484375" lon="-115.43673078529536724090576171875">
        <ele>1139.800048828125</ele>
        <time>2026-08-07T15:41:34.000Z</time>
        <extensions>
          <ns3:TrackPointExtension>
            <ns3:hr>151</ns3:hr>
          </ns3:TrackPointExtension>
        </extensions>
      </trkpt>
      <trkpt lat="36.12007825635373592376708984375" lon="-115.4367841780185699462890625">
        <ele>1140</ele>
        <time>2026-08-07T15:41:35.000Z</time>
        <extensions>
          <ns3:TrackPointExtension>
            <ns3:hr>151</ns3:hr>
          </ns3:TrackPointExtension>
        </extensions>
      </trkpt>
      <trkpt lat="36.12000147812068462371826171875" lon="-115.4370418377220630645751953125">
        <ele>1141</ele>
        <time>2026-08-07T15:41:40.000Z</time>
        <extensions>
          <ns3:TrackPointExtension>
            <ns3:hr>154</ns3:hr>
          </ns3:TrackPointExtension>
        </extensions>
      </trkpt>
      <trkpt lat="36.1199859715998172760009765625" lon="-115.43709288351237773895263671875">
        <ele>1141.199951171875</ele>
        <time>2026-08-07T15:41:41.000Z</time>
        <extensions>
          <ns3:TrackPointExtension>
            <ns3:hr>154</ns3:hr>
          </ns3:TrackPointExtension>
        </extensions>
      </trkpt>
      <trkpt lat="36.11997180618345737457275390625" lon="-115.43714066036045551300048828125">
        <ele>1141.4000244140625</ele>
        <time>2026-08-07T15:41:42.000Z</time>
        <extensions>
          <ns3:TrackPointExtension>
            <ns3:hr>154</ns3:hr>
          </ns3:TrackPointExtension>
        </extensions>
      </trkpt>
      <trkpt lat="36.1199031583964824676513671875" lon="-115.43738876469433307647705078125">
        <ele>1142.4000244140625</ele>
        <time>2026-08-07T15:41:47.000Z</time>
        <extensions>
          <ns3:TrackPointExtension>
            <ns3:hr>156</ns3:hr>
          </ns3:TrackPointExtension>
        </extensions>
      </trkpt>
      <trkpt lat="36.11984708346426486968994140625" lon="-115.43758817017078399658203125">
        <ele>1143</ele>
        <time>2026-08-07T15:41:51.000Z</time>
        <extensions>
          <ns3:TrackPointExtension>
            <ns3:hr>157</ns3:hr>
          </ns3:TrackPointExtension>
        </extensions>
      </trkpt>
      <trkpt lat="36.11978757195174694061279296875" lon="-115.437791012227535247802734375">
        <ele>1143.4000244140625</ele>
        <time>2026-08-07T15:41:55.000Z</time>
        <extensions>
          <ns3:TrackPointExtension>
            <ns3:hr>157</ns3:hr>
          </ns3:TrackPointExtension>
        </extensions>
      </trkpt>
      <trkpt lat="36.11971397884190082550048828125" lon="-115.4380421340465545654296875">
        <ele>1144.199951171875</ele>
        <time>2026-08-07T15:42:00.000Z</time>
        <extensions>
          <ns3:TrackPointExtension>
            <ns3:hr>159</ns3:hr>
          </ns3:TrackPointExtension>
        </extensions>
      </trkpt>
      <trkpt lat="36.119699813425540924072265625" lon="-115.43809334747493267059326171875">
        <ele>1144.4000244140625</ele>
        <time>2026-08-07T15:42:01.000Z</time>
        <extensions>
          <ns3:TrackPointExtension>
            <ns3:hr>159</ns3:hr>
          </ns3:TrackPointExtension>
        </extensions>
      </trkpt>
      <trkpt lat="36.11961004324257373809814453125" lon="-115.43839752674102783203125">
        <ele>1145.5999755859375</ele>
        <time>2026-08-07T15:42:07.000Z</time>
        <extensions>
          <ns3:TrackPointExtension>
            <ns3:hr>160</ns3:hr>
          </ns3:TrackPointExtension>
        </extensions>
      </trkpt>
      <trkpt lat="36.1195822991430759429931640625" lon="-115.4384972713887691497802734375">
        <ele>1146</ele>
        <time>2026-08-07T15:42:09.000Z</time>
        <extensions>
          <ns3:TrackPointExtension>
            <ns3:hr>160</ns3:hr>
          </ns3:TrackPointExtension>
        </extensions>
      </trkpt>
      <trkpt lat="36.11951046623289585113525390625" lon="-115.4387530870735645294189453125">
        <ele>1146.5999755859375</ele>
        <time>2026-08-07T15:42:14.000Z</time>
        <extensions>
          <ns3:TrackPointExtension>
            <ns3:hr>160</ns3:hr>
          </ns3:TrackPointExtension>
        </extensions>
      </trkpt>
      <trkpt lat="36.1194545589387416839599609375" lon="-115.43895852752029895782470703125">
        <ele>1147.199951171875</ele>
        <time>2026-08-07T15:42:18.000Z</time>
        <extensions>
          <ns3:TrackPointExtension>
            <ns3:hr>162</ns3:hr>
          </ns3:TrackPointExtension>
        </extensions>
      </trkpt>
      <trkpt lat="36.1193948797881603240966796875" lon="-115.43915902264416217803955078125">
        <ele>1147.5999755859375</ele>
        <time>2026-08-07T15:42:22.000Z</time>
        <extensions>
          <ns3:TrackPointExtension>
            <ns3:hr>162</ns3:hr>
          </ns3:TrackPointExtension>
        </extensions>
      </trkpt>
      <trkpt lat="36.1193065345287322998046875" lon="-115.43945976532995700836181640625">
        <ele>1148.4000244140625</ele>
        <time>2026-08-07T15:42:28.000Z</time>
        <extensions>
          <ns3:TrackPointExtension>
            <ns3:hr>161</ns3:hr>
          </ns3:TrackPointExtension>
        </extensions>
      </trkpt>
      <trkpt lat="36.11926118843257427215576171875" lon="-115.43960812501609325408935546875">
        <ele>1148.800048828125</ele>
        <time>2026-08-07T15:42:31.000Z</time>
        <extensions>
          <ns3:TrackPointExtension>
            <ns3:hr>162</ns3:hr>
          </ns3:TrackPointExtension>
        </extensions>
      </trkpt>
      <trkpt lat="36.11915566027164459228515625" lon="-115.4399547167122364044189453125">
        <ele>1149.5999755859375</ele>
        <time>2026-08-07T15:42:38.000Z</time>
        <extensions>
          <ns3:TrackPointExtension>
            <ns3:hr>160</ns3:hr>
          </ns3:TrackPointExtension>
        </extensions>
      </trkpt>
      <trkpt lat="36.11912271939218044281005859375" lon="-115.440055467188358306884765625">
        <ele>1149.800048828125</ele>
        <time>2026-08-07T15:42:40.000Z</time>
        <extensions>
          <ns3:TrackPointExtension>
            <ns3:hr>160</ns3:hr>
          </ns3:TrackPointExtension>
        </extensions>
      </trkpt>
      <trkpt lat="36.11900746822357177734375" lon="-115.44038613326847553253173828125">
        <ele>1150.800048828125</ele>
        <time>2026-08-07T15:42:47.000Z</time>
        <extensions>
          <ns3:TrackPointExtension>
            <ns3:hr>161</ns3:hr>
          </ns3:TrackPointExtension>
        </extensions>
      </trkpt>
      <trkpt lat="36.11899338662624359130859375" lon="-115.44043290428817272186279296875">
        <ele>1151</ele>
        <time>2026-08-07T15:42:48.000Z</time>
        <extensions>
          <ns3:TrackPointExtension>
            <ns3:hr>160</ns3:hr>
          </ns3:TrackPointExtension>
        </extensions>
      </trkpt>
      <trkpt lat="36.11889422871172428131103515625" lon="-115.44071160256862640380859375">
        <ele>1151.800048828125</ele>
        <time>2026-08-07T15:42:54.000Z</time>
        <extensions>
          <ns3:TrackPointExtension>
            <ns3:hr>160</ns3:hr>
          </ns3:TrackPointExtension>
        </extensions>
      </trkpt>
      <trkpt lat="36.11885525286197662353515625" lon="-115.44080086983740329742431640625">
        <ele>1152</ele>
        <time>2026-08-07T15:42:56.000Z</time>
        <extensions>
          <ns3:TrackPointExtension>
            <ns3:hr>161</ns3:hr>
          </ns3:TrackPointExtension>
        </extensions>
      </trkpt>
      <trkpt lat="36.11878274939954280853271484375" lon="-115.44096280820667743682861328125">
        <ele>1152.800048828125</ele>
        <time>2026-08-07T15:43:00.000Z</time>
        <extensions>
          <ns3:TrackPointExtension>
            <ns3:hr>157</ns3:hr>
          </ns3:TrackPointExtension>
        </extensions>
      </trkpt>
      <trkpt lat="36.11876808106899261474609375" lon="-115.44100739993155002593994140625">
        <ele>1153</ele>
        <time>2026-08-07T15:43:01.000Z</time>
        <extensions>
          <ns3:TrackPointExtension>
            <ns3:hr>156</ns3:hr>
          </ns3:TrackPointExtension>
        </extensions>
      </trkpt>
      <trkpt lat="36.11873094923794269561767578125" lon="-115.44108979403972625732421875">
        <ele>1153</ele>
        <time>2026-08-07T15:43:03.000Z</time>
        <extensions>
          <ns3:TrackPointExtension>
            <ns3:hr>154</ns3:hr>
          </ns3:TrackPointExtension>
        </extensions>
      </trkpt>
      <trkpt lat="36.11869809217751026153564453125" lon="-115.4411707632243633270263671875">
        <ele>1153.199951171875</ele>
        <time>2026-08-07T15:43:05.000Z</time>
        <extensions>
          <ns3:TrackPointExtension>
            <ns3:hr>154</ns3:hr>
          </ns3:TrackPointExtension>
        </extensions>
      </trkpt>
      <trkpt lat="36.118648052215576171875" lon="-115.44128693640232086181640625">
        <ele>1153.800048828125</ele>
        <time>2026-08-07T15:43:08.000Z</time>
        <extensions>
          <ns3:TrackPointExtension>
            <ns3:hr>154</ns3:hr>
          </ns3:TrackPointExtension>
        </extensions>
      </trkpt>
      <trkpt lat="36.11857286654412746429443359375" lon="-115.4414485394954681396484375">
        <ele>1154.4000244140625</ele>
        <time>2026-08-07T15:43:12.000Z</time>
        <extensions>
          <ns3:TrackPointExtension>
            <ns3:hr>153</ns3:hr>
          </ns3:TrackPointExtension>
        </extensions>
      </trkpt>
      <trkpt lat="36.11849072389304637908935546875" lon="-115.44161072932183742523193359375">
        <ele>1155</ele>
        <time>2026-08-07T15:43:16.000Z</time>
        <extensions>
          <ns3:TrackPointExtension>
            <ns3:hr>154</ns3:hr>
          </ns3:TrackPointExtension>
        </extensions>
      </trkpt>
      <trkpt lat="36.118455938994884490966796875" lon="-115.441690273582935333251953125">
        <ele>1155.4000244140625</ele>
        <time>2026-08-07T15:43:18.000Z</time>
        <extensions>
          <ns3:TrackPointExtension>
            <ns3:hr>154</ns3:hr>
          </ns3:TrackPointExtension>
        </extensions>
      </trkpt>
      <trkpt lat="36.1183317191898822784423828125" lon="-115.44195069931447505950927734375">
        <ele>1156.4000244140625</ele>
        <time>2026-08-07T15:43:25.000Z</time>
        <extensions>
          <ns3:TrackPointExtension>
            <ns3:hr>153</ns3:hr>
          </ns3:TrackPointExtension>
        </extensions>
      </trkpt>
      <trkpt lat="36.1182063259184360504150390625" lon="-115.4422131367027759552001953125">
        <ele>1157.5999755859375</ele>
        <time>2026-08-07T15:43:32.000Z</time>
        <extensions>
          <ns3:TrackPointExtension>
            <ns3:hr>152</ns3:hr>
          </ns3:TrackPointExtension>
        </extensions>
      </trkpt>
      <trkpt lat="36.11817170865833759307861328125" lon="-115.4422880709171295166015625">
        <ele>1158</ele>
        <time>2026-08-07T15:43:34.000Z</time>
        <extensions>
          <ns3:TrackPointExtension>
            <ns3:hr>152</ns3:hr>
          </ns3:TrackPointExtension>
        </extensions>
      </trkpt>
      <trkpt lat="36.1181181482970714569091796875" lon="-115.44239846058189868927001953125">
        <ele>1158.5999755859375</ele>
        <time>2026-08-07T15:43:37.000Z</time>
        <extensions>
          <ns3:TrackPointExtension>
            <ns3:hr>152</ns3:hr>
          </ns3:TrackPointExtension>
        </extensions>
      </trkpt>
      <trkpt lat="36.1180450581014156341552734375" lon="-115.44254715554416179656982421875">
        <ele>1159.4000244140625</ele>
        <time>2026-08-07T15:43:41.000Z</time>
        <extensions>
          <ns3:TrackPointExtension>
            <ns3:hr>154</ns3:hr>
          </ns3:TrackPointExtension>
        </extensions>
      </trkpt>
      <trkpt lat="36.11801094375550746917724609375" lon="-115.44262125156819820404052734375">
        <ele>1159.800048828125</ele>
        <time>2026-08-07T15:43:43.000Z</time>
        <extensions>
          <ns3:TrackPointExtension>
            <ns3:hr>156</ns3:hr>
          </ns3:TrackPointExtension>
        </extensions>
      </trkpt>
      <trkpt lat="36.11789275892078876495361328125" lon="-115.44286415912210941314697265625">
        <ele>1160.800048828125</ele>
        <time>2026-08-07T15:43:50.000Z</time>
        <extensions>
          <ns3:TrackPointExtension>
            <ns3:hr>157</ns3:hr>
          </ns3:TrackPointExtension>
        </extensions>
      </trkpt>
      <trkpt lat="36.1178754083812236785888671875" lon="-115.442897938191890716552734375">
        <ele>1161</ele>
        <time>2026-08-07T15:43:51.000Z</time>
        <extensions>
          <ns3:TrackPointExtension>
            <ns3:hr>157</ns3:hr>
          </ns3:TrackPointExtension>
        </extensions>
      </trkpt>
      <trkpt lat="36.11777356825768947601318359375" lon="-115.4431002773344516754150390625">
        <ele>1162</ele>
        <time>2026-08-07T15:43:57.000Z</time>
        <extensions>
          <ns3:TrackPointExtension>
            <ns3:hr>157</ns3:hr>
          </ns3:TrackPointExtension>
        </extensions>
      </trkpt>
      <trkpt lat="36.11768840812146663665771484375" lon="-115.44326506555080413818359375">
        <ele>1162.800048828125</ele>
        <time>2026-08-07T15:44:02.000Z</time>
        <extensions>
          <ns3:TrackPointExtension>
            <ns3:hr>158</ns3:hr>
          </ns3:TrackPointExtension>
        </extensions>
      </trkpt>
      <trkpt lat="36.1176343448460102081298828125" lon="-115.4433743655681610107421875">
        <ele>1163.199951171875</ele>
        <time>2026-08-07T15:44:05.000Z</time>
        <extensions>
          <ns3:TrackPointExtension>
            <ns3:hr>158</ns3:hr>
          </ns3:TrackPointExtension>
        </extensions>
      </trkpt>
      <trkpt lat="36.1175146512687206268310546875" lon="-115.44357754290103912353515625">
        <ele>1164.199951171875</ele>
        <time>2026-08-07T15:44:11.000Z</time>
        <extensions>
          <ns3:TrackPointExtension>
            <ns3:hr>158</ns3:hr>
          </ns3:TrackPointExtension>
        </extensions>
      </trkpt>
      <trkpt lat="36.117354892194271087646484375" lon="-115.4438714124262332916259765625">
        <ele>1165</ele>
        <time>2026-08-07T15:44:19.000Z</time>
        <extensions>
          <ns3:TrackPointExtension>
            <ns3:hr>159</ns3:hr>
          </ns3:TrackPointExtension>
        </extensions>
      </trkpt>
      <trkpt lat="36.11730954609811305999755859375" lon="-115.44394877739250659942626953125">
        <ele>1165.4000244140625</ele>
        <time>2026-08-07T15:44:21.000Z</time>
        <extensions>
          <ns3:TrackPointExtension>
            <ns3:hr>159</ns3:hr>
          </ns3:TrackPointExtension>
        </extensions>
      </trkpt>
      <trkpt lat="36.11717141233384609222412109375" lon="-115.44416737742722034454345703125">
        <ele>1165.5999755859375</ele>
        <time>2026-08-07T15:44:27.000Z</time>
        <extensions>
          <ns3:TrackPointExtension>
            <ns3:hr>160</ns3:hr>
          </ns3:TrackPointExtension>
        </extensions>
      </trkpt>
      <trkpt lat="36.11698575317859649658203125" lon="-115.4444507695734500885009765625">
        <ele>1166.4000244140625</ele>
        <time>2026-08-07T15:44:35.000Z</time>
        <extensions>
          <ns3:TrackPointExtension>
            <ns3:hr>162</ns3:hr>
          </ns3:TrackPointExtension>
        </extensions>
      </trkpt>
      <trkpt lat="36.11696437932550907135009765625" lon="-115.4444856382906436920166015625">
        <ele>1166.5999755859375</ele>
        <time>2026-08-07T15:44:36.000Z</time>
        <extensions>
          <ns3:TrackPointExtension>
            <ns3:hr>162</ns3:hr>
          </ns3:TrackPointExtension>
        </extensions>
      </trkpt>
      <trkpt lat="36.116873435676097869873046875" lon="-115.4446207545697689056396484375">
        <ele>1166.800048828125</ele>
        <time>2026-08-07T15:44:40.000Z</time>
        <extensions>
          <ns3:TrackPointExtension>
            <ns3:hr>158</ns3:hr>
          </ns3:TrackPointExtension>
        </extensions>
      </trkpt>
      <trkpt lat="36.11676136963069438934326171875" lon="-115.44478143565356731414794921875">
        <ele>1166.800048828125</ele>
        <time>2026-08-07T15:44:45.000Z</time>
        <extensions>
          <ns3:TrackPointExtension>
            <ns3:hr>156</ns3:hr>
          </ns3:TrackPointExtension>
        </extensions>
      </trkpt>
      <trkpt lat="36.11672021448612213134765625" lon="-115.44492476619780063629150390625">
        <ele>1166.800048828125</ele>
        <time>2026-08-07T15:44:49.000Z</time>
        <extensions>
          <ns3:TrackPointExtension>
            <ns3:hr>155</ns3:hr>
          </ns3:TrackPointExtension>
        </extensions>
      </trkpt>
      <trkpt lat="36.116730608046054840087890625" lon="-115.4449649155139923095703125">
        <ele>1167</ele>
        <time>2026-08-07T15:44:50.000Z</time>
        <extensions>
          <ns3:TrackPointExtension>
            <ns3:hr>156</ns3:hr>
          </ns3:TrackPointExtension>
        </extensions>
      </trkpt>
      <trkpt lat="36.1167847551405429840087890625" lon="-115.44502434320747852325439453125">
        <ele>1167.5999755859375</ele>
        <time>2026-08-07T15:44:53.000Z</time>
        <extensions>
          <ns3:TrackPointExtension>
            <ns3:hr>155</ns3:hr>
          </ns3:TrackPointExtension>
        </extensions>
      </trkpt>
      <trkpt lat="36.11680646426975727081298828125" lon="-115.4450294561684131622314453125">
        <ele>1167.800048828125</ele>
        <time>2026-08-07T15:44:54.000Z</time>
        <extensions>
          <ns3:TrackPointExtension>
            <ns3:hr>155</ns3:hr>
          </ns3:TrackPointExtension>
        </extensions>
      </trkpt>
      <trkpt lat="36.11682624556124210357666015625" lon="-115.445021577179431915283203125">
        <ele>1168</ele>
        <time>2026-08-07T15:44:55.000Z</time>
        <extensions>
          <ns3:TrackPointExtension>
            <ns3:hr>154</ns3:hr>
          </ns3:TrackPointExtension>
        </extensions>
      </trkpt>
      <trkpt lat="36.11684761941432952880859375" lon="-115.445006154477596282958984375">
        <ele>1168.199951171875</ele>
        <time>2026-08-07T15:44:56.000Z</time>
        <extensions>
          <ns3:TrackPointExtension>
            <ns3:hr>149</ns3:hr>
          </ns3:TrackPointExtension>
        </extensions>
      </trkpt>
      <trkpt lat="36.1168880201876163482666015625" lon="-115.44496013782918453216552734375">
        <ele>1168.199951171875</ele>
        <time>2026-08-07T15:44:58.000Z</time>
        <extensions>
          <ns3:TrackPointExtension>
            <ns3:hr>146</ns3:hr>
          </ns3:TrackPointExtension>
        </extensions>
      </trkpt>
      <trkpt lat="36.1169822327792644500732421875" lon="-115.44478110037744045257568359375">
        <ele>1168</ele>
        <time>2026-08-07T15:45:03.000Z</time>
        <extensions>
          <ns3:TrackPointExtension>
            <ns3:hr>146</ns3:hr>
          </ns3:TrackPointExtension>
        </extensions>
      </trkpt>
      <trkpt lat="36.117043085396289825439453125" lon="-115.4446405358612537384033203125">
        <ele>1167.800048828125</ele>
        <time>2026-08-07T15:45:06.000Z</time>
        <extensions>
          <ns3:TrackPointExtension>
            <ns3:hr>148</ns3:hr>
          </ns3:TrackPointExtension>
        </extensions>
      </trkpt>
      <trkpt lat="36.1171253956854343414306640625" lon="-115.4444675333797931671142578125">
        <ele>1167.5999755859375</ele>
        <time>2026-08-07T15:45:10.000Z</time>
        <extensions>
          <ns3:TrackPointExtension>
            <ns3:hr>147</ns3:hr>
          </ns3:TrackPointExtension>
        </extensions>
      </trkpt>
      <trkpt lat="36.11719605512917041778564453125" lon="-115.44440944679081439971923828125">
        <ele>1167.4000244140625</ele>
        <time>2026-08-07T15:45:12.000Z</time>
        <extensions>
          <ns3:TrackPointExtension>
            <ns3:hr>143</ns3:hr>
          </ns3:TrackPointExtension>
        </extensions>
      </trkpt>
      <trkpt lat="36.11723729409277439117431640625" lon="-115.44439536519348621368408203125">
        <ele>1167.4000244140625</ele>
        <time>2026-08-07T15:45:13.000Z</time>
        <extensions>
          <ns3:TrackPointExtension>
            <ns3:hr>140</ns3:hr>
          </ns3:TrackPointExtension>
        </extensions>
      </trkpt>
      <trkpt lat="36.1172755993902683258056640625" lon="-115.44440492056310176849365234375">
        <ele>1167.5999755859375</ele>
        <time>2026-08-07T15:45:14.000Z</time>
        <extensions>
          <ns3:TrackPointExtension>
            <ns3:hr>139</ns3:hr>
          </ns3:TrackPointExtension>
        </extensions>
      </trkpt>
      <trkpt lat="36.1173064447939395904541015625" lon="-115.44442637823522090911865234375">
        <ele>1168</ele>
        <time>2026-08-07T15:45:15.000Z</time>
        <extensions>
          <ns3:TrackPointExtension>
            <ns3:hr>135</ns3:hr>
          </ns3:TrackPointExtension>
        </extensions>
      </trkpt>
      <trkpt lat="36.117327399551868438720703125" lon="-115.4444578103721141815185546875">
        <ele>1168.199951171875</ele>
        <time>2026-08-07T15:45:16.000Z</time>
        <extensions>
          <ns3:TrackPointExtension>
            <ns3:hr>132</ns3:hr>
          </ns3:TrackPointExtension>
        </extensions>
      </trkpt>
      <trkpt lat="36.11733150668442249298095703125" lon="-115.44449217617511749267578125">
        <ele>1168.4000244140625</ele>
        <time>2026-08-07T15:45:17.000Z</time>
        <extensions>
          <ns3:TrackPointExtension>
            <ns3:hr>129</ns3:hr>
          </ns3:TrackPointExtension>
        </extensions>
      </trkpt>
      <trkpt lat="36.11732983030378818511962890625" lon="-115.44452897273004055023193359375">
        <ele>1168.5999755859375</ele>
        <time>2026-08-07T15:45:18.000Z</time>
        <extensions>
          <ns3:TrackPointExtension>
            <ns3:hr>129</ns3:hr>
          </ns3:TrackPointExtension>
        </extensions>
      </trkpt>
      <trkpt lat="36.11731440760195255279541015625" lon="-115.4445939324796199798583984375">
        <ele>1168.4000244140625</ele>
        <time>2026-08-07T15:45:20.000Z</time>
        <extensions>
          <ns3:TrackPointExtension>
            <ns3:hr>129</ns3:hr>
          </ns3:TrackPointExtension>
        </extensions>
      </trkpt>
      <trkpt lat="36.11726604402065277099609375" lon="-115.44474321417510509490966796875">
        <ele>1167.800048828125</ele>
        <time>2026-08-07T15:45:26.000Z</time>
        <extensions>
          <ns3:TrackPointExtension>
            <ns3:hr>128</ns3:hr>
          </ns3:TrackPointExtension>
        </extensions>
      </trkpt>
      <trkpt lat="36.11725573427975177764892578125" lon="-115.4447739757597446441650390625">
        <ele>1167.5999755859375</ele>
        <time>2026-08-07T15:45:28.000Z</time>
        <extensions>
          <ns3:TrackPointExtension>
            <ns3:hr>125</ns3:hr>
          </ns3:TrackPointExtension>
        </extensions>
      </trkpt>
      <trkpt lat="36.1172561533749103546142578125" lon="-115.44479660689830780029296875">
        <ele>1167.5999755859375</ele>
        <time>2026-08-07T15:45:30.000Z</time>
        <extensions>
          <ns3:TrackPointExtension>
            <ns3:hr>122</ns3:hr>
          </ns3:TrackPointExtension>
        </extensions>
      </trkpt>
      <trkpt lat="36.11726646311581134796142578125" lon="-115.4448007978498935699462890625">
        <ele>1167.5999755859375</ele>
        <time>2026-08-07T15:45:31.000Z</time>
        <extensions>
          <ns3:TrackPointExtension>
            <ns3:hr>120</ns3:hr>
          </ns3:TrackPointExtension>
        </extensions>
      </trkpt>
      <trkpt lat="36.1172806285321712493896484375" lon="-115.4448195733129978179931640625">
        <ele>1167.5999755859375</ele>
        <time>2026-08-07T15:45:35.000Z</time>
        <extensions>
          <ns3:TrackPointExtension>
            <ns3:hr>118</ns3:hr>
          </ns3:TrackPointExtension>
        </extensions>
      </trkpt>
      <trkpt lat="36.117278449237346649169921875" lon="-115.444773472845554351806640625">
        <ele>1167.800048828125</ele>
        <time>2026-08-07T15:46:06.000Z</time>
        <extensions>
          <ns3:TrackPointExtension>
            <ns3:hr>129</ns3:hr>
          </ns3:TrackPointExtension>
        </extensions>
      </trkpt>
      <trkpt lat="36.1172787845134735107421875" lon="-115.44475981034338474273681640625">
        <ele>1168</ele>
        <time>2026-08-07T15:46:07.000Z</time>
        <extensions>
          <ns3:TrackPointExtension>
            <ns3:hr>129</ns3:hr>
          </ns3:TrackPointExtension>
        </extensions>
      </trkpt>
      <trkpt lat="36.11725975759327411651611328125" lon="-115.4447287134826183319091796875">
        <ele>1168</ele>
        <time>2026-08-07T15:46:12.000Z</time>
        <extensions>
          <ns3:TrackPointExtension>
            <ns3:hr>130</ns3:hr>
          </ns3:TrackPointExtension>
        </extensions>
      </trkpt>
      <trkpt lat="36.11725531518459320068359375" lon="-115.44472821056842803955078125">
        <ele>1167.800048828125</ele>
        <time>2026-08-07T15:46:14.000Z</time>
        <extensions>
          <ns3:TrackPointExtension>
            <ns3:hr>130</ns3:hr>
          </ns3:TrackPointExtension>
        </extensions>
      </trkpt>
      <trkpt lat="36.11717577092349529266357421875" lon="-115.4448856227099895477294921875">
        <ele>1169</ele>
        <time>2026-08-07T16:07:53.000Z</time>
        <extensions>
          <ns3:TrackPointExtension>
            <ns3:hr>74</ns3:hr>
          </ns3:TrackPointExtension>
        </extensions>
      </trkpt>
      <trkpt lat="36.11716336570680141448974609375" lon="-115.44488243758678436279296875">
        <ele>1169</ele>
        <time>2026-08-07T16:07:54.000Z</time>
        <extensions>
          <ns3:TrackPointExtension>
            <ns3:hr>75</ns3:hr>
          </ns3:TrackPointExtension>
        </extensions>
      </trkpt>
      <trkpt lat="36.11714576371014118194580078125" lon="-115.444880761206150054931640625">
        <ele>1169</ele>
        <time>2026-08-07T16:07:55.000Z</time>
        <extensions>
          <ns3:TrackPointExtension>
            <ns3:hr>75</ns3:hr>
          </ns3:TrackPointExtension>
        </extensions>
      </trkpt>
      <trkpt lat="36.117127239704132080078125" lon="-115.44487665407359600067138671875">
        <ele>1169</ele>
        <time>2026-08-07T16:07:57.000Z</time>
        <extensions>
          <ns3:TrackPointExtension>
            <ns3:hr>78</ns3:hr>
          </ns3:TrackPointExtension>
        </extensions>
      </trkpt>
      <trkpt lat="36.11711977981030941009521484375" lon="-115.44487162493169307708740234375">
        <ele>1169</ele>
        <time>2026-08-07T16:07:58.000Z</time>
        <extensions>
          <ns3:TrackPointExtension>
            <ns3:hr>78</ns3:hr>
          </ns3:TrackPointExtension>
        </extensions>
      </trkpt>
      <trkpt lat="36.1171123199164867401123046875" lon="-115.444861985743045806884765625">
        <ele>1169</ele>
        <time>2026-08-07T16:07:59.000Z</time>
        <extensions>
          <ns3:TrackPointExtension>
            <ns3:hr>79</ns3:hr>
          </ns3:TrackPointExtension>
        </extensions>
      </trkpt>
      <trkpt lat="36.11710888333618640899658203125" lon="-115.4448603093624114990234375">
        <ele>1168.5999755859375</ele>
        <time>2026-08-07T16:08:02.000Z</time>
        <extensions>
          <ns3:TrackPointExtension>
            <ns3:hr>81</ns3:hr>
          </ns3:TrackPointExtension>
        </extensions>
      </trkpt>
      <trkpt lat="36.11711374484002590179443359375" lon="-115.4448608122766017913818359375">
        <ele>1168.4000244140625</ele>
        <time>2026-08-07T16:08:03.000Z</time>
        <extensions>
          <ns3:TrackPointExtension>
            <ns3:hr>81</ns3:hr>
          </ns3:TrackPointExtension>
        </extensions>
      </trkpt>
      <trkpt lat="36.117130257189273834228515625" lon="-115.4448549449443817138671875">
        <ele>1168.4000244140625</ele>
        <time>2026-08-07T16:08:04.000Z</time>
        <extensions>
          <ns3:TrackPointExtension>
            <ns3:hr>82</ns3:hr>
          </ns3:TrackPointExtension>
        </extensions>
      </trkpt>
      <trkpt lat="36.11715900711715221405029296875" lon="-115.44485871680080890655517578125">
        <ele>1168.800048828125</ele>
        <time>2026-08-07T16:08:07.000Z</time>
        <extensions>
          <ns3:TrackPointExtension>
            <ns3:hr>82</ns3:hr>
          </ns3:TrackPointExtension>
        </extensions>
      </trkpt>
      <trkpt lat="36.11723863519728183746337890625" lon="-115.4448460601270198822021484375">
        <ele>1168.800048828125</ele>
        <time>2026-08-07T16:08:14.000Z</time>
        <extensions>
          <ns3:TrackPointExtension>
            <ns3:hr>83</ns3:hr>
          </ns3:TrackPointExtension>
        </extensions>
      </trkpt>
      <trkpt lat="36.11726294271647930145263671875" lon="-115.444854609668254852294921875">
        <ele>1168.800048828125</ele>
        <time>2026-08-07T16:08:18.000Z</time>
        <extensions>
          <ns3:TrackPointExtension>
            <ns3:hr>84</ns3:hr>
          </ns3:TrackPointExtension>
        </extensions>
      </trkpt>
      <trkpt lat="36.11722891218960285186767578125" lon="-115.444829128682613372802734375">
        <ele>1168</ele>
        <time>2026-08-07T16:14:12.000Z</time>
        <extensions>
          <ns3:TrackPointExtension>
            <ns3:hr>107</ns3:hr>
          </ns3:TrackPointExtension>
        </extensions>
      </trkpt>
      <trkpt lat="36.11721348948776721954345703125" lon="-115.4448323138058185577392578125">
        <ele>1167.5999755859375</ele>
        <time>2026-08-07T16:14:13.000Z</time>
        <extensions>
          <ns3:TrackPointExtension>
            <ns3:hr>106</ns3:hr>
          </ns3:TrackPointExtension>
        </extensions>
      </trkpt>
      <trkpt lat="36.11718155443668365478515625" lon="-115.44485486112534999847412109375">
        <ele>1168</ele>
        <time>2026-08-07T16:14:16.000Z</time>
        <extensions>
          <ns3:TrackPointExtension>
            <ns3:hr>107</ns3:hr>
          </ns3:TrackPointExtension>
        </extensions>
      </trkpt>
      <trkpt lat="36.1171646229922771453857421875" lon="-115.44487514533102512359619140625">
        <ele>1168.199951171875</ele>
        <time>2026-08-07T16:14:18.000Z</time>
        <extensions>
          <ns3:TrackPointExtension>
            <ns3:hr>106</ns3:hr>
          </ns3:TrackPointExtension>
        </extensions>
      </trkpt>
      <trkpt lat="36.1171508766710758209228515625" lon="-115.44487732462584972381591796875">
        <ele>1168.199951171875</ele>
        <time>2026-08-07T16:14:19.000Z</time>
        <extensions>
          <ns3:TrackPointExtension>
            <ns3:hr>104</ns3:hr>
          </ns3:TrackPointExtension>
        </extensions>
      </trkpt>
      <trkpt lat="36.11713939346373081207275390625" lon="-115.44487413950264453887939453125">
        <ele>1168.199951171875</ele>
        <time>2026-08-07T16:14:20.000Z</time>
        <extensions>
          <ns3:TrackPointExtension>
            <ns3:hr>101</ns3:hr>
          </ns3:TrackPointExtension>
        </extensions>
      </trkpt>
      <trkpt lat="36.11712933517992496490478515625" lon="-115.4448715411126613616943359375">
        <ele>1168.199951171875</ele>
        <time>2026-08-07T16:14:21.000Z</time>
        <extensions>
          <ns3:TrackPointExtension>
            <ns3:hr>101</ns3:hr>
          </ns3:TrackPointExtension>
        </extensions>
      </trkpt>
      <trkpt lat="36.11712254583835601806640625" lon="-115.4448765702545642852783203125">
        <ele>1168</ele>
        <time>2026-08-07T16:14:23.000Z</time>
        <extensions>
          <ns3:TrackPointExtension>
            <ns3:hr>102</ns3:hr>
          </ns3:TrackPointExtension>
        </extensions>
      </trkpt>
      <trkpt lat="36.1171602644026279449462890625" lon="-115.4449499957263469696044921875">
        <ele>1168.800048828125</ele>
        <time>2026-08-07T16:14:51.000Z</time>
        <extensions>
          <ns3:TrackPointExtension>
            <ns3:hr>102</ns3:hr>
          </ns3:TrackPointExtension>
        </extensions>
      </trkpt>
      <trkpt lat="36.1171089671552181243896484375" lon="-115.44506843201816082000732421875">
        <ele>1169.199951171875</ele>
        <time>2026-08-07T16:14:57.000Z</time>
        <extensions>
          <ns3:TrackPointExtension>
            <ns3:hr>102</ns3:hr>
          </ns3:TrackPointExtension>
        </extensions>
      </trkpt>
      <trkpt lat="36.11700109206140041351318359375" lon="-115.44520706869661808013916015625">
        <ele>1169.4000244140625</ele>
        <time>2026-08-07T16:15:03.000Z</time>
        <extensions>
          <ns3:TrackPointExtension>
            <ns3:hr>101</ns3:hr>
          </ns3:TrackPointExtension>
        </extensions>
      </trkpt>
      <trkpt lat="36.11686429940164089202880859375" lon="-115.4452027939260005950927734375">
        <ele>1169.4000244140625</ele>
        <time>2026-08-07T16:15:08.000Z</time>
        <extensions>
          <ns3:TrackPointExtension>
            <ns3:hr>100</ns3:hr>
          </ns3:TrackPointExtension>
        </extensions>
      </trkpt>
      <trkpt lat="36.11680378206074237823486328125" lon="-115.44517169706523418426513671875">
        <ele>1169.199951171875</ele>
        <time>2026-08-07T16:15:10.000Z</time>
        <extensions>
          <ns3:TrackPointExtension>
            <ns3:hr>99</ns3:hr>
          </ns3:TrackPointExtension>
        </extensions>
      </trkpt>
      <trkpt lat="36.11675240099430084228515625" lon="-115.445119477808475494384765625">
        <ele>1169</ele>
        <time>2026-08-07T16:15:12.000Z</time>
        <extensions>
          <ns3:TrackPointExtension>
            <ns3:hr>98</ns3:hr>
          </ns3:TrackPointExtension>
        </extensions>
      </trkpt>
      <trkpt lat="36.11666128970682621002197265625" lon="-115.4450076632201671600341796875">
        <ele>1168.4000244140625</ele>
        <time>2026-08-07T16:15:17.000Z</time>
        <extensions>
          <ns3:TrackPointExtension>
            <ns3:hr>97</ns3:hr>
          </ns3:TrackPointExtension>
        </extensions>
      </trkpt>
      <trkpt lat="36.1165923066437244415283203125" lon="-115.44488889165222644805908203125">
        <ele>1167.800048828125</ele>
        <time>2026-08-07T16:15:22.000Z</time>
        <extensions>
          <ns3:TrackPointExtension>
            <ns3:hr>96</ns3:hr>
          </ns3:TrackPointExtension>
        </extensions>
      </trkpt>
      <trkpt lat="36.116576381027698516845703125" lon="-115.4448319785296916961669921875">
        <ele>1167.800048828125</ele>
        <time>2026-08-07T16:15:23.000Z</time>
        <extensions>
          <ns3:TrackPointExtension>
            <ns3:hr>96</ns3:hr>
          </ns3:TrackPointExtension>
        </extensions>
      </trkpt>
      <trkpt lat="36.1165909655392169952392578125" lon="-115.4447154700756072998046875">
        <ele>1167.800048828125</ele>
        <time>2026-08-07T16:15:25.000Z</time>
        <extensions>
          <ns3:TrackPointExtension>
            <ns3:hr>96</ns3:hr>
          </ns3:TrackPointExtension>
        </extensions>
      </trkpt>
      <trkpt lat="36.11671744845807552337646484375" lon="-115.44452964328229427337646484375">
        <ele>1167.5999755859375</ele>
        <time>2026-08-07T16:15:29.000Z</time>
        <extensions>
          <ns3:TrackPointExtension>
            <ns3:hr>97</ns3:hr>
          </ns3:TrackPointExtension>
        </extensions>
      </trkpt>
      <trkpt lat="36.11706211231648921966552734375" lon="-115.44405455701053142547607421875">
        <ele>1166.800048828125</ele>
        <time>2026-08-07T16:15:38.000Z</time>
        <extensions>
          <ns3:TrackPointExtension>
            <ns3:hr>98</ns3:hr>
          </ns3:TrackPointExtension>
        </extensions>
      </trkpt>
      <trkpt lat="36.11710167489945888519287109375" lon="-115.44399672187864780426025390625">
        <ele>1166.4000244140625</ele>
        <time>2026-08-07T16:15:39.000Z</time>
        <extensions>
          <ns3:TrackPointExtension>
            <ns3:hr>98</ns3:hr>
          </ns3:TrackPointExtension>
        </extensions>
      </trkpt>
      <trkpt lat="36.11730971373617649078369140625" lon="-115.44366831891238689422607421875">
        <ele>1165.4000244140625</ele>
        <time>2026-08-07T16:15:44.000Z</time>
        <extensions>
          <ns3:TrackPointExtension>
            <ns3:hr>101</ns3:hr>
          </ns3:TrackPointExtension>
        </extensions>
      </trkpt>
      <trkpt lat="36.11739613115787506103515625" lon="-115.44353219680488109588623046875">
        <ele>1164.5999755859375</ele>
        <time>2026-08-07T16:15:46.000Z</time>
        <extensions>
          <ns3:TrackPointExtension>
            <ns3:hr>103</ns3:hr>
          </ns3:TrackPointExtension>
        </extensions>
      </trkpt>
      <trkpt lat="36.11748154275119304656982421875" lon="-115.4433862678706645965576171875">
        <ele>1164.199951171875</ele>
        <time>2026-08-07T16:15:48.000Z</time>
        <extensions>
          <ns3:TrackPointExtension>
            <ns3:hr>105</ns3:hr>
          </ns3:TrackPointExtension>
        </extensions>
      </trkpt>
      <trkpt lat="36.11761196516454219818115234375" lon="-115.4431495629251003265380859375">
        <ele>1163</ele>
        <time>2026-08-07T16:15:51.000Z</time>
        <extensions>
          <ns3:TrackPointExtension>
            <ns3:hr>106</ns3:hr>
          </ns3:TrackPointExtension>
        </extensions>
      </trkpt>
      <trkpt lat="36.11769963987171649932861328125" lon="-115.44297614134848117828369140625">
        <ele>1161.800048828125</ele>
        <time>2026-08-07T16:15:53.000Z</time>
        <extensions>
          <ns3:TrackPointExtension>
            <ns3:hr>107</ns3:hr>
          </ns3:TrackPointExtension>
        </extensions>
      </trkpt>
      <trkpt lat="36.117792427539825439453125" lon="-115.4427991993725299835205078125">
        <ele>1160.800048828125</ele>
        <time>2026-08-07T16:15:55.000Z</time>
        <extensions>
          <ns3:TrackPointExtension>
            <ns3:hr>106</ns3:hr>
          </ns3:TrackPointExtension>
        </extensions>
      </trkpt>
      <trkpt lat="36.11788806505501270294189453125" lon="-115.4426057450473308563232421875">
        <ele>1159.5999755859375</ele>
        <time>2026-08-07T16:15:57.000Z</time>
        <extensions>
          <ns3:TrackPointExtension>
            <ns3:hr>106</ns3:hr>
          </ns3:TrackPointExtension>
        </extensions>
      </trkpt>
      <trkpt lat="36.11798713915050029754638671875" lon="-115.44240097515285015106201171875">
        <ele>1158.4000244140625</ele>
        <time>2026-08-07T16:15:59.000Z</time>
        <extensions>
          <ns3:TrackPointExtension>
            <ns3:hr>106</ns3:hr>
          </ns3:TrackPointExtension>
        </extensions>
      </trkpt>
      <trkpt lat="36.11809208057820796966552734375" lon="-115.44219260104000568389892578125">
        <ele>1157.4000244140625</ele>
        <time>2026-08-07T16:16:01.000Z</time>
        <extensions>
          <ns3:TrackPointExtension>
            <ns3:hr>106</ns3:hr>
          </ns3:TrackPointExtension>
        </extensions>
      </trkpt>
      <trkpt lat="36.11819819547235965728759765625" lon="-115.44197626411914825439453125">
        <ele>1156</ele>
        <time>2026-08-07T16:16:03.000Z</time>
        <extensions>
          <ns3:TrackPointExtension>
            <ns3:hr>106</ns3:hr>
          </ns3:TrackPointExtension>
        </extensions>
      </trkpt>
      <trkpt lat="36.1183602176606655120849609375" lon="-115.4416374675929546356201171875">
        <ele>1154.800048828125</ele>
        <time>2026-08-07T16:16:06.000Z</time>
        <extensions>
          <ns3:TrackPointExtension>
            <ns3:hr>108</ns3:hr>
          </ns3:TrackPointExtension>
        </extensions>
      </trkpt>
      <trkpt lat="36.11846641637384891510009765625" lon="-115.4414051212370395660400390625">
        <ele>1153.5999755859375</ele>
        <time>2026-08-07T16:16:08.000Z</time>
        <extensions>
          <ns3:TrackPointExtension>
            <ns3:hr>109</ns3:hr>
          </ns3:TrackPointExtension>
        </extensions>
      </trkpt>
      <trkpt lat="36.118569262325763702392578125" lon="-115.441169254481792449951171875">
        <ele>1152.199951171875</ele>
        <time>2026-08-07T16:16:10.000Z</time>
        <extensions>
          <ns3:TrackPointExtension>
            <ns3:hr>108</ns3:hr>
          </ns3:TrackPointExtension>
        </extensions>
      </trkpt>
      <trkpt lat="36.118670515716075897216796875" lon="-115.44092877767980098724365234375">
        <ele>1150.5999755859375</ele>
        <time>2026-08-07T16:16:12.000Z</time>
        <extensions>
          <ns3:TrackPointExtension>
            <ns3:hr>109</ns3:hr>
          </ns3:TrackPointExtension>
        </extensions>
      </trkpt>
      <trkpt lat="36.11876933835446834564208984375" lon="-115.4406822659075260162353515625">
        <ele>1149.199951171875</ele>
        <time>2026-08-07T16:16:14.000Z</time>
        <extensions>
          <ns3:TrackPointExtension>
            <ns3:hr>110</ns3:hr>
          </ns3:TrackPointExtension>
        </extensions>
      </trkpt>
      <trkpt lat="36.11899875104427337646484375" lon="-115.440042056143283843994140625">
        <ele>1149.800048828125</ele>
        <time>2026-08-07T16:16:19.000Z</time>
        <extensions>
          <ns3:TrackPointExtension>
            <ns3:hr>113</ns3:hr>
          </ns3:TrackPointExtension>
        </extensions>
      </trkpt>
      <trkpt lat="36.11912389285862445831298828125" lon="-115.4396643675863742828369140625">
        <ele>1149.199951171875</ele>
        <time>2026-08-07T16:16:22.000Z</time>
        <extensions>
          <ns3:TrackPointExtension>
            <ns3:hr>114</ns3:hr>
          </ns3:TrackPointExtension>
        </extensions>
      </trkpt>
      <trkpt lat="36.119272671639919281005859375" lon="-115.439162962138652801513671875">
        <ele>1148.199951171875</ele>
        <time>2026-08-07T16:16:26.000Z</time>
        <extensions>
          <ns3:TrackPointExtension>
            <ns3:hr>113</ns3:hr>
          </ns3:TrackPointExtension>
        </extensions>
      </trkpt>
      <trkpt lat="36.11941717565059661865234375" lon="-115.438646972179412841796875">
        <ele>1146.800048828125</ele>
        <time>2026-08-07T16:16:30.000Z</time>
        <extensions>
          <ns3:TrackPointExtension>
            <ns3:hr>113</ns3:hr>
          </ns3:TrackPointExtension>
        </extensions>
      </trkpt>
      <trkpt lat="36.1194532178342342376708984375" lon="-115.43851797468960285186767578125">
        <ele>1146.5999755859375</ele>
        <time>2026-08-07T16:16:31.000Z</time>
        <extensions>
          <ns3:TrackPointExtension>
            <ns3:hr>112</ns3:hr>
          </ns3:TrackPointExtension>
        </extensions>
      </trkpt>
      <trkpt lat="36.11952907405793666839599609375" lon="-115.43826484121382236480712890625">
        <ele>1145.800048828125</ele>
        <time>2026-08-07T16:16:33.000Z</time>
        <extensions>
          <ns3:TrackPointExtension>
            <ns3:hr>113</ns3:hr>
          </ns3:TrackPointExtension>
        </extensions>
      </trkpt>
      <trkpt lat="36.11964055337011814117431640625" lon="-115.43788832612335681915283203125">
        <ele>1144.5999755859375</ele>
        <time>2026-08-07T16:16:36.000Z</time>
        <extensions>
          <ns3:TrackPointExtension>
            <ns3:hr>115</ns3:hr>
          </ns3:TrackPointExtension>
        </extensions>
      </trkpt>
      <trkpt lat="36.11975102685391902923583984375" lon="-115.4375051893293857574462890625">
        <ele>1143.800048828125</ele>
        <time>2026-08-07T16:16:39.000Z</time>
        <extensions>
          <ns3:TrackPointExtension>
            <ns3:hr>118</ns3:hr>
          </ns3:TrackPointExtension>
        </extensions>
      </trkpt>
      <trkpt lat="36.11978790722787380218505859375" lon="-115.43737652711570262908935546875">
        <ele>1143.199951171875</ele>
        <time>2026-08-07T16:16:40.000Z</time>
        <extensions>
          <ns3:TrackPointExtension>
            <ns3:hr>119</ns3:hr>
          </ns3:TrackPointExtension>
        </extensions>
      </trkpt>
      <trkpt lat="36.1198615841567516326904296875" lon="-115.43711903505027294158935546875">
        <ele>1142.199951171875</ele>
        <time>2026-08-07T16:16:42.000Z</time>
        <extensions>
          <ns3:TrackPointExtension>
            <ns3:hr>120</ns3:hr>
          </ns3:TrackPointExtension>
        </extensions>
      </trkpt>
      <trkpt lat="36.1199314892292022705078125" lon="-115.4368664883077144622802734375">
        <ele>1141</ele>
        <time>2026-08-07T16:16:44.000Z</time>
        <extensions>
          <ns3:TrackPointExtension>
            <ns3:hr>121</ns3:hr>
          </ns3:TrackPointExtension>
        </extensions>
      </trkpt>
      <trkpt lat="36.12003483809530735015869140625" lon="-115.43650187551975250244140625">
        <ele>1140</ele>
        <time>2026-08-07T16:16:47.000Z</time>
        <extensions>
          <ns3:TrackPointExtension>
            <ns3:hr>120</ns3:hr>
          </ns3:TrackPointExtension>
        </extensions>
      </trkpt>
      <trkpt lat="36.1200711317360401153564453125" lon="-115.43638595379889011383056640625">
        <ele>1139.5999755859375</ele>
        <time>2026-08-07T16:16:48.000Z</time>
        <extensions>
          <ns3:TrackPointExtension>
            <ns3:hr>120</ns3:hr>
          </ns3:TrackPointExtension>
        </extensions>
      </trkpt>
      <trkpt lat="36.1201093532145023345947265625" lon="-115.43627497740089893341064453125">
        <ele>1139</ele>
        <time>2026-08-07T16:16:49.000Z</time>
        <extensions>
          <ns3:TrackPointExtension>
            <ns3:hr>120</ns3:hr>
          </ns3:TrackPointExtension>
        </extensions>
      </trkpt>
      <trkpt lat="36.12014849670231342315673828125" lon="-115.4361630789935588836669921875">
        <ele>1138</ele>
        <time>2026-08-07T16:16:50.000Z</time>
        <extensions>
          <ns3:TrackPointExtension>
            <ns3:hr>120</ns3:hr>
          </ns3:TrackPointExtension>
        </extensions>
      </trkpt>
      <trkpt lat="36.12023214809596538543701171875" lon="-115.43594305403530597686767578125">
        <ele>1137.5999755859375</ele>
        <time>2026-08-07T16:16:52.000Z</time>
        <extensions>
          <ns3:TrackPointExtension>
            <ns3:hr>119</ns3:hr>
          </ns3:TrackPointExtension>
        </extensions>
      </trkpt>
      <trkpt lat="36.1203242652118206024169921875" lon="-115.4357225261628627777099609375">
        <ele>1135.4000244140625</ele>
        <time>2026-08-07T16:16:54.000Z</time>
        <extensions>
          <ns3:TrackPointExtension>
            <ns3:hr>120</ns3:hr>
          </ns3:TrackPointExtension>
        </extensions>
      </trkpt>
      <trkpt lat="36.12048243172466754913330078125" lon="-115.43539521284401416778564453125">
        <ele>1134.4000244140625</ele>
        <time>2026-08-07T16:16:57.000Z</time>
        <extensions>
          <ns3:TrackPointExtension>
            <ns3:hr>121</ns3:hr>
          </ns3:TrackPointExtension>
        </extensions>
      </trkpt>
      <trkpt lat="36.12066901288926601409912109375" lon="-115.43507359921932220458984375">
        <ele>1134.199951171875</ele>
        <time>2026-08-07T16:17:00.000Z</time>
        <extensions>
          <ns3:TrackPointExtension>
            <ns3:hr>121</ns3:hr>
          </ns3:TrackPointExtension>
        </extensions>
      </trkpt>
      <trkpt lat="36.120877973735332489013671875" lon="-115.4347646422684192657470703125">
        <ele>1133</ele>
        <time>2026-08-07T16:17:03.000Z</time>
        <extensions>
          <ns3:TrackPointExtension>
            <ns3:hr>122</ns3:hr>
          </ns3:TrackPointExtension>
        </extensions>
      </trkpt>
      <trkpt lat="36.121114008128643035888671875" lon="-115.43447010219097137451171875">
        <ele>1132</ele>
        <time>2026-08-07T16:17:06.000Z</time>
        <extensions>
          <ns3:TrackPointExtension>
            <ns3:hr>124</ns3:hr>
          </ns3:TrackPointExtension>
        </extensions>
      </trkpt>
      <trkpt lat="36.1214514635503292083740234375" lon="-115.4341261088848114013671875">
        <ele>1131</ele>
        <time>2026-08-07T16:17:10.000Z</time>
        <extensions>
          <ns3:TrackPointExtension>
            <ns3:hr>125</ns3:hr>
          </ns3:TrackPointExtension>
        </extensions>
      </trkpt>
      <trkpt lat="36.1217042617499828338623046875" lon="-115.433912537992000579833984375">
        <ele>1130.199951171875</ele>
        <time>2026-08-07T16:17:13.000Z</time>
        <extensions>
          <ns3:TrackPointExtension>
            <ns3:hr>127</ns3:hr>
          </ns3:TrackPointExtension>
        </extensions>
      </trkpt>
      <trkpt lat="36.1218735761940479278564453125" lon="-115.43378588743507862091064453125">
        <ele>1129.199951171875</ele>
        <time>2026-08-07T16:17:15.000Z</time>
        <extensions>
          <ns3:TrackPointExtension>
            <ns3:hr>126</ns3:hr>
          </ns3:TrackPointExtension>
        </extensions>
      </trkpt>
      <trkpt lat="36.122135259211063385009765625" lon="-115.43360047973692417144775390625">
        <ele>1128.199951171875</ele>
        <time>2026-08-07T16:17:18.000Z</time>
        <extensions>
          <ns3:TrackPointExtension>
            <ns3:hr>126</ns3:hr>
          </ns3:TrackPointExtension>
        </extensions>
      </trkpt>
      <trkpt lat="36.12222670577466487884521484375" lon="-115.4335465840995311737060546875">
        <ele>1128</ele>
        <time>2026-08-07T16:17:19.000Z</time>
        <extensions>
          <ns3:TrackPointExtension>
            <ns3:hr>126</ns3:hr>
          </ns3:TrackPointExtension>
        </extensions>
      </trkpt>
      <trkpt lat="36.12259735353291034698486328125" lon="-115.4333589971065521240234375">
        <ele>1129.5999755859375</ele>
        <time>2026-08-07T16:17:23.000Z</time>
        <extensions>
          <ns3:TrackPointExtension>
            <ns3:hr>127</ns3:hr>
          </ns3:TrackPointExtension>
        </extensions>
      </trkpt>
      <trkpt lat="36.1226893030107021331787109375" lon="-115.43332002125680446624755859375">
        <ele>1129.5999755859375</ele>
        <time>2026-08-07T16:17:24.000Z</time>
        <extensions>
          <ns3:TrackPointExtension>
            <ns3:hr>126</ns3:hr>
          </ns3:TrackPointExtension>
        </extensions>
      </trkpt>
      <trkpt lat="36.12287295050919055938720703125" lon="-115.43324056081473827362060546875">
        <ele>1128.199951171875</ele>
        <time>2026-08-07T16:17:26.000Z</time>
        <extensions>
          <ns3:TrackPointExtension>
            <ns3:hr>125</ns3:hr>
          </ns3:TrackPointExtension>
        </extensions>
      </trkpt>
      <trkpt lat="36.12305559217929840087890625" lon="-115.43316386640071868896484375">
        <ele>1127.199951171875</ele>
        <time>2026-08-07T16:17:28.000Z</time>
        <extensions>
          <ns3:TrackPointExtension>
            <ns3:hr>124</ns3:hr>
          </ns3:TrackPointExtension>
        </extensions>
      </trkpt>
      <trkpt lat="36.123403944075107574462890625" lon="-115.43301290832459926605224609375">
        <ele>1127.800048828125</ele>
        <time>2026-08-07T16:17:32.000Z</time>
        <extensions>
          <ns3:TrackPointExtension>
            <ns3:hr>126</ns3:hr>
          </ns3:TrackPointExtension>
        </extensions>
      </trkpt>
      <trkpt lat="36.123734526336193084716796875" lon="-115.43287242762744426727294921875">
        <ele>1128</ele>
        <time>2026-08-07T16:17:36.000Z</time>
        <extensions>
          <ns3:TrackPointExtension>
            <ns3:hr>129</ns3:hr>
          </ns3:TrackPointExtension>
        </extensions>
      </trkpt>
      <trkpt lat="36.1238161660730838775634765625" lon="-115.43283856473863124847412109375">
        <ele>1128.199951171875</ele>
        <time>2026-08-07T16:17:37.000Z</time>
        <extensions>
          <ns3:TrackPointExtension>
            <ns3:hr>129</ns3:hr>
          </ns3:TrackPointExtension>
        </extensions>
      </trkpt>
      <trkpt lat="36.124059073626995086669921875" lon="-115.43274183757603168487548828125">
        <ele>1129</ele>
        <time>2026-08-07T16:17:40.000Z</time>
        <extensions>
          <ns3:TrackPointExtension>
            <ns3:hr>129</ns3:hr>
          </ns3:TrackPointExtension>
        </extensions>
      </trkpt>
      <trkpt lat="36.12421539612114429473876953125" lon="-115.43267746455967426300048828125">
        <ele>1129.4000244140625</ele>
        <time>2026-08-07T16:17:42.000Z</time>
        <extensions>
          <ns3:TrackPointExtension>
            <ns3:hr>129</ns3:hr>
          </ns3:TrackPointExtension>
        </extensions>
      </trkpt>
      <trkpt lat="36.12450138665735721588134765625" lon="-115.43255642987787723541259765625">
        <ele>1130.4000244140625</ele>
        <time>2026-08-07T16:17:46.000Z</time>
        <extensions>
          <ns3:TrackPointExtension>
            <ns3:hr>129</ns3:hr>
          </ns3:TrackPointExtension>
        </extensions>
      </trkpt>
      <trkpt lat="36.1245668493211269378662109375" lon="-115.43252457864582538604736328125">
        <ele>1130.800048828125</ele>
        <time>2026-08-07T16:17:47.000Z</time>
        <extensions>
          <ns3:TrackPointExtension>
            <ns3:hr>133</ns3:hr>
          </ns3:TrackPointExtension>
        </extensions>
      </trkpt>
      <trkpt lat="36.12463063560426235198974609375" lon="-115.4324904642999172210693359375">
        <ele>1131</ele>
        <time>2026-08-07T16:17:48.000Z</time>
        <extensions>
          <ns3:TrackPointExtension>
            <ns3:hr>144</ns3:hr>
          </ns3:TrackPointExtension>
        </extensions>
      </trkpt>
      <trkpt lat="36.12469375133514404296875" lon="-115.43245785869657993316650390625">
        <ele>1131.4000244140625</ele>
        <time>2026-08-07T16:17:49.000Z</time>
        <extensions>
          <ns3:TrackPointExtension>
            <ns3:hr>149</ns3:hr>
          </ns3:TrackPointExtension>
        </extensions>
      </trkpt>
      <trkpt lat="36.124757118523120880126953125" lon="-115.432426929473876953125">
        <ele>1131.800048828125</ele>
        <time>2026-08-07T16:17:50.000Z</time>
        <extensions>
          <ns3:TrackPointExtension>
            <ns3:hr>151</ns3:hr>
          </ns3:TrackPointExtension>
        </extensions>
      </trkpt>
      <trkpt lat="36.12499575130641460418701171875" lon="-115.43230581097304821014404296875">
        <ele>1132.4000244140625</ele>
        <time>2026-08-07T16:17:54.000Z</time>
        <extensions>
          <ns3:TrackPointExtension>
            <ns3:hr>153</ns3:hr>
          </ns3:TrackPointExtension>
        </extensions>
      </trkpt>
      <trkpt lat="36.1250518262386322021484375" lon="-115.43227362446486949920654296875">
        <ele>1132.800048828125</ele>
        <time>2026-08-07T16:17:55.000Z</time>
        <extensions>
          <ns3:TrackPointExtension>
            <ns3:hr>153</ns3:hr>
          </ns3:TrackPointExtension>
        </extensions>
      </trkpt>
      <trkpt lat="36.12520831637084484100341796875" lon="-115.43219232000410556793212890625">
        <ele>1134</ele>
        <time>2026-08-07T16:17:58.000Z</time>
        <extensions>
          <ns3:TrackPointExtension>
            <ns3:hr>155</ns3:hr>
          </ns3:TrackPointExtension>
        </extensions>
      </trkpt>
      <trkpt lat="36.12535290420055389404296875" lon="-115.432107411324977874755859375">
        <ele>1134.5999755859375</ele>
        <time>2026-08-07T16:18:01.000Z</time>
        <extensions>
          <ns3:TrackPointExtension>
            <ns3:hr>157</ns3:hr>
          </ns3:TrackPointExtension>
        </extensions>
      </trkpt>
      <trkpt lat="36.12544703297317028045654296875" lon="-115.43205209076404571533203125">
        <ele>1135</ele>
        <time>2026-08-07T16:18:03.000Z</time>
        <extensions>
          <ns3:TrackPointExtension>
            <ns3:hr>156</ns3:hr>
          </ns3:TrackPointExtension>
        </extensions>
      </trkpt>
      <trkpt lat="36.1256499588489532470703125" lon="-115.4319168068468570709228515625">
        <ele>1136.199951171875</ele>
        <time>2026-08-07T16:18:08.000Z</time>
        <extensions>
          <ns3:TrackPointExtension>
            <ns3:hr>155</ns3:hr>
          </ns3:TrackPointExtension>
        </extensions>
      </trkpt>
      <trkpt lat="36.1258911900222301483154296875" lon="-115.43173156678676605224609375">
        <ele>1136.5999755859375</ele>
        <time>2026-08-07T16:18:14.000Z</time>
        <extensions>
          <ns3:TrackPointExtension>
            <ns3:hr>152</ns3:hr>
          </ns3:TrackPointExtension>
        </extensions>
      </trkpt>
      <trkpt lat="36.12597090192139148712158203125" lon="-115.43167197145521640777587890625">
        <ele>1137</ele>
        <time>2026-08-07T16:18:16.000Z</time>
        <extensions>
          <ns3:TrackPointExtension>
            <ns3:hr>151</ns3:hr>
          </ns3:TrackPointExtension>
        </extensions>
      </trkpt>
      <trkpt lat="36.12605555914342403411865234375" lon="-115.431606508791446685791015625">
        <ele>1137.199951171875</ele>
        <time>2026-08-07T16:18:18.000Z</time>
        <extensions>
          <ns3:TrackPointExtension>
            <ns3:hr>152</ns3:hr>
          </ns3:TrackPointExtension>
        </extensions>
      </trkpt>
      <trkpt lat="36.12628203816711902618408203125" lon="-115.431427471339702606201171875">
        <ele>1137.4000244140625</ele>
        <time>2026-08-07T16:18:23.000Z</time>
        <extensions>
          <ns3:TrackPointExtension>
            <ns3:hr>154</ns3:hr>
          </ns3:TrackPointExtension>
        </extensions>
      </trkpt>
      <trkpt lat="36.12664078362286090850830078125" lon="-115.43107249774038791656494140625">
        <ele>1137.5999755859375</ele>
        <time>2026-08-07T16:18:31.000Z</time>
        <extensions>
          <ns3:TrackPointExtension>
            <ns3:hr>154</ns3:hr>
          </ns3:TrackPointExtension>
        </extensions>
      </trkpt>
      <trkpt lat="36.12706323154270648956298828125" lon="-115.430605709552764892578125">
        <ele>1137.199951171875</ele>
        <time>2026-08-07T16:18:40.000Z</time>
        <extensions>
          <ns3:TrackPointExtension>
            <ns3:hr>154</ns3:hr>
          </ns3:TrackPointExtension>
        </extensions>
      </trkpt>
      <trkpt lat="36.127452068030834197998046875" lon="-115.430094413459300994873046875">
        <ele>1136.4000244140625</ele>
        <time>2026-08-07T16:18:48.000Z</time>
        <extensions>
          <ns3:TrackPointExtension>
            <ns3:hr>154</ns3:hr>
          </ns3:TrackPointExtension>
        </extensions>
      </trkpt>
      <trkpt lat="36.12754820846021175384521484375" lon="-115.429950244724750518798828125">
        <ele>1135.800048828125</ele>
        <time>2026-08-07T16:18:50.000Z</time>
        <extensions>
          <ns3:TrackPointExtension>
            <ns3:hr>154</ns3:hr>
          </ns3:TrackPointExtension>
        </extensions>
      </trkpt>
      <trkpt lat="36.12779497168958187103271484375" lon="-115.42957775294780731201171875">
        <ele>1134.800048828125</ele>
        <time>2026-08-07T16:18:55.000Z</time>
        <extensions>
          <ns3:TrackPointExtension>
            <ns3:hr>151</ns3:hr>
          </ns3:TrackPointExtension>
        </extensions>
      </trkpt>
      <trkpt lat="36.12784341908991336822509765625" lon="-115.42949871160089969635009765625">
        <ele>1134.5999755859375</ele>
        <time>2026-08-07T16:18:56.000Z</time>
        <extensions>
          <ns3:TrackPointExtension>
            <ns3:hr>151</ns3:hr>
          </ns3:TrackPointExtension>
        </extensions>
      </trkpt>
      <trkpt lat="36.12811130471527576446533203125" lon="-115.4290019161999225616455078125">
        <ele>1133.800048828125</ele>
        <time>2026-08-07T16:19:02.000Z</time>
        <extensions>
          <ns3:TrackPointExtension>
            <ns3:hr>149</ns3:hr>
          </ns3:TrackPointExtension>
        </extensions>
      </trkpt>
      <trkpt lat="36.1281948722898960113525390625" lon="-115.42882698588073253631591796875">
        <ele>1133.5999755859375</ele>
        <time>2026-08-07T16:19:04.000Z</time>
        <extensions>
          <ns3:TrackPointExtension>
            <ns3:hr>150</ns3:hr>
          </ns3:TrackPointExtension>
        </extensions>
      </trkpt>
      <trkpt lat="36.1283128894865512847900390625" lon="-115.428560189902782440185546875">
        <ele>1133.199951171875</ele>
        <time>2026-08-07T16:19:07.000Z</time>
        <extensions>
          <ns3:TrackPointExtension>
            <ns3:hr>145</ns3:hr>
          </ns3:TrackPointExtension>
        </extensions>
      </trkpt>
      <trkpt lat="36.1285413801670074462890625" lon="-115.428019724786281585693359375">
        <ele>1133</ele>
        <time>2026-08-07T16:19:13.000Z</time>
        <extensions>
          <ns3:TrackPointExtension>
            <ns3:hr>144</ns3:hr>
          </ns3:TrackPointExtension>
        </extensions>
      </trkpt>
      <trkpt lat="36.1286216787993907928466796875" lon="-115.4278348200023174285888671875">
        <ele>1132.5999755859375</ele>
        <time>2026-08-07T16:19:15.000Z</time>
        <extensions>
          <ns3:TrackPointExtension>
            <ns3:hr>143</ns3:hr>
          </ns3:TrackPointExtension>
        </extensions>
      </trkpt>
      <trkpt lat="36.128899790346622467041015625" lon="-115.42717977426946163177490234375">
        <ele>1131.800048828125</ele>
        <time>2026-08-07T16:19:22.000Z</time>
        <extensions>
          <ns3:TrackPointExtension>
            <ns3:hr>141</ns3:hr>
          </ns3:TrackPointExtension>
        </extensions>
      </trkpt>
      <trkpt lat="36.12893901765346527099609375" lon="-115.42708472348749637603759765625">
        <ele>1131.5999755859375</ele>
        <time>2026-08-07T16:19:23.000Z</time>
        <extensions>
          <ns3:TrackPointExtension>
            <ns3:hr>141</ns3:hr>
          </ns3:TrackPointExtension>
        </extensions>
      </trkpt>
      <trkpt lat="36.12897866405546665191650390625" lon="-115.426991097629070281982421875">
        <ele>1131.4000244140625</ele>
        <time>2026-08-07T16:19:24.000Z</time>
        <extensions>
          <ns3:TrackPointExtension>
            <ns3:hr>141</ns3:hr>
          </ns3:TrackPointExtension>
        </extensions>
      </trkpt>
      <trkpt lat="36.12909936346113681793212890625" lon="-115.42670351453125476837158203125">
        <ele>1130.800048828125</ele>
        <time>2026-08-07T16:19:27.000Z</time>
        <extensions>
          <ns3:TrackPointExtension>
            <ns3:hr>138</ns3:hr>
          </ns3:TrackPointExtension>
        </extensions>
      </trkpt>
      <trkpt lat="36.129183433949947357177734375" lon="-115.42651257477700710296630859375">
        <ele>1130.5999755859375</ele>
        <time>2026-08-07T16:19:29.000Z</time>
        <extensions>
          <ns3:TrackPointExtension>
            <ns3:hr>136</ns3:hr>
          </ns3:TrackPointExtension>
        </extensions>
      </trkpt>
      <trkpt lat="36.12936473451554775238037109375" lon="-115.42611108161509037017822265625">
        <ele>1130.199951171875</ele>
        <time>2026-08-07T16:19:33.000Z</time>
        <extensions>
          <ns3:TrackPointExtension>
            <ns3:hr>136</ns3:hr>
          </ns3:TrackPointExtension>
        </extensions>
      </trkpt>
      <trkpt lat="36.1295021139085292816162109375" lon="-115.425784103572368621826171875">
        <ele>1129.199951171875</ele>
        <time>2026-08-07T16:19:36.000Z</time>
        <extensions>
          <ns3:TrackPointExtension>
            <ns3:hr>138</ns3:hr>
          </ns3:TrackPointExtension>
        </extensions>
      </trkpt>
      <trkpt lat="36.129639409482479095458984375" lon="-115.42545310221612453460693359375">
        <ele>1128</ele>
        <time>2026-08-07T16:19:39.000Z</time>
        <extensions>
          <ns3:TrackPointExtension>
            <ns3:hr>138</ns3:hr>
          </ns3:TrackPointExtension>
        </extensions>
      </trkpt>
      <trkpt lat="36.1298226378858089447021484375" lon="-115.42500869370996952056884765625">
        <ele>1127</ele>
        <time>2026-08-07T16:19:43.000Z</time>
        <extensions>
          <ns3:TrackPointExtension>
            <ns3:hr>139</ns3:hr>
          </ns3:TrackPointExtension>
        </extensions>
      </trkpt>
      <trkpt lat="36.1298685707151889801025390625" lon="-115.42489595711231231689453125">
        <ele>1126.5999755859375</ele>
        <time>2026-08-07T16:19:44.000Z</time>
        <extensions>
          <ns3:TrackPointExtension>
            <ns3:hr>139</ns3:hr>
          </ns3:TrackPointExtension>
        </extensions>
      </trkpt>
      <trkpt lat="36.13009580411016941070556640625" lon="-115.4243278317153453826904296875">
        <ele>1126</ele>
        <time>2026-08-07T16:19:49.000Z</time>
        <extensions>
          <ns3:TrackPointExtension>
            <ns3:hr>142</ns3:hr>
          </ns3:TrackPointExtension>
        </extensions>
      </trkpt>
      <trkpt lat="36.130142323672771453857421875" lon="-115.42421325109899044036865234375">
        <ele>1125.5999755859375</ele>
        <time>2026-08-07T16:19:50.000Z</time>
        <extensions>
          <ns3:TrackPointExtension>
            <ns3:hr>142</ns3:hr>
          </ns3:TrackPointExtension>
        </extensions>
      </trkpt>
      <trkpt lat="36.1302397213876247406005859375" lon="-115.4239865206182003021240234375">
        <ele>1124</ele>
        <time>2026-08-07T16:19:52.000Z</time>
        <extensions>
          <ns3:TrackPointExtension>
            <ns3:hr>143</ns3:hr>
          </ns3:TrackPointExtension>
        </extensions>
      </trkpt>
      <trkpt lat="36.13033837638795375823974609375" lon="-115.423766411840915679931640625">
        <ele>1123</ele>
        <time>2026-08-07T16:19:54.000Z</time>
        <extensions>
          <ns3:TrackPointExtension>
            <ns3:hr>144</ns3:hr>
          </ns3:TrackPointExtension>
        </extensions>
      </trkpt>
      <trkpt lat="36.13038749434053897857666015625" lon="-115.42365769855678081512451171875">
        <ele>1122.800048828125</ele>
        <time>2026-08-07T16:19:55.000Z</time>
        <extensions>
          <ns3:TrackPointExtension>
            <ns3:hr>144</ns3:hr>
          </ns3:TrackPointExtension>
        </extensions>
      </trkpt>
      <trkpt lat="36.13067683763802051544189453125" lon="-115.4230172373354434967041015625">
        <ele>1121.800048828125</ele>
        <time>2026-08-07T16:20:01.000Z</time>
        <extensions>
          <ns3:TrackPointExtension>
            <ns3:hr>144</ns3:hr>
          </ns3:TrackPointExtension>
        </extensions>
      </trkpt>
      <trkpt lat="36.130724363029003143310546875" lon="-115.42291003279387950897216796875">
        <ele>1121.5999755859375</ele>
        <time>2026-08-07T16:20:02.000Z</time>
        <extensions>
          <ns3:TrackPointExtension>
            <ns3:hr>144</ns3:hr>
          </ns3:TrackPointExtension>
        </extensions>
      </trkpt>
      <trkpt lat="36.13082134164869785308837890625" lon="-115.42269981466233730316162109375">
        <ele>1121.4000244140625</ele>
        <time>2026-08-07T16:20:04.000Z</time>
        <extensions>
          <ns3:TrackPointExtension>
            <ns3:hr>145</ns3:hr>
          </ns3:TrackPointExtension>
        </extensions>
      </trkpt>
      <trkpt lat="36.13111118786036968231201171875" lon="-115.4220868460834026336669921875">
        <ele>1120.800048828125</ele>
        <time>2026-08-07T16:20:10.000Z</time>
        <extensions>
          <ns3:TrackPointExtension>
            <ns3:hr>145</ns3:hr>
          </ns3:TrackPointExtension>
        </extensions>
      </trkpt>
      <trkpt lat="36.13127597607672214508056640625" lon="-115.42177897877991199493408203125">
        <ele>1120.199951171875</ele>
        <time>2026-08-07T16:20:13.000Z</time>
        <extensions>
          <ns3:TrackPointExtension>
            <ns3:hr>146</ns3:hr>
          </ns3:TrackPointExtension>
        </extensions>
      </trkpt>
      <trkpt lat="36.1314805783331394195556640625" lon="-115.4213549382984638214111328125">
        <ele>1119</ele>
        <time>2026-08-07T16:20:17.000Z</time>
        <extensions>
          <ns3:TrackPointExtension>
            <ns3:hr>147</ns3:hr>
          </ns3:TrackPointExtension>
        </extensions>
      </trkpt>
      <trkpt lat="36.131618209183216094970703125" lon="-115.421037264168262481689453125">
        <ele>1118.4000244140625</ele>
        <time>2026-08-07T16:20:20.000Z</time>
        <extensions>
          <ns3:TrackPointExtension>
            <ns3:hr>146</ns3:hr>
          </ns3:TrackPointExtension>
        </extensions>
      </trkpt>
      <trkpt lat="36.13176397047936916351318359375" lon="-115.42063132859766483306884765625">
        <ele>1118</ele>
        <time>2026-08-07T16:20:24.000Z</time>
        <extensions>
          <ns3:TrackPointExtension>
            <ns3:hr>145</ns3:hr>
          </ns3:TrackPointExtension>
        </extensions>
      </trkpt>
      <trkpt lat="36.131863631308078765869140625" lon="-115.420329831540584564208984375">
        <ele>1117.199951171875</ele>
        <time>2026-08-07T16:20:27.000Z</time>
        <extensions>
          <ns3:TrackPointExtension>
            <ns3:hr>145</ns3:hr>
          </ns3:TrackPointExtension>
        </extensions>
      </trkpt>
      <trkpt lat="36.13193077035248279571533203125" lon="-115.42013143189251422882080078125">
        <ele>1116.5999755859375</ele>
        <time>2026-08-07T16:20:29.000Z</time>
        <extensions>
          <ns3:TrackPointExtension>
            <ns3:hr>144</ns3:hr>
          </ns3:TrackPointExtension>
        </extensions>
      </trkpt>
      <trkpt lat="36.13204769790172576904296875" lon="-115.41971853934228420257568359375">
        <ele>1115.4000244140625</ele>
        <time>2026-08-07T16:20:33.000Z</time>
        <extensions>
          <ns3:TrackPointExtension>
            <ns3:hr>144</ns3:hr>
          </ns3:TrackPointExtension>
        </extensions>
      </trkpt>
      <trkpt lat="36.132091619074344635009765625" lon="-115.41949809528887271881103515625">
        <ele>1114.4000244140625</ele>
        <time>2026-08-07T16:20:35.000Z</time>
        <extensions>
          <ns3:TrackPointExtension>
            <ns3:hr>144</ns3:hr>
          </ns3:TrackPointExtension>
        </extensions>
      </trkpt>
      <trkpt lat="36.13210662268102169036865234375" lon="-115.419386364519596099853515625">
        <ele>1114</ele>
        <time>2026-08-07T16:20:36.000Z</time>
        <extensions>
          <ns3:TrackPointExtension>
            <ns3:hr>144</ns3:hr>
          </ns3:TrackPointExtension>
        </extensions>
      </trkpt>
      <trkpt lat="36.13214786164462566375732421875" lon="-115.41891840286552906036376953125">
        <ele>1113</ele>
        <time>2026-08-07T16:20:40.000Z</time>
        <extensions>
          <ns3:TrackPointExtension>
            <ns3:hr>143</ns3:hr>
          </ns3:TrackPointExtension>
        </extensions>
      </trkpt>
      <trkpt lat="36.13215657882392406463623046875" lon="-115.41879518888890743255615234375">
        <ele>1112.800048828125</ele>
        <time>2026-08-07T16:20:41.000Z</time>
        <extensions>
          <ns3:TrackPointExtension>
            <ns3:hr>143</ns3:hr>
          </ns3:TrackPointExtension>
        </extensions>
      </trkpt>
      <trkpt lat="36.13217501901090145111083984375" lon="-115.4184169135987758636474609375">
        <ele>1112</ele>
        <time>2026-08-07T16:20:44.000Z</time>
        <extensions>
          <ns3:TrackPointExtension>
            <ns3:hr>143</ns3:hr>
          </ns3:TrackPointExtension>
        </extensions>
      </trkpt>
      <trkpt lat="36.132183484733104705810546875" lon="-115.41815581731498241424560546875">
        <ele>1110.800048828125</ele>
        <time>2026-08-07T16:20:46.000Z</time>
        <extensions>
          <ns3:TrackPointExtension>
            <ns3:hr>144</ns3:hr>
          </ns3:TrackPointExtension>
        </extensions>
      </trkpt>
      <trkpt lat="36.1321930401027202606201171875" lon="-115.41789405047893524169921875">
        <ele>1109.199951171875</ele>
        <time>2026-08-07T16:20:48.000Z</time>
        <extensions>
          <ns3:TrackPointExtension>
            <ns3:hr>144</ns3:hr>
          </ns3:TrackPointExtension>
        </extensions>
      </trkpt>
      <trkpt lat="36.13219848833978176116943359375" lon="-115.41776019148528575897216796875">
        <ele>1108.4000244140625</ele>
        <time>2026-08-07T16:20:49.000Z</time>
        <extensions>
          <ns3:TrackPointExtension>
            <ns3:hr>144</ns3:hr>
          </ns3:TrackPointExtension>
        </extensions>
      </trkpt>
      <trkpt lat="36.13220594823360443115234375" lon="-115.41762541048228740692138671875">
        <ele>1108.199951171875</ele>
        <time>2026-08-07T16:20:50.000Z</time>
        <extensions>
          <ns3:TrackPointExtension>
            <ns3:hr>144</ns3:hr>
          </ns3:TrackPointExtension>
        </extensions>
      </trkpt>
      <trkpt lat="36.13224542699754238128662109375" lon="-115.41722291149199008941650390625">
        <ele>1107.199951171875</ele>
        <time>2026-08-07T16:20:53.000Z</time>
        <extensions>
          <ns3:TrackPointExtension>
            <ns3:hr>141</ns3:hr>
          </ns3:TrackPointExtension>
        </extensions>
      </trkpt>
      <trkpt lat="36.13226772285997867584228515625" lon="-115.41709198616445064544677734375">
        <ele>1106.800048828125</ele>
        <time>2026-08-07T16:20:54.000Z</time>
        <extensions>
          <ns3:TrackPointExtension>
            <ns3:hr>140</ns3:hr>
          </ns3:TrackPointExtension>
        </extensions>
      </trkpt>
      <trkpt lat="36.13229420967400074005126953125" lon="-115.4169618152081966400146484375">
        <ele>1106</ele>
        <time>2026-08-07T16:20:55.000Z</time>
        <extensions>
          <ns3:TrackPointExtension>
            <ns3:hr>140</ns3:hr>
          </ns3:TrackPointExtension>
        </extensions>
      </trkpt>
      <trkpt lat="36.1323261447250843048095703125" lon="-115.41683432646095752716064453125">
        <ele>1105.5999755859375</ele>
        <time>2026-08-07T16:20:56.000Z</time>
        <extensions>
          <ns3:TrackPointExtension>
            <ns3:hr>140</ns3:hr>
          </ns3:TrackPointExtension>
        </extensions>
      </trkpt>
      <trkpt lat="36.1325035057961940765380859375" lon="-115.4163455776870250701904296875">
        <ele>1105.5999755859375</ele>
        <time>2026-08-07T16:21:00.000Z</time>
        <extensions>
          <ns3:TrackPointExtension>
            <ns3:hr>138</ns3:hr>
          </ns3:TrackPointExtension>
        </extensions>
      </trkpt>
      <trkpt lat="36.1327100358903408050537109375" lon="-115.41583134792745113372802734375">
        <ele>1104.199951171875</ele>
        <time>2026-08-07T16:21:04.000Z</time>
        <extensions>
          <ns3:TrackPointExtension>
            <ns3:hr>140</ns3:hr>
          </ns3:TrackPointExtension>
        </extensions>
      </trkpt>
      <trkpt lat="36.13281221129000186920166015625" lon="-115.4155719280242919921875">
        <ele>1102.5999755859375</ele>
        <time>2026-08-07T16:21:06.000Z</time>
        <extensions>
          <ns3:TrackPointExtension>
            <ns3:hr>140</ns3:hr>
          </ns3:TrackPointExtension>
        </extensions>
      </trkpt>
      <trkpt lat="36.1328622512519359588623046875" lon="-115.415440164506435394287109375">
        <ele>1101.4000244140625</ele>
        <time>2026-08-07T16:21:07.000Z</time>
        <extensions>
          <ns3:TrackPointExtension>
            <ns3:hr>141</ns3:hr>
          </ns3:TrackPointExtension>
        </extensions>
      </trkpt>
      <trkpt lat="36.1329098604619503021240234375" lon="-115.41530764661729335784912109375">
        <ele>1100.800048828125</ele>
        <time>2026-08-07T16:21:08.000Z</time>
        <extensions>
          <ns3:TrackPointExtension>
            <ns3:hr>141</ns3:hr>
          </ns3:TrackPointExtension>
        </extensions>
      </trkpt>
      <trkpt lat="36.1329574696719646453857421875" lon="-115.41517538018524646759033203125">
        <ele>1100</ele>
        <time>2026-08-07T16:21:09.000Z</time>
        <extensions>
          <ns3:TrackPointExtension>
            <ns3:hr>141</ns3:hr>
          </ns3:TrackPointExtension>
        </extensions>
      </trkpt>
      <trkpt lat="36.13316291011869907379150390625" lon="-115.4144988767802715301513671875">
        <ele>1099.199951171875</ele>
        <time>2026-08-07T16:21:14.000Z</time>
        <extensions>
          <ns3:TrackPointExtension>
            <ns3:hr>143</ns3:hr>
          </ns3:TrackPointExtension>
        </extensions>
      </trkpt>
      <trkpt lat="36.13320414908230304718017578125" lon="-115.414363257586956024169921875">
        <ele>1098.800048828125</ele>
        <time>2026-08-07T16:21:15.000Z</time>
        <extensions>
          <ns3:TrackPointExtension>
            <ns3:hr>146</ns3:hr>
          </ns3:TrackPointExtension>
        </extensions>
      </trkpt>
      <trkpt lat="36.13324396312236785888671875" lon="-115.41422822512686252593994140625">
        <ele>1098.199951171875</ele>
        <time>2026-08-07T16:21:16.000Z</time>
        <extensions>
          <ns3:TrackPointExtension>
            <ns3:hr>150</ns3:hr>
          </ns3:TrackPointExtension>
        </extensions>
      </trkpt>
      <trkpt lat="36.1333225853741168975830078125" lon="-115.4139585793018341064453125">
        <ele>1097.199951171875</ele>
        <time>2026-08-07T16:21:18.000Z</time>
        <extensions>
          <ns3:TrackPointExtension>
            <ns3:hr>153</ns3:hr>
          </ns3:TrackPointExtension>
        </extensions>
      </trkpt>
      <trkpt lat="36.133399866521358489990234375" lon="-115.4136932082474231719970703125">
        <ele>1095.5999755859375</ele>
        <time>2026-08-07T16:21:20.000Z</time>
        <extensions>
          <ns3:TrackPointExtension>
            <ns3:hr>154</ns3:hr>
          </ns3:TrackPointExtension>
        </extensions>
      </trkpt>
      <trkpt lat="36.1334734596312046051025390625" lon="-115.41342607699334621429443359375">
        <ele>1094.5999755859375</ele>
        <time>2026-08-07T16:21:22.000Z</time>
        <extensions>
          <ns3:TrackPointExtension>
            <ns3:hr>155</ns3:hr>
          </ns3:TrackPointExtension>
        </extensions>
      </trkpt>
      <trkpt lat="36.13362877629697322845458984375" lon="-115.41291595436632633209228515625">
        <ele>1094</ele>
        <time>2026-08-07T16:21:26.000Z</time>
        <extensions>
          <ns3:TrackPointExtension>
            <ns3:hr>156</ns3:hr>
          </ns3:TrackPointExtension>
        </extensions>
      </trkpt>
      <trkpt lat="36.13386816345155239105224609375" lon="-115.4123081825673580169677734375">
        <ele>1093.5999755859375</ele>
        <time>2026-08-07T16:21:31.000Z</time>
        <extensions>
          <ns3:TrackPointExtension>
            <ns3:hr>157</ns3:hr>
          </ns3:TrackPointExtension>
        </extensions>
      </trkpt>
      <trkpt lat="36.13392096944153308868408203125" lon="-115.412192679941654205322265625">
        <ele>1093.4000244140625</ele>
        <time>2026-08-07T16:21:32.000Z</time>
        <extensions>
          <ns3:TrackPointExtension>
            <ns3:hr>158</ns3:hr>
          </ns3:TrackPointExtension>
        </extensions>
      </trkpt>
      <trkpt lat="36.13415348343551158905029296875" lon="-115.41175221092998981475830078125">
        <ele>1092.5999755859375</ele>
        <time>2026-08-07T16:21:36.000Z</time>
        <extensions>
          <ns3:TrackPointExtension>
            <ns3:hr>159</ns3:hr>
          </ns3:TrackPointExtension>
        </extensions>
      </trkpt>
      <trkpt lat="36.13427787087857723236083984375" lon="-115.41154199279844760894775390625">
        <ele>1091.5999755859375</ele>
        <time>2026-08-07T16:21:38.000Z</time>
        <extensions>
          <ns3:TrackPointExtension>
            <ns3:hr>159</ns3:hr>
          </ns3:TrackPointExtension>
        </extensions>
      </trkpt>
      <trkpt lat="36.1343404836952686309814453125" lon="-115.411436967551708221435546875">
        <ele>1091.4000244140625</ele>
        <time>2026-08-07T16:21:39.000Z</time>
        <extensions>
          <ns3:TrackPointExtension>
            <ns3:hr>159</ns3:hr>
          </ns3:TrackPointExtension>
        </extensions>
      </trkpt>
      <trkpt lat="36.1345253884792327880859375" lon="-115.411121807992458343505859375">
        <ele>1090.199951171875</ele>
        <time>2026-08-07T16:21:42.000Z</time>
        <extensions>
          <ns3:TrackPointExtension>
            <ns3:hr>159</ns3:hr>
          </ns3:TrackPointExtension>
        </extensions>
      </trkpt>
      <trkpt lat="36.134768463671207427978515625" lon="-115.41070581413805484771728515625">
        <ele>1089</ele>
        <time>2026-08-07T16:21:46.000Z</time>
        <extensions>
          <ns3:TrackPointExtension>
            <ns3:hr>160</ns3:hr>
          </ns3:TrackPointExtension>
        </extensions>
      </trkpt>
      <trkpt lat="36.13488991744816303253173828125" lon="-115.41050028987228870391845703125">
        <ele>1088.199951171875</ele>
        <time>2026-08-07T16:21:48.000Z</time>
        <extensions>
          <ns3:TrackPointExtension>
            <ns3:hr>162</ns3:hr>
          </ns3:TrackPointExtension>
        </extensions>
      </trkpt>
      <trkpt lat="36.13494984805583953857421875" lon="-115.41039853356778621673583984375">
        <ele>1088</ele>
        <time>2026-08-07T16:21:49.000Z</time>
        <extensions>
          <ns3:TrackPointExtension>
            <ns3:hr>162</ns3:hr>
          </ns3:TrackPointExtension>
        </extensions>
      </trkpt>
      <trkpt lat="36.13519535399973392486572265625" lon="-115.40999268181622028350830078125">
        <ele>1087</ele>
        <time>2026-08-07T16:21:53.000Z</time>
        <extensions>
          <ns3:TrackPointExtension>
            <ns3:hr>162</ns3:hr>
          </ns3:TrackPointExtension>
        </extensions>
      </trkpt>
      <trkpt lat="36.13551638089120388031005859375" lon="-115.40951080620288848876953125">
        <ele>1085.800048828125</ele>
        <time>2026-08-07T16:21:58.000Z</time>
        <extensions>
          <ns3:TrackPointExtension>
            <ns3:hr>160</ns3:hr>
          </ns3:TrackPointExtension>
        </extensions>
      </trkpt>
      <trkpt lat="36.135725677013397216796875" lon="-115.40923629887402057647705078125">
        <ele>1084.4000244140625</ele>
        <time>2026-08-07T16:22:01.000Z</time>
        <extensions>
          <ns3:TrackPointExtension>
            <ns3:hr>159</ns3:hr>
          </ns3:TrackPointExtension>
        </extensions>
      </trkpt>
      <trkpt lat="36.13608308136463165283203125" lon="-115.40879591368138790130615234375">
        <ele>1083.4000244140625</ele>
        <time>2026-08-07T16:22:06.000Z</time>
        <extensions>
          <ns3:TrackPointExtension>
            <ns3:hr>159</ns3:hr>
          </ns3:TrackPointExtension>
        </extensions>
      </trkpt>
      <trkpt lat="36.13615541718900203704833984375" lon="-115.4087076522409915924072265625">
        <ele>1083.199951171875</ele>
        <time>2026-08-07T16:22:07.000Z</time>
        <extensions>
          <ns3:TrackPointExtension>
            <ns3:hr>158</ns3:hr>
          </ns3:TrackPointExtension>
        </extensions>
      </trkpt>
      <trkpt lat="36.13651047460734844207763671875" lon="-115.4082597233355045318603515625">
        <ele>1082.199951171875</ele>
        <time>2026-08-07T16:22:12.000Z</time>
        <extensions>
          <ns3:TrackPointExtension>
            <ns3:hr>157</ns3:hr>
          </ns3:TrackPointExtension>
        </extensions>
      </trkpt>
      <trkpt lat="36.1366488598287105560302734375" lon="-115.40808546356856822967529296875">
        <ele>1081</ele>
        <time>2026-08-07T16:22:14.000Z</time>
        <extensions>
          <ns3:TrackPointExtension>
            <ns3:hr>157</ns3:hr>
          </ns3:TrackPointExtension>
        </extensions>
      </trkpt>
      <trkpt lat="36.13671742379665374755859375" lon="-115.408001057803630828857421875">
        <ele>1080.800048828125</ele>
        <time>2026-08-07T16:22:15.000Z</time>
        <extensions>
          <ns3:TrackPointExtension>
            <ns3:hr>157</ns3:hr>
          </ns3:TrackPointExtension>
        </extensions>
      </trkpt>
      <trkpt lat="36.13692135550081729888916015625" lon="-115.40775085799396038055419921875">
        <ele>1080</ele>
        <time>2026-08-07T16:22:18.000Z</time>
        <extensions>
          <ns3:TrackPointExtension>
            <ns3:hr>157</ns3:hr>
          </ns3:TrackPointExtension>
        </extensions>
      </trkpt>
      <trkpt lat="36.13732268102467060089111328125" lon="-115.40725012309849262237548828125">
        <ele>1079</ele>
        <time>2026-08-07T16:22:24.000Z</time>
        <extensions>
          <ns3:TrackPointExtension>
            <ns3:hr>154</ns3:hr>
          </ns3:TrackPointExtension>
        </extensions>
      </trkpt>
      <trkpt lat="36.13738688640296459197998046875" lon="-115.4071650467813014984130859375">
        <ele>1079</ele>
        <time>2026-08-07T16:22:25.000Z</time>
        <extensions>
          <ns3:TrackPointExtension>
            <ns3:hr>153</ns3:hr>
          </ns3:TrackPointExtension>
        </extensions>
      </trkpt>
      <trkpt lat="36.13744840957224369049072265625" lon="-115.4070798866450786590576171875">
        <ele>1078.800048828125</ele>
        <time>2026-08-07T16:22:26.000Z</time>
        <extensions>
          <ns3:TrackPointExtension>
            <ns3:hr>152</ns3:hr>
          </ns3:TrackPointExtension>
        </extensions>
      </trkpt>
      <trkpt lat="36.13768008537590503692626953125" lon="-115.4067238233983516693115234375">
        <ele>1078.199951171875</ele>
        <time>2026-08-07T16:22:30.000Z</time>
        <extensions>
          <ns3:TrackPointExtension>
            <ns3:hr>156</ns3:hr>
          </ns3:TrackPointExtension>
        </extensions>
      </trkpt>
      <trkpt lat="36.13779575563967227935791015625" lon="-115.406541265547275543212890625">
        <ele>1077.5999755859375</ele>
        <time>2026-08-07T16:22:32.000Z</time>
        <extensions>
          <ns3:TrackPointExtension>
            <ns3:hr>157</ns3:hr>
          </ns3:TrackPointExtension>
        </extensions>
      </trkpt>
      <trkpt lat="36.13785275258123874664306640625" lon="-115.4064502380788326263427734375">
        <ele>1077.4000244140625</ele>
        <time>2026-08-07T16:22:33.000Z</time>
        <extensions>
          <ns3:TrackPointExtension>
            <ns3:hr>157</ns3:hr>
          </ns3:TrackPointExtension>
        </extensions>
      </trkpt>
      <trkpt lat="36.1381394974887371063232421875" lon="-115.4059992916882038116455078125">
        <ele>1076.800048828125</ele>
        <time>2026-08-07T16:22:38.000Z</time>
        <extensions>
          <ns3:TrackPointExtension>
            <ns3:hr>154</ns3:hr>
          </ns3:TrackPointExtension>
        </extensions>
      </trkpt>
      <trkpt lat="36.13819691352546215057373046875" lon="-115.40590851567685604095458984375">
        <ele>1076.5999755859375</ele>
        <time>2026-08-07T16:22:39.000Z</time>
        <extensions>
          <ns3:TrackPointExtension>
            <ns3:hr>154</ns3:hr>
          </ns3:TrackPointExtension>
        </extensions>
      </trkpt>
      <trkpt lat="36.1385337822139263153076171875" lon="-115.4053699783980846405029296875">
        <ele>1076.800048828125</ele>
        <time>2026-08-07T16:22:45.000Z</time>
        <extensions>
          <ns3:TrackPointExtension>
            <ns3:hr>154</ns3:hr>
          </ns3:TrackPointExtension>
        </extensions>
      </trkpt>
      <trkpt lat="36.1388107202947139739990234375" lon="-115.40492288768291473388671875">
        <ele>1074.199951171875</ele>
        <time>2026-08-07T16:22:50.000Z</time>
        <extensions>
          <ns3:TrackPointExtension>
            <ns3:hr>155</ns3:hr>
          </ns3:TrackPointExtension>
        </extensions>
      </trkpt>
      <trkpt lat="36.1390320025384426116943359375" lon="-115.4045669920742511749267578125">
        <ele>1072.800048828125</ele>
        <time>2026-08-07T16:22:54.000Z</time>
        <extensions>
          <ns3:TrackPointExtension>
            <ns3:hr>154</ns3:hr>
          </ns3:TrackPointExtension>
        </extensions>
      </trkpt>
      <trkpt lat="36.13920106552541255950927734375" lon="-115.40429198183119297027587890625">
        <ele>1072.199951171875</ele>
        <time>2026-08-07T16:22:57.000Z</time>
        <extensions>
          <ns3:TrackPointExtension>
            <ns3:hr>155</ns3:hr>
          </ns3:TrackPointExtension>
        </extensions>
      </trkpt>
      <trkpt lat="36.13931656815111637115478515625" lon="-115.40411160327494144439697265625">
        <ele>1071.800048828125</ele>
        <time>2026-08-07T16:22:59.000Z</time>
        <extensions>
          <ns3:TrackPointExtension>
            <ns3:hr>155</ns3:hr>
          </ns3:TrackPointExtension>
        </extensions>
      </trkpt>
      <trkpt lat="36.1396618187427520751953125" lon="-115.403570719063282012939453125">
        <ele>1070.5999755859375</ele>
        <time>2026-08-07T16:23:05.000Z</time>
        <extensions>
          <ns3:TrackPointExtension>
            <ns3:hr>155</ns3:hr>
          </ns3:TrackPointExtension>
        </extensions>
      </trkpt>
      <trkpt lat="36.1398343183100223541259765625" lon="-115.4033060185611248016357421875">
        <ele>1069.800048828125</ele>
        <time>2026-08-07T16:23:08.000Z</time>
        <extensions>
          <ns3:TrackPointExtension>
            <ns3:hr>154</ns3:hr>
          </ns3:TrackPointExtension>
        </extensions>
      </trkpt>
      <trkpt lat="36.13989039324223995208740234375" lon="-115.40321691893041133880615234375">
        <ele>1069.5999755859375</ele>
        <time>2026-08-07T16:23:09.000Z</time>
        <extensions>
          <ns3:TrackPointExtension>
            <ns3:hr>154</ns3:hr>
          </ns3:TrackPointExtension>
        </extensions>
      </trkpt>
      <trkpt lat="36.14015442319214344024658203125" lon="-115.40275189094245433807373046875">
        <ele>1068.5999755859375</ele>
        <time>2026-08-07T16:23:14.000Z</time>
        <extensions>
          <ns3:TrackPointExtension>
            <ns3:hr>153</ns3:hr>
          </ns3:TrackPointExtension>
        </extensions>
      </trkpt>
      <trkpt lat="36.14020253531634807586669921875" lon="-115.40265583433210849761962890625">
        <ele>1068.4000244140625</ele>
        <time>2026-08-07T16:23:15.000Z</time>
        <extensions>
          <ns3:TrackPointExtension>
            <ns3:hr>153</ns3:hr>
          </ns3:TrackPointExtension>
        </extensions>
      </trkpt>
      <trkpt lat="36.14033815450966358184814453125" lon="-115.40235760621726512908935546875">
        <ele>1067.5999755859375</ele>
        <time>2026-08-07T16:23:18.000Z</time>
        <extensions>
          <ns3:TrackPointExtension>
            <ns3:hr>154</ns3:hr>
          </ns3:TrackPointExtension>
        </extensions>
      </trkpt>
      <trkpt lat="36.14038056693971157073974609375" lon="-115.40225702337920665740966796875">
        <ele>1067.4000244140625</ele>
        <time>2026-08-07T16:23:19.000Z</time>
        <extensions>
          <ns3:TrackPointExtension>
            <ns3:hr>151</ns3:hr>
          </ns3:TrackPointExtension>
        </extensions>
      </trkpt>
      <trkpt lat="36.1404230631887912750244140625" lon="-115.40215744636952877044677734375">
        <ele>1067</ele>
        <time>2026-08-07T16:23:20.000Z</time>
        <extensions>
          <ns3:TrackPointExtension>
            <ns3:hr>147</ns3:hr>
          </ns3:TrackPointExtension>
        </extensions>
      </trkpt>
      <trkpt lat="36.14054921083152294158935546875" lon="-115.40185184217989444732666015625">
        <ele>1066.5999755859375</ele>
        <time>2026-08-07T16:23:23.000Z</time>
        <extensions>
          <ns3:TrackPointExtension>
            <ns3:hr>145</ns3:hr>
          </ns3:TrackPointExtension>
        </extensions>
      </trkpt>
      <trkpt lat="36.140799410641193389892578125" lon="-115.40122588165104389190673828125">
        <ele>1065.5999755859375</ele>
        <time>2026-08-07T16:23:29.000Z</time>
        <extensions>
          <ns3:TrackPointExtension>
            <ns3:hr>147</ns3:hr>
          </ns3:TrackPointExtension>
        </extensions>
      </trkpt>
      <trkpt lat="36.14088381640613079071044921875" lon="-115.4010147415101528167724609375">
        <ele>1065.4000244140625</ele>
        <time>2026-08-07T16:23:31.000Z</time>
        <extensions>
          <ns3:TrackPointExtension>
            <ns3:hr>148</ns3:hr>
          </ns3:TrackPointExtension>
        </extensions>
      </trkpt>
      <trkpt lat="36.14101164042949676513671875" lon="-115.40069497190415859222412109375">
        <ele>1065</ele>
        <time>2026-08-07T16:23:34.000Z</time>
        <extensions>
          <ns3:TrackPointExtension>
            <ns3:hr>149</ns3:hr>
          </ns3:TrackPointExtension>
        </extensions>
      </trkpt>
      <trkpt lat="36.1410550586879253387451171875" lon="-115.40058718062937259674072265625">
        <ele>1064.4000244140625</ele>
        <time>2026-08-07T16:23:35.000Z</time>
        <extensions>
          <ns3:TrackPointExtension>
            <ns3:hr>149</ns3:hr>
          </ns3:TrackPointExtension>
        </extensions>
      </trkpt>
      <trkpt lat="36.141142733395099639892578125" lon="-115.40037176571786403656005859375">
        <ele>1063.199951171875</ele>
        <time>2026-08-07T16:23:37.000Z</time>
        <extensions>
          <ns3:TrackPointExtension>
            <ns3:hr>149</ns3:hr>
          </ns3:TrackPointExtension>
        </extensions>
      </trkpt>
      <trkpt lat="36.14122965373098850250244140625" lon="-115.4001587815582752227783203125">
        <ele>1062.199951171875</ele>
        <time>2026-08-07T16:23:39.000Z</time>
        <extensions>
          <ns3:TrackPointExtension>
            <ns3:hr>150</ns3:hr>
          </ns3:TrackPointExtension>
        </extensions>
      </trkpt>
      <trkpt lat="36.14149586297571659088134765625" lon="-115.39953173138201236724853515625">
        <ele>1061.199951171875</ele>
        <time>2026-08-07T16:23:45.000Z</time>
        <extensions>
          <ns3:TrackPointExtension>
            <ns3:hr>148</ns3:hr>
          </ns3:TrackPointExtension>
        </extensions>
      </trkpt>
      <trkpt lat="36.14153869450092315673828125" lon="-115.3994262032210826873779296875">
        <ele>1061</ele>
        <time>2026-08-07T16:23:46.000Z</time>
        <extensions>
          <ns3:TrackPointExtension>
            <ns3:hr>145</ns3:hr>
          </ns3:TrackPointExtension>
        </extensions>
      </trkpt>
      <trkpt lat="36.14167238585650920867919921875" lon="-115.39909981191158294677734375">
        <ele>1059.800048828125</ele>
        <time>2026-08-07T16:23:49.000Z</time>
        <extensions>
          <ns3:TrackPointExtension>
            <ns3:hr>145</ns3:hr>
          </ns3:TrackPointExtension>
        </extensions>
      </trkpt>
      <trkpt lat="36.14180934615433216094970703125" lon="-115.3987719118595123291015625">
        <ele>1058.5999755859375</ele>
        <time>2026-08-07T16:23:52.000Z</time>
        <extensions>
          <ns3:TrackPointExtension>
            <ns3:hr>145</ns3:hr>
          </ns3:TrackPointExtension>
        </extensions>
      </trkpt>
      <trkpt lat="36.14194747991859912872314453125" lon="-115.39844677783548831939697265625">
        <ele>1057.5999755859375</ele>
        <time>2026-08-07T16:23:55.000Z</time>
        <extensions>
          <ns3:TrackPointExtension>
            <ns3:hr>147</ns3:hr>
          </ns3:TrackPointExtension>
        </extensions>
      </trkpt>
      <trkpt lat="36.1421842686831951141357421875" lon="-115.397899188101291656494140625">
        <ele>1056.199951171875</ele>
        <time>2026-08-07T16:24:00.000Z</time>
        <extensions>
          <ns3:TrackPointExtension>
            <ns3:hr>147</ns3:hr>
          </ns3:TrackPointExtension>
        </extensions>
      </trkpt>
      <trkpt lat="36.14233204163610935211181640625" lon="-115.39757254533469676971435546875">
        <ele>1055.199951171875</ele>
        <time>2026-08-07T16:24:03.000Z</time>
        <extensions>
          <ns3:TrackPointExtension>
            <ns3:hr>148</ns3:hr>
          </ns3:TrackPointExtension>
        </extensions>
      </trkpt>
      <trkpt lat="36.1424263380467891693115234375" lon="-115.3973498381674289703369140625">
        <ele>1054</ele>
        <time>2026-08-07T16:24:05.000Z</time>
        <extensions>
          <ns3:TrackPointExtension>
            <ns3:hr>148</ns3:hr>
          </ns3:TrackPointExtension>
        </extensions>
      </trkpt>
      <trkpt lat="36.14252063445746898651123046875" lon="-115.3971302323043346405029296875">
        <ele>1053</ele>
        <time>2026-08-07T16:24:07.000Z</time>
        <extensions>
          <ns3:TrackPointExtension>
            <ns3:hr>148</ns3:hr>
          </ns3:TrackPointExtension>
        </extensions>
      </trkpt>
      <trkpt lat="36.1427555792033672332763671875" lon="-115.3965837322175502777099609375">
        <ele>1051.800048828125</ele>
        <time>2026-08-07T16:24:12.000Z</time>
        <extensions>
          <ns3:TrackPointExtension>
            <ns3:hr>149</ns3:hr>
          </ns3:TrackPointExtension>
        </extensions>
      </trkpt>
      <trkpt lat="36.1429443396627902984619140625" lon="-115.396139658987522125244140625">
        <ele>1050.5999755859375</ele>
        <time>2026-08-07T16:24:16.000Z</time>
        <extensions>
          <ns3:TrackPointExtension>
            <ns3:hr>150</ns3:hr>
          </ns3:TrackPointExtension>
        </extensions>
      </trkpt>
      <trkpt lat="36.142989434301853179931640625" lon="-115.3960265032947063446044921875">
        <ele>1050.5999755859375</ele>
        <time>2026-08-07T16:24:17.000Z</time>
        <extensions>
          <ns3:TrackPointExtension>
            <ns3:hr>150</ns3:hr>
          </ns3:TrackPointExtension>
        </extensions>
      </trkpt>
      <trkpt lat="36.14314709790050983428955078125" lon="-115.395426861941814422607421875">
        <ele>1049.4000244140625</ele>
        <time>2026-08-07T16:24:22.000Z</time>
        <extensions>
          <ns3:TrackPointExtension>
            <ns3:hr>150</ns3:hr>
          </ns3:TrackPointExtension>
        </extensions>
      </trkpt>
      <trkpt lat="36.14322203211486339569091796875" lon="-115.395055375993251800537109375">
        <ele>1048</ele>
        <time>2026-08-07T16:24:25.000Z</time>
        <extensions>
          <ns3:TrackPointExtension>
            <ns3:hr>150</ns3:hr>
          </ns3:TrackPointExtension>
        </extensions>
      </trkpt>
      <trkpt lat="36.143294535577297210693359375" lon="-115.39469134993851184844970703125">
        <ele>1046.800048828125</ele>
        <time>2026-08-07T16:24:28.000Z</time>
        <extensions>
          <ns3:TrackPointExtension>
            <ns3:hr>150</ns3:hr>
          </ns3:TrackPointExtension>
        </extensions>
      </trkpt>
      <trkpt lat="36.143391430377960205078125" lon="-115.3942143358290195465087890625">
        <ele>1045.5999755859375</ele>
        <time>2026-08-07T16:24:32.000Z</time>
        <extensions>
          <ns3:TrackPointExtension>
            <ns3:hr>149</ns3:hr>
          </ns3:TrackPointExtension>
        </extensions>
      </trkpt>
      <trkpt lat="36.14352160133421421051025390625" lon="-115.39354001171886920928955078125">
        <ele>1045.800048828125</ele>
        <time>2026-08-07T16:24:38.000Z</time>
        <extensions>
          <ns3:TrackPointExtension>
            <ns3:hr>147</ns3:hr>
          </ns3:TrackPointExtension>
        </extensions>
      </trkpt>
      <trkpt lat="36.14358413033187389373779296875" lon="-115.39321965537965297698974609375">
        <ele>1045.5999755859375</ele>
        <time>2026-08-07T16:24:41.000Z</time>
        <extensions>
          <ns3:TrackPointExtension>
            <ns3:hr>148</ns3:hr>
          </ns3:TrackPointExtension>
        </extensions>
      </trkpt>
      <trkpt lat="36.14367683418095111846923828125" lon="-115.39257475174963474273681640625">
        <ele>1045</ele>
        <time>2026-08-07T16:24:47.000Z</time>
        <extensions>
          <ns3:TrackPointExtension>
            <ns3:hr>150</ns3:hr>
          </ns3:TrackPointExtension>
        </extensions>
      </trkpt>
      <trkpt lat="36.14372092299163341522216796875" lon="-115.392367132008075714111328125">
        <ele>1045.199951171875</ele>
        <time>2026-08-07T16:24:49.000Z</time>
        <extensions>
          <ns3:TrackPointExtension>
            <ns3:hr>153</ns3:hr>
          </ns3:TrackPointExtension>
        </extensions>
      </trkpt>
      <trkpt lat="36.14384095184504985809326171875" lon="-115.391745865345001220703125">
        <ele>1044.5999755859375</ele>
        <time>2026-08-07T16:24:55.000Z</time>
        <extensions>
          <ns3:TrackPointExtension>
            <ns3:hr>153</ns3:hr>
          </ns3:TrackPointExtension>
        </extensions>
      </trkpt>
      <trkpt lat="36.14386023022234439849853515625" lon="-115.39164201356470584869384765625">
        <ele>1043.199951171875</ele>
        <time>2026-08-07T16:24:56.000Z</time>
        <extensions>
          <ns3:TrackPointExtension>
            <ns3:hr>153</ns3:hr>
          </ns3:TrackPointExtension>
        </extensions>
      </trkpt>
      <trkpt lat="36.14392560906708240509033203125" lon="-115.39133205078542232513427734375">
        <ele>1043.199951171875</ele>
        <time>2026-08-07T16:24:59.000Z</time>
        <extensions>
          <ns3:TrackPointExtension>
            <ns3:hr>149</ns3:hr>
          </ns3:TrackPointExtension>
        </extensions>
      </trkpt>
      <trkpt lat="36.1440366692841053009033203125" lon="-115.39094279520213603973388671875">
        <ele>1043.4000244140625</ele>
        <time>2026-08-07T16:25:03.000Z</time>
        <extensions>
          <ns3:TrackPointExtension>
            <ns3:hr>146</ns3:hr>
          </ns3:TrackPointExtension>
        </extensions>
      </trkpt>
      <trkpt lat="36.14418067038059234619140625" lon="-115.39036964066326618194580078125">
        <ele>1042.4000244140625</ele>
        <time>2026-08-07T16:25:09.000Z</time>
        <extensions>
          <ns3:TrackPointExtension>
            <ns3:hr>149</ns3:hr>
          </ns3:TrackPointExtension>
        </extensions>
      </trkpt>
      <trkpt lat="36.14420372061431407928466796875" lon="-115.39027266204357147216796875">
        <ele>1042.199951171875</ele>
        <time>2026-08-07T16:25:10.000Z</time>
        <extensions>
          <ns3:TrackPointExtension>
            <ns3:hr>150</ns3:hr>
          </ns3:TrackPointExtension>
        </extensions>
      </trkpt>
      <trkpt lat="36.1443813331425189971923828125" lon="-115.38959716446697711944580078125">
        <ele>1043.199951171875</ele>
        <time>2026-08-07T16:25:17.000Z</time>
        <extensions>
          <ns3:TrackPointExtension>
            <ns3:hr>149</ns3:hr>
          </ns3:TrackPointExtension>
        </extensions>
      </trkpt>
      <trkpt lat="36.1444094963371753692626953125" lon="-115.389496497809886932373046875">
        <ele>1043</ele>
        <time>2026-08-07T16:25:18.000Z</time>
        <extensions>
          <ns3:TrackPointExtension>
            <ns3:hr>149</ns3:hr>
          </ns3:TrackPointExtension>
        </extensions>
      </trkpt>
      <trkpt lat="36.14446900784969329833984375" lon="-115.38929323665797710418701171875">
        <ele>1041.4000244140625</ele>
        <time>2026-08-07T16:25:20.000Z</time>
        <extensions>
          <ns3:TrackPointExtension>
            <ns3:hr>149</ns3:hr>
          </ns3:TrackPointExtension>
        </extensions>
      </trkpt>
      <trkpt lat="36.14453027956187725067138671875" lon="-115.38909257389605045318603515625">
        <ele>1040</ele>
        <time>2026-08-07T16:25:22.000Z</time>
        <extensions>
          <ns3:TrackPointExtension>
            <ns3:hr>148</ns3:hr>
          </ns3:TrackPointExtension>
        </extensions>
      </trkpt>
      <trkpt lat="36.1446227319538593292236328125" lon="-115.38878797553479671478271484375">
        <ele>1039.199951171875</ele>
        <time>2026-08-07T16:25:25.000Z</time>
        <extensions>
          <ns3:TrackPointExtension>
            <ns3:hr>151</ns3:hr>
          </ns3:TrackPointExtension>
        </extensions>
      </trkpt>
      <trkpt lat="36.14465969614684581756591796875" lon="-115.38868923671543598175048828125">
        <ele>1039.199951171875</ele>
        <time>2026-08-07T16:25:26.000Z</time>
        <extensions>
          <ns3:TrackPointExtension>
            <ns3:hr>154</ns3:hr>
          </ns3:TrackPointExtension>
        </extensions>
      </trkpt>
      <trkpt lat="36.14469272084534168243408203125" lon="-115.3885870613157749176025390625">
        <ele>1039</ele>
        <time>2026-08-07T16:25:27.000Z</time>
        <extensions>
          <ns3:TrackPointExtension>
            <ns3:hr>156</ns3:hr>
          </ns3:TrackPointExtension>
        </extensions>
      </trkpt>
      <trkpt lat="36.144723482429981231689453125" lon="-115.38848471827805042266845703125">
        <ele>1038.5999755859375</ele>
        <time>2026-08-07T16:25:28.000Z</time>
        <extensions>
          <ns3:TrackPointExtension>
            <ns3:hr>156</ns3:hr>
          </ns3:TrackPointExtension>
        </extensions>
      </trkpt>
      <trkpt lat="36.14484258927404880523681640625" lon="-115.388076603412628173828125">
        <ele>1037.4000244140625</ele>
        <time>2026-08-07T16:25:32.000Z</time>
        <extensions>
          <ns3:TrackPointExtension>
            <ns3:hr>155</ns3:hr>
          </ns3:TrackPointExtension>
        </extensions>
      </trkpt>
      <trkpt lat="36.1449596844613552093505859375" lon="-115.387664549052715301513671875">
        <ele>1037</ele>
        <time>2026-08-07T16:25:36.000Z</time>
        <extensions>
          <ns3:TrackPointExtension>
            <ns3:hr>155</ns3:hr>
          </ns3:TrackPointExtension>
        </extensions>
      </trkpt>
      <trkpt lat="36.1450783722102642059326171875" lon="-115.3872437775135040283203125">
        <ele>1038.800048828125</ele>
        <time>2026-08-07T16:25:40.000Z</time>
        <extensions>
          <ns3:TrackPointExtension>
            <ns3:hr>154</ns3:hr>
          </ns3:TrackPointExtension>
        </extensions>
      </trkpt>
      <trkpt lat="36.1451357044279575347900390625" lon="-115.3870421089231967926025390625">
        <ele>1040.4000244140625</ele>
        <time>2026-08-07T16:25:42.000Z</time>
        <extensions>
          <ns3:TrackPointExtension>
            <ns3:hr>154</ns3:hr>
          </ns3:TrackPointExtension>
        </extensions>
      </trkpt>
      <trkpt lat="36.1451960541307926177978515625" lon="-115.38684722967445850372314453125">
        <ele>1037.800048828125</ele>
        <time>2026-08-07T16:25:44.000Z</time>
        <extensions>
          <ns3:TrackPointExtension>
            <ns3:hr>153</ns3:hr>
          </ns3:TrackPointExtension>
        </extensions>
      </trkpt>
      <trkpt lat="36.14522597752511501312255859375" lon="-115.386745221912860870361328125">
        <ele>1036.5999755859375</ele>
        <time>2026-08-07T16:25:45.000Z</time>
        <extensions>
          <ns3:TrackPointExtension>
            <ns3:hr>153</ns3:hr>
          </ns3:TrackPointExtension>
        </extensions>
      </trkpt>
      <trkpt lat="36.1452542245388031005859375" lon="-115.38664019666612148284912109375">
        <ele>1035</ele>
        <time>2026-08-07T16:25:46.000Z</time>
        <extensions>
          <ns3:TrackPointExtension>
            <ns3:hr>152</ns3:hr>
          </ns3:TrackPointExtension>
        </extensions>
      </trkpt>
      <trkpt lat="36.1453452520072460174560546875" lon="-115.38632235489785671234130859375">
        <ele>1034</ele>
        <time>2026-08-07T16:25:49.000Z</time>
        <extensions>
          <ns3:TrackPointExtension>
            <ns3:hr>152</ns3:hr>
          </ns3:TrackPointExtension>
        </extensions>
      </trkpt>
      <trkpt lat="36.1454669572412967681884765625" lon="-115.385895632207393646240234375">
        <ele>1032.800048828125</ele>
        <time>2026-08-07T16:25:53.000Z</time>
        <extensions>
          <ns3:TrackPointExtension>
            <ns3:hr>151</ns3:hr>
          </ns3:TrackPointExtension>
        </extensions>
      </trkpt>
      <trkpt lat="36.14559444598853588104248046875" lon="-115.3854683227837085723876953125">
        <ele>1031.5999755859375</ele>
        <time>2026-08-07T16:25:57.000Z</time>
        <extensions>
          <ns3:TrackPointExtension>
            <ns3:hr>150</ns3:hr>
          </ns3:TrackPointExtension>
        </extensions>
      </trkpt>
      <trkpt lat="36.14578890614211559295654296875" lon="-115.38482819683849811553955078125">
        <ele>1030.199951171875</ele>
        <time>2026-08-07T16:26:03.000Z</time>
        <extensions>
          <ns3:TrackPointExtension>
            <ns3:hr>150</ns3:hr>
          </ns3:TrackPointExtension>
        </extensions>
      </trkpt>
      <trkpt lat="36.1458216793835163116455078125" lon="-115.3847233392298221588134765625">
        <ele>1030.199951171875</ele>
        <time>2026-08-07T16:26:04.000Z</time>
        <extensions>
          <ns3:TrackPointExtension>
            <ns3:hr>150</ns3:hr>
          </ns3:TrackPointExtension>
        </extensions>
      </trkpt>
      <trkpt lat="36.14598956890404224395751953125" lon="-115.3841879032552242279052734375">
        <ele>1029.199951171875</ele>
        <time>2026-08-07T16:26:09.000Z</time>
        <extensions>
          <ns3:TrackPointExtension>
            <ns3:hr>147</ns3:hr>
          </ns3:TrackPointExtension>
        </extensions>
      </trkpt>
      <trkpt lat="36.14615418948233127593994140625" lon="-115.38365473039448261260986328125">
        <ele>1028.4000244140625</ele>
        <time>2026-08-07T16:26:14.000Z</time>
        <extensions>
          <ns3:TrackPointExtension>
            <ns3:hr>146</ns3:hr>
          </ns3:TrackPointExtension>
        </extensions>
      </trkpt>
      <trkpt lat="36.14618562161922454833984375" lon="-115.38354811258614063262939453125">
        <ele>1028</ele>
        <time>2026-08-07T16:26:15.000Z</time>
        <extensions>
          <ns3:TrackPointExtension>
            <ns3:hr>146</ns3:hr>
          </ns3:TrackPointExtension>
        </extensions>
      </trkpt>
      <trkpt lat="36.14639843814074993133544921875" lon="-115.38284755311906337738037109375">
        <ele>1027.199951171875</ele>
        <time>2026-08-07T16:26:22.000Z</time>
        <extensions>
          <ns3:TrackPointExtension>
            <ns3:hr>146</ns3:hr>
          </ns3:TrackPointExtension>
        </extensions>
      </trkpt>
      <trkpt lat="36.1464285291731357574462890625" lon="-115.38275032304227352142333984375">
        <ele>1027</ele>
        <time>2026-08-07T16:26:23.000Z</time>
        <extensions>
          <ns3:TrackPointExtension>
            <ns3:hr>146</ns3:hr>
          </ns3:TrackPointExtension>
        </extensions>
      </trkpt>
      <trkpt lat="36.146487705409526824951171875" lon="-115.38255820982158184051513671875">
        <ele>1026.4000244140625</ele>
        <time>2026-08-07T16:26:25.000Z</time>
        <extensions>
          <ns3:TrackPointExtension>
            <ns3:hr>143</ns3:hr>
          </ns3:TrackPointExtension>
        </extensions>
      </trkpt>
      <trkpt lat="36.14654369652271270751953125" lon="-115.382374562323093414306640625">
        <ele>1025.800048828125</ele>
        <time>2026-08-07T16:26:27.000Z</time>
        <extensions>
          <ns3:TrackPointExtension>
            <ns3:hr>142</ns3:hr>
          </ns3:TrackPointExtension>
        </extensions>
      </trkpt>
      <trkpt lat="36.1466276831924915313720703125" lon="-115.38209863007068634033203125">
        <ele>1025.4000244140625</ele>
        <time>2026-08-07T16:26:30.000Z</time>
        <extensions>
          <ns3:TrackPointExtension>
            <ns3:hr>139</ns3:hr>
          </ns3:TrackPointExtension>
        </extensions>
      </trkpt>
      <trkpt lat="36.14668426103889942169189453125" lon="-115.38190760649740695953369140625">
        <ele>1025</ele>
        <time>2026-08-07T16:26:32.000Z</time>
        <extensions>
          <ns3:TrackPointExtension>
            <ns3:hr>139</ns3:hr>
          </ns3:TrackPointExtension>
        </extensions>
      </trkpt>
      <trkpt lat="36.14674762822687625885009765625" lon="-115.38171079941093921661376953125">
        <ele>1024.199951171875</ele>
        <time>2026-08-07T16:26:34.000Z</time>
        <extensions>
          <ns3:TrackPointExtension>
            <ns3:hr>138</ns3:hr>
          </ns3:TrackPointExtension>
        </extensions>
      </trkpt>
      <trkpt lat="36.14681116305291652679443359375" lon="-115.38150443695485591888427734375">
        <ele>1022.79998779296875</ele>
        <time>2026-08-07T16:26:36.000Z</time>
        <extensions>
          <ns3:TrackPointExtension>
            <ns3:hr>140</ns3:hr>
          </ns3:TrackPointExtension>
        </extensions>
      </trkpt>
      <trkpt lat="36.14687620662152767181396484375" lon="-115.3812954761087894439697265625">
        <ele>1021.79998779296875</ele>
        <time>2026-08-07T16:26:38.000Z</time>
        <extensions>
          <ns3:TrackPointExtension>
            <ns3:hr>140</ns3:hr>
          </ns3:TrackPointExtension>
        </extensions>
      </trkpt>
      <trkpt lat="36.14694225601851940155029296875" lon="-115.38108517415821552276611328125">
        <ele>1021.5999755859375</ele>
        <time>2026-08-07T16:26:40.000Z</time>
        <extensions>
          <ns3:TrackPointExtension>
            <ns3:hr>139</ns3:hr>
          </ns3:TrackPointExtension>
        </extensions>
      </trkpt>
      <trkpt lat="36.14716731011867523193359375" lon="-115.38036919198930263519287109375">
        <ele>1020.5999755859375</ele>
        <time>2026-08-07T16:26:47.000Z</time>
        <extensions>
          <ns3:TrackPointExtension>
            <ns3:hr>139</ns3:hr>
          </ns3:TrackPointExtension>
        </extensions>
      </trkpt>
      <trkpt lat="36.1473277397453784942626953125" lon="-115.37986032664775848388671875">
        <ele>1020.20001220703125</ele>
        <time>2026-08-07T16:26:52.000Z</time>
        <extensions>
          <ns3:TrackPointExtension>
            <ns3:hr>137</ns3:hr>
          </ns3:TrackPointExtension>
        </extensions>
      </trkpt>
      <trkpt lat="36.14749194122850894927978515625" lon="-115.3793364576995372772216796875">
        <ele>1019.5999755859375</ele>
        <time>2026-08-07T16:26:57.000Z</time>
        <extensions>
          <ns3:TrackPointExtension>
            <ns3:hr>139</ns3:hr>
          </ns3:TrackPointExtension>
        </extensions>
      </trkpt>
      <trkpt lat="36.1475627683103084564208984375" lon="-115.37912867031991481781005859375">
        <ele>1019.4000244140625</ele>
        <time>2026-08-07T16:26:59.000Z</time>
        <extensions>
          <ns3:TrackPointExtension>
            <ns3:hr>142</ns3:hr>
          </ns3:TrackPointExtension>
        </extensions>
      </trkpt>
      <trkpt lat="36.1476695537567138671875" lon="-115.37881183438003063201904296875">
        <ele>1019.79998779296875</ele>
        <time>2026-08-07T16:27:02.000Z</time>
        <extensions>
          <ns3:TrackPointExtension>
            <ns3:hr>142</ns3:hr>
          </ns3:TrackPointExtension>
        </extensions>
      </trkpt>
      <trkpt lat="36.14787273108959197998046875" lon="-115.3781723789870738983154296875">
        <ele>1020</ele>
        <time>2026-08-07T16:27:08.000Z</time>
        <extensions>
          <ns3:TrackPointExtension>
            <ns3:hr>143</ns3:hr>
          </ns3:TrackPointExtension>
        </extensions>
      </trkpt>
      <trkpt lat="36.14793567918241024017333984375" lon="-115.37796274758875370025634765625">
        <ele>1020.20001220703125</ele>
        <time>2026-08-07T16:27:10.000Z</time>
        <extensions>
          <ns3:TrackPointExtension>
            <ns3:hr>146</ns3:hr>
          </ns3:TrackPointExtension>
        </extensions>
      </trkpt>
      <trkpt lat="36.14799368195235729217529296875" lon="-115.377755798399448394775390625">
        <ele>1020.4000244140625</ele>
        <time>2026-08-07T16:27:12.000Z</time>
        <extensions>
          <ns3:TrackPointExtension>
            <ns3:hr>149</ns3:hr>
          </ns3:TrackPointExtension>
        </extensions>
      </trkpt>
      <trkpt lat="36.1480532772839069366455078125" lon="-115.3775568120181560516357421875">
        <ele>1020.5999755859375</ele>
        <time>2026-08-07T16:27:14.000Z</time>
        <extensions>
          <ns3:TrackPointExtension>
            <ns3:hr>153</ns3:hr>
          </ns3:TrackPointExtension>
        </extensions>
      </trkpt>
      <trkpt lat="36.14817389287054538726806640625" lon="-115.37716470658779144287109375">
        <ele>1020.79998779296875</ele>
        <time>2026-08-07T16:27:18.000Z</time>
        <extensions>
          <ns3:TrackPointExtension>
            <ns3:hr>154</ns3:hr>
          </ns3:TrackPointExtension>
        </extensions>
      </trkpt>
      <trkpt lat="36.148373968899250030517578125" lon="-115.37651737220585346221923828125">
        <ele>1020.4000244140625</ele>
        <time>2026-08-07T16:27:25.000Z</time>
        <extensions>
          <ns3:TrackPointExtension>
            <ns3:hr>156</ns3:hr>
          </ns3:TrackPointExtension>
        </extensions>
      </trkpt>
      <trkpt lat="36.14854202605783939361572265625" lon="-115.3759853728115558624267578125">
        <ele>1020.79998779296875</ele>
        <time>2026-08-07T16:27:31.000Z</time>
        <extensions>
          <ns3:TrackPointExtension>
            <ns3:hr>159</ns3:hr>
          </ns3:TrackPointExtension>
        </extensions>
      </trkpt>
      <trkpt lat="36.14857035689055919647216796875" lon="-115.3758948482573032379150390625">
        <ele>1020.79998779296875</ele>
        <time>2026-08-07T16:27:32.000Z</time>
        <extensions>
          <ns3:TrackPointExtension>
            <ns3:hr>160</ns3:hr>
          </ns3:TrackPointExtension>
        </extensions>
      </trkpt>
      <trkpt lat="36.1486567743122577667236328125" lon="-115.37561195902526378631591796875">
        <ele>1020</ele>
        <time>2026-08-07T16:27:35.000Z</time>
        <extensions>
          <ns3:TrackPointExtension>
            <ns3:hr>161</ns3:hr>
          </ns3:TrackPointExtension>
        </extensions>
      </trkpt>
      <trkpt lat="36.1487161181867122650146484375" lon="-115.3754204325377941131591796875">
        <ele>1019.20001220703125</ele>
        <time>2026-08-07T16:27:37.000Z</time>
        <extensions>
          <ns3:TrackPointExtension>
            <ns3:hr>163</ns3:hr>
          </ns3:TrackPointExtension>
        </extensions>
      </trkpt>
      <trkpt lat="36.14880354143679141998291015625" lon="-115.375121869146823883056640625">
        <ele>1018.20001220703125</ele>
        <time>2026-08-07T16:27:40.000Z</time>
        <extensions>
          <ns3:TrackPointExtension>
            <ns3:hr>165</ns3:hr>
          </ns3:TrackPointExtension>
        </extensions>
      </trkpt>
      <trkpt lat="36.14889507181942462921142578125" lon="-115.37482456304132938385009765625">
        <ele>1017</ele>
        <time>2026-08-07T16:27:43.000Z</time>
        <extensions>
          <ns3:TrackPointExtension>
            <ns3:hr>165</ns3:hr>
          </ns3:TrackPointExtension>
        </extensions>
      </trkpt>
      <trkpt lat="36.1489288508892059326171875" lon="-115.37472364492714405059814453125">
        <ele>1016.5999755859375</ele>
        <time>2026-08-07T16:27:44.000Z</time>
        <extensions>
          <ns3:TrackPointExtension>
            <ns3:hr>165</ns3:hr>
          </ns3:TrackPointExtension>
        </extensions>
      </trkpt>
      <trkpt lat="36.14899448119103908538818359375" lon="-115.37451493553817272186279296875">
        <ele>1015.5999755859375</ele>
        <time>2026-08-07T16:27:46.000Z</time>
        <extensions>
          <ns3:TrackPointExtension>
            <ns3:hr>164</ns3:hr>
          </ns3:TrackPointExtension>
        </extensions>
      </trkpt>
      <trkpt lat="36.14909456111490726470947265625" lon="-115.37418988533318042755126953125">
        <ele>1014.4000244140625</ele>
        <time>2026-08-07T16:27:49.000Z</time>
        <extensions>
          <ns3:TrackPointExtension>
            <ns3:hr>163</ns3:hr>
          </ns3:TrackPointExtension>
        </extensions>
      </trkpt>
      <trkpt lat="36.14915893413126468658447265625" lon="-115.3739616461098194122314453125">
        <ele>1013.79998779296875</ele>
        <time>2026-08-07T16:27:51.000Z</time>
        <extensions>
          <ns3:TrackPointExtension>
            <ns3:hr>163</ns3:hr>
          </ns3:TrackPointExtension>
        </extensions>
      </trkpt>
      <trkpt lat="36.1491943895816802978515625" lon="-115.37385025061666965484619140625">
        <ele>1013.4000244140625</ele>
        <time>2026-08-07T16:27:52.000Z</time>
        <extensions>
          <ns3:TrackPointExtension>
            <ns3:hr>162</ns3:hr>
          </ns3:TrackPointExtension>
        </extensions>
      </trkpt>
      <trkpt lat="36.14926639012992382049560546875" lon="-115.37362150847911834716796875">
        <ele>1011.79998779296875</ele>
        <time>2026-08-07T16:27:54.000Z</time>
        <extensions>
          <ns3:TrackPointExtension>
            <ns3:hr>163</ns3:hr>
          </ns3:TrackPointExtension>
        </extensions>
      </trkpt>
      <trkpt lat="36.14933855831623077392578125" lon="-115.37339217960834503173828125">
        <ele>1010.5999755859375</ele>
        <time>2026-08-07T16:27:56.000Z</time>
        <extensions>
          <ns3:TrackPointExtension>
            <ns3:hr>161</ns3:hr>
          </ns3:TrackPointExtension>
        </extensions>
      </trkpt>
      <trkpt lat="36.1494111455976963043212890625" lon="-115.3731630183756351470947265625">
        <ele>1009.4000244140625</ele>
        <time>2026-08-07T16:27:58.000Z</time>
        <extensions>
          <ns3:TrackPointExtension>
            <ns3:hr>159</ns3:hr>
          </ns3:TrackPointExtension>
        </extensions>
      </trkpt>
      <trkpt lat="36.1494812183082103729248046875" lon="-115.3729315102100372314453125">
        <ele>1008.20001220703125</ele>
        <time>2026-08-07T16:28:00.000Z</time>
        <extensions>
          <ns3:TrackPointExtension>
            <ns3:hr>157</ns3:hr>
          </ns3:TrackPointExtension>
        </extensions>
      </trkpt>
      <trkpt lat="36.149552799761295318603515625" lon="-115.37269840948283672332763671875">
        <ele>1007.20001220703125</ele>
        <time>2026-08-07T16:28:02.000Z</time>
        <extensions>
          <ns3:TrackPointExtension>
            <ns3:hr>156</ns3:hr>
          </ns3:TrackPointExtension>
        </extensions>
      </trkpt>
      <trkpt lat="36.1497080326080322265625" lon="-115.37223639898002147674560546875">
        <ele>1006</ele>
        <time>2026-08-07T16:28:06.000Z</time>
        <extensions>
          <ns3:TrackPointExtension>
            <ns3:hr>154</ns3:hr>
          </ns3:TrackPointExtension>
        </extensions>
      </trkpt>
      <trkpt lat="36.14984608255326747894287109375" lon="-115.3719027154147624969482421875">
        <ele>1005.4000244140625</ele>
        <time>2026-08-07T16:28:09.000Z</time>
        <extensions>
          <ns3:TrackPointExtension>
            <ns3:hr>151</ns3:hr>
          </ns3:TrackPointExtension>
        </extensions>
      </trkpt>
      <trkpt lat="36.149953119456768035888671875" lon="-115.37168889306485652923583984375">
        <ele>1004.5999755859375</ele>
        <time>2026-08-07T16:28:11.000Z</time>
        <extensions>
          <ns3:TrackPointExtension>
            <ns3:hr>151</ns3:hr>
          </ns3:TrackPointExtension>
        </extensions>
      </trkpt>
      <trkpt lat="36.15012285299599170684814453125" lon="-115.371373482048511505126953125">
        <ele>1004</ele>
        <time>2026-08-07T16:28:14.000Z</time>
        <extensions>
          <ns3:TrackPointExtension>
            <ns3:hr>145</ns3:hr>
          </ns3:TrackPointExtension>
        </extensions>
      </trkpt>
      <trkpt lat="36.15023986436426639556884765625" lon="-115.37117692641913890838623046875">
        <ele>1003.79998779296875</ele>
        <time>2026-08-07T16:28:16.000Z</time>
        <extensions>
          <ns3:TrackPointExtension>
            <ns3:hr>144</ns3:hr>
          </ns3:TrackPointExtension>
        </extensions>
      </trkpt>
      <trkpt lat="36.150297783315181732177734375" lon="-115.3710789419710636138916015625">
        <ele>1003.4000244140625</ele>
        <time>2026-08-07T16:28:17.000Z</time>
        <extensions>
          <ns3:TrackPointExtension>
            <ns3:hr>144</ns3:hr>
          </ns3:TrackPointExtension>
        </extensions>
      </trkpt>
      <trkpt lat="36.15063549019396305084228515625" lon="-115.37051307968795299530029296875">
        <ele>1002.4000244140625</ele>
        <time>2026-08-07T16:28:23.000Z</time>
        <extensions>
          <ns3:TrackPointExtension>
            <ns3:hr>144</ns3:hr>
          </ns3:TrackPointExtension>
        </extensions>
      </trkpt>
      <trkpt lat="36.15074495784938335418701171875" lon="-115.3703391551971435546875">
        <ele>1002.5999755859375</ele>
        <time>2026-08-07T16:28:25.000Z</time>
        <extensions>
          <ns3:TrackPointExtension>
            <ns3:hr>144</ns3:hr>
          </ns3:TrackPointExtension>
        </extensions>
      </trkpt>
      <trkpt lat="36.151095069944858551025390625" lon="-115.36977211944758892059326171875">
        <ele>1002</ele>
        <time>2026-08-07T16:28:31.000Z</time>
        <extensions>
          <ns3:TrackPointExtension>
            <ns3:hr>141</ns3:hr>
          </ns3:TrackPointExtension>
        </extensions>
      </trkpt>
      <trkpt lat="36.15115307271480560302734375" lon="-115.36967254243791103363037109375">
        <ele>1001.4000244140625</ele>
        <time>2026-08-07T16:28:32.000Z</time>
        <extensions>
          <ns3:TrackPointExtension>
            <ns3:hr>140</ns3:hr>
          </ns3:TrackPointExtension>
        </extensions>
      </trkpt>
      <trkpt lat="36.151209734380245208740234375" lon="-115.36957296542823314666748046875">
        <ele>1000.79998779296875</ele>
        <time>2026-08-07T16:28:33.000Z</time>
        <extensions>
          <ns3:TrackPointExtension>
            <ns3:hr>139</ns3:hr>
          </ns3:TrackPointExtension>
        </extensions>
      </trkpt>
      <trkpt lat="36.15136957727372646331787109375" lon="-115.3692667745053768157958984375">
        <ele>999.79998779296875</ele>
        <time>2026-08-07T16:28:36.000Z</time>
        <extensions>
          <ns3:TrackPointExtension>
            <ns3:hr>137</ns3:hr>
          </ns3:TrackPointExtension>
        </extensions>
      </trkpt>
      <trkpt lat="36.1515337787568569183349609375" lon="-115.368960835039615631103515625">
        <ele>998.5999755859375</ele>
        <time>2026-08-07T16:28:39.000Z</time>
        <extensions>
          <ns3:TrackPointExtension>
            <ns3:hr>136</ns3:hr>
          </ns3:TrackPointExtension>
        </extensions>
      </trkpt>
      <trkpt lat="36.15164048038423061370849609375" lon="-115.36875757388770580291748046875">
        <ele>997.5999755859375</ele>
        <time>2026-08-07T16:28:41.000Z</time>
        <extensions>
          <ns3:TrackPointExtension>
            <ns3:hr>136</ns3:hr>
          </ns3:TrackPointExtension>
        </extensions>
      </trkpt>
      <trkpt lat="36.1516943760216236114501953125" lon="-115.368657074868679046630859375">
        <ele>997.4000244140625</ele>
        <time>2026-08-07T16:28:42.000Z</time>
        <extensions>
          <ns3:TrackPointExtension>
            <ns3:hr>137</ns3:hr>
          </ns3:TrackPointExtension>
        </extensions>
      </trkpt>
      <trkpt lat="36.15174776874482631683349609375" lon="-115.36855841986835002899169921875">
        <ele>997</ele>
        <time>2026-08-07T16:28:43.000Z</time>
        <extensions>
          <ns3:TrackPointExtension>
            <ns3:hr>141</ns3:hr>
          </ns3:TrackPointExtension>
        </extensions>
      </trkpt>
      <trkpt lat="36.15190668962895870208740234375" lon="-115.36826455034315586090087890625">
        <ele>996.4000244140625</ele>
        <time>2026-08-07T16:28:46.000Z</time>
        <extensions>
          <ns3:TrackPointExtension>
            <ns3:hr>144</ns3:hr>
          </ns3:TrackPointExtension>
        </extensions>
      </trkpt>
      <trkpt lat="36.15196117199957370758056640625" lon="-115.36816815845668315887451171875">
        <ele>996.20001220703125</ele>
        <time>2026-08-07T16:28:47.000Z</time>
        <extensions>
          <ns3:TrackPointExtension>
            <ns3:hr>144</ns3:hr>
          </ns3:TrackPointExtension>
        </extensions>
      </trkpt>
      <trkpt lat="36.15222620777785778045654296875" lon="-115.36768385209143161773681640625">
        <ele>995.4000244140625</ele>
        <time>2026-08-07T16:28:52.000Z</time>
        <extensions>
          <ns3:TrackPointExtension>
            <ns3:hr>145</ns3:hr>
          </ns3:TrackPointExtension>
        </extensions>
      </trkpt>
      <trkpt lat="36.15227649919688701629638671875" lon="-115.36758746020495891571044921875">
        <ele>995</ele>
        <time>2026-08-07T16:28:53.000Z</time>
        <extensions>
          <ns3:TrackPointExtension>
            <ns3:hr>145</ns3:hr>
          </ns3:TrackPointExtension>
        </extensions>
      </trkpt>
      <trkpt lat="36.152595095336437225341796875" lon="-115.3670090250670909881591796875">
        <ele>993.79998779296875</ele>
        <time>2026-08-07T16:28:59.000Z</time>
        <extensions>
          <ns3:TrackPointExtension>
            <ns3:hr>146</ns3:hr>
          </ns3:TrackPointExtension>
        </extensions>
      </trkpt>
      <trkpt lat="36.152699701488018035888671875" lon="-115.36681942641735076904296875">
        <ele>993</ele>
        <time>2026-08-07T16:29:01.000Z</time>
        <extensions>
          <ns3:TrackPointExtension>
            <ns3:hr>147</ns3:hr>
          </ns3:TrackPointExtension>
        </extensions>
      </trkpt>
      <trkpt lat="36.15280690602958202362060546875" lon="-115.36662555299699306488037109375">
        <ele>992.5999755859375</ele>
        <time>2026-08-07T16:29:03.000Z</time>
        <extensions>
          <ns3:TrackPointExtension>
            <ns3:hr>150</ns3:hr>
          </ns3:TrackPointExtension>
        </extensions>
      </trkpt>
      <trkpt lat="36.15312022157013416290283203125" lon="-115.36605625413358211517333984375">
        <ele>991.4000244140625</ele>
        <time>2026-08-07T16:29:09.000Z</time>
        <extensions>
          <ns3:TrackPointExtension>
            <ns3:hr>151</ns3:hr>
          </ns3:TrackPointExtension>
        </extensions>
      </trkpt>
      <trkpt lat="36.153222061693668365478515625" lon="-115.36587302573025226593017578125">
        <ele>991</ele>
        <time>2026-08-07T16:29:11.000Z</time>
        <extensions>
          <ns3:TrackPointExtension>
            <ns3:hr>147</ns3:hr>
          </ns3:TrackPointExtension>
        </extensions>
      </trkpt>
      <trkpt lat="36.15337989293038845062255859375" lon="-115.3656015358865261077880859375">
        <ele>990.4000244140625</ele>
        <time>2026-08-07T16:29:14.000Z</time>
        <extensions>
          <ns3:TrackPointExtension>
            <ns3:hr>144</ns3:hr>
          </ns3:TrackPointExtension>
        </extensions>
      </trkpt>
      <trkpt lat="36.15378272719681262969970703125" lon="-115.36500466056168079376220703125">
        <ele>989.5999755859375</ele>
        <time>2026-08-07T16:29:21.000Z</time>
        <extensions>
          <ns3:TrackPointExtension>
            <ns3:hr>149</ns3:hr>
          </ns3:TrackPointExtension>
        </extensions>
      </trkpt>
      <trkpt lat="36.15384341217577457427978515625" lon="-115.36492100916802883148193359375">
        <ele>989.5999755859375</ele>
        <time>2026-08-07T16:29:22.000Z</time>
        <extensions>
          <ns3:TrackPointExtension>
            <ns3:hr>152</ns3:hr>
          </ns3:TrackPointExtension>
        </extensions>
      </trkpt>
      <trkpt lat="36.153905689716339111328125" lon="-115.3648391179740428924560546875">
        <ele>989.4000244140625</ele>
        <time>2026-08-07T16:29:23.000Z</time>
        <extensions>
          <ns3:TrackPointExtension>
            <ns3:hr>152</ns3:hr>
          </ns3:TrackPointExtension>
        </extensions>
      </trkpt>
      <trkpt lat="36.15396897308528423309326171875" lon="-115.3647589869797229766845703125">
        <ele>989.20001220703125</ele>
        <time>2026-08-07T16:29:24.000Z</time>
        <extensions>
          <ns3:TrackPointExtension>
            <ns3:hr>152</ns3:hr>
          </ns3:TrackPointExtension>
        </extensions>
      </trkpt>
      <trkpt lat="36.15436795167624950408935546875" lon="-115.36428515799343585968017578125">
        <ele>988</ele>
        <time>2026-08-07T16:29:30.000Z</time>
        <extensions>
          <ns3:TrackPointExtension>
            <ns3:hr>149</ns3:hr>
          </ns3:TrackPointExtension>
        </extensions>
      </trkpt>
      <trkpt lat="36.154646314680576324462890625" lon="-115.36396882496774196624755859375">
        <ele>986.5999755859375</ele>
        <time>2026-08-07T16:29:34.000Z</time>
        <extensions>
          <ns3:TrackPointExtension>
            <ns3:hr>149</ns3:hr>
          </ns3:TrackPointExtension>
        </extensions>
      </trkpt>
      <trkpt lat="36.15492425858974456787109375" lon="-115.36366171203553676605224609375">
        <ele>985.79998779296875</ele>
        <time>2026-08-07T16:29:38.000Z</time>
        <extensions>
          <ns3:TrackPointExtension>
            <ns3:hr>151</ns3:hr>
          </ns3:TrackPointExtension>
        </extensions>
      </trkpt>
      <trkpt lat="36.154992990195751190185546875" lon="-115.3635861910879611968994140625">
        <ele>985.5999755859375</ele>
        <time>2026-08-07T16:29:39.000Z</time>
        <extensions>
          <ns3:TrackPointExtension>
            <ns3:hr>151</ns3:hr>
          </ns3:TrackPointExtension>
        </extensions>
      </trkpt>
      <trkpt lat="36.15540361963212490081787109375" lon="-115.363129712641239166259765625">
        <ele>984.4000244140625</ele>
        <time>2026-08-07T16:29:45.000Z</time>
        <extensions>
          <ns3:TrackPointExtension>
            <ns3:hr>151</ns3:hr>
          </ns3:TrackPointExtension>
        </extensions>
      </trkpt>
      <trkpt lat="36.155674941837787628173828125" lon="-115.36283290944993495941162109375">
        <ele>983.79998779296875</ele>
        <time>2026-08-07T16:29:49.000Z</time>
        <extensions>
          <ns3:TrackPointExtension>
            <ns3:hr>151</ns3:hr>
          </ns3:TrackPointExtension>
        </extensions>
      </trkpt>
      <trkpt lat="36.155876778066158294677734375" lon="-115.36261095665395259857177734375">
        <ele>983.4000244140625</ele>
        <time>2026-08-07T16:29:52.000Z</time>
        <extensions>
          <ns3:TrackPointExtension>
            <ns3:hr>152</ns3:hr>
          </ns3:TrackPointExtension>
        </extensions>
      </trkpt>
      <trkpt lat="36.15620233118534088134765625" lon="-115.3622444160282611846923828125">
        <ele>983.5999755859375</ele>
        <time>2026-08-07T16:29:57.000Z</time>
        <extensions>
          <ns3:TrackPointExtension>
            <ns3:hr>153</ns3:hr>
          </ns3:TrackPointExtension>
        </extensions>
      </trkpt>
      <trkpt lat="36.1566098593175411224365234375" lon="-115.361799336969852447509765625">
        <ele>983</ele>
        <time>2026-08-07T16:30:03.000Z</time>
        <extensions>
          <ns3:TrackPointExtension>
            <ns3:hr>153</ns3:hr>
          </ns3:TrackPointExtension>
        </extensions>
      </trkpt>
      <trkpt lat="36.15681982599198818206787109375" lon="-115.3615695051848888397216796875">
        <ele>983.20001220703125</ele>
        <time>2026-08-07T16:30:06.000Z</time>
        <extensions>
          <ns3:TrackPointExtension>
            <ns3:hr>153</ns3:hr>
          </ns3:TrackPointExtension>
        </extensions>
      </trkpt>
      <trkpt lat="36.15721126087009906768798828125" lon="-115.36109693348407745361328125">
        <ele>983.4000244140625</ele>
        <time>2026-08-07T16:30:12.000Z</time>
        <extensions>
          <ns3:TrackPointExtension>
            <ns3:hr>155</ns3:hr>
          </ns3:TrackPointExtension>
        </extensions>
      </trkpt>
      <trkpt lat="36.15732994861900806427001953125" lon="-115.36092770285904407501220703125">
        <ele>983.79998779296875</ele>
        <time>2026-08-07T16:30:14.000Z</time>
        <extensions>
          <ns3:TrackPointExtension>
            <ns3:hr>156</ns3:hr>
          </ns3:TrackPointExtension>
        </extensions>
      </trkpt>
      <trkpt lat="36.15752273239195346832275390625" lon="-115.36067976616322994232177734375">
        <ele>983.5999755859375</ele>
        <time>2026-08-07T16:30:17.000Z</time>
        <extensions>
          <ns3:TrackPointExtension>
            <ns3:hr>159</ns3:hr>
          </ns3:TrackPointExtension>
        </extensions>
      </trkpt>
      <trkpt lat="36.15765801630914211273193359375" lon="-115.36052587442100048065185546875">
        <ele>983.20001220703125</ele>
        <time>2026-08-07T16:30:19.000Z</time>
        <extensions>
          <ns3:TrackPointExtension>
            <ns3:hr>162</ns3:hr>
          </ns3:TrackPointExtension>
        </extensions>
      </trkpt>
      <trkpt lat="36.15778525359928607940673828125" lon="-115.36036896519362926483154296875">
        <ele>982.20001220703125</ele>
        <time>2026-08-07T16:30:21.000Z</time>
        <extensions>
          <ns3:TrackPointExtension>
            <ns3:hr>165</ns3:hr>
          </ns3:TrackPointExtension>
        </extensions>
      </trkpt>
      <trkpt lat="36.158007793128490447998046875" lon="-115.36004441790282726287841796875">
        <ele>982</ele>
        <time>2026-08-07T16:30:25.000Z</time>
        <extensions>
          <ns3:TrackPointExtension>
            <ns3:hr>168</ns3:hr>
          </ns3:TrackPointExtension>
        </extensions>
      </trkpt>
      <trkpt lat="36.15811047144234180450439453125" lon="-115.35987979732453823089599609375">
        <ele>982</ele>
        <time>2026-08-07T16:30:27.000Z</time>
        <extensions>
          <ns3:TrackPointExtension>
            <ns3:hr>169</ns3:hr>
          </ns3:TrackPointExtension>
        </extensions>
      </trkpt>
      <trkpt lat="36.15841020829975605010986328125" lon="-115.35928401164710521697998046875">
        <ele>981.79998779296875</ele>
        <time>2026-08-07T16:30:34.000Z</time>
        <extensions>
          <ns3:TrackPointExtension>
            <ns3:hr>169</ns3:hr>
          </ns3:TrackPointExtension>
        </extensions>
      </trkpt>
      <trkpt lat="36.158447004854679107666015625" lon="-115.3591977618634700775146484375">
        <ele>981.79998779296875</ele>
        <time>2026-08-07T16:30:35.000Z</time>
        <extensions>
          <ns3:TrackPointExtension>
            <ns3:hr>169</ns3:hr>
          </ns3:TrackPointExtension>
        </extensions>
      </trkpt>
      <trkpt lat="36.15865797735750675201416015625" lon="-115.35857339389622211456298828125">
        <ele>981.5999755859375</ele>
        <time>2026-08-07T16:30:42.000Z</time>
        <extensions>
          <ns3:TrackPointExtension>
            <ns3:hr>168</ns3:hr>
          </ns3:TrackPointExtension>
        </extensions>
      </trkpt>
      <trkpt lat="36.15868069231510162353515625" lon="-115.35848672501742839813232421875">
        <ele>981.5999755859375</ele>
        <time>2026-08-07T16:30:43.000Z</time>
        <extensions>
          <ns3:TrackPointExtension>
            <ns3:hr>168</ns3:hr>
          </ns3:TrackPointExtension>
        </extensions>
      </trkpt>
      <trkpt lat="36.1587847955524921417236328125" lon="-115.358026139438152313232421875">
        <ele>981.20001220703125</ele>
        <time>2026-08-07T16:30:48.000Z</time>
        <extensions>
          <ns3:TrackPointExtension>
            <ns3:hr>166</ns3:hr>
          </ns3:TrackPointExtension>
        </extensions>
      </trkpt>
      <trkpt lat="36.15882360376417636871337890625" lon="-115.35773822106420993804931640625">
        <ele>980.79998779296875</ele>
        <time>2026-08-07T16:30:51.000Z</time>
        <extensions>
          <ns3:TrackPointExtension>
            <ns3:hr>166</ns3:hr>
          </ns3:TrackPointExtension>
        </extensions>
      </trkpt>
      <trkpt lat="36.1588672734797000885009765625" lon="-115.3570416010916233062744140625">
        <ele>981.4000244140625</ele>
        <time>2026-08-07T16:30:58.000Z</time>
        <extensions>
          <ns3:TrackPointExtension>
            <ns3:hr>166</ns3:hr>
          </ns3:TrackPointExtension>
        </extensions>
      </trkpt>
      <trkpt lat="36.15886702202260494232177734375" lon="-115.35693682730197906494140625">
        <ele>981.5999755859375</ele>
        <time>2026-08-07T16:30:59.000Z</time>
        <extensions>
          <ns3:TrackPointExtension>
            <ns3:hr>166</ns3:hr>
          </ns3:TrackPointExtension>
        </extensions>
      </trkpt>
      <trkpt lat="36.15886568091809749603271484375" lon="-115.35640533082187175750732421875">
        <ele>980</ele>
        <time>2026-08-07T16:31:04.000Z</time>
        <extensions>
          <ns3:TrackPointExtension>
            <ns3:hr>166</ns3:hr>
          </ns3:TrackPointExtension>
        </extensions>
      </trkpt>
      <trkpt lat="36.15886551328003406524658203125" lon="-115.35597282461822032928466796875">
        <ele>979.20001220703125</ele>
        <time>2026-08-07T16:31:08.000Z</time>
        <extensions>
          <ns3:TrackPointExtension>
            <ns3:hr>165</ns3:hr>
          </ns3:TrackPointExtension>
        </extensions>
      </trkpt>
      <trkpt lat="36.158864758908748626708984375" lon="-115.35586419515311717987060546875">
        <ele>979</ele>
        <time>2026-08-07T16:31:09.000Z</time>
        <extensions>
          <ns3:TrackPointExtension>
            <ns3:hr>162</ns3:hr>
          </ns3:TrackPointExtension>
        </extensions>
      </trkpt>
      <trkpt lat="36.158862747251987457275390625" lon="-115.35553445108234882354736328125">
        <ele>978.20001220703125</ele>
        <time>2026-08-07T16:31:12.000Z</time>
        <extensions>
          <ns3:TrackPointExtension>
            <ns3:hr>159</ns3:hr>
          </ns3:TrackPointExtension>
        </extensions>
      </trkpt>
      <trkpt lat="36.15886081941425800323486328125" lon="-115.35542464815080165863037109375">
        <ele>978</ele>
        <time>2026-08-07T16:31:13.000Z</time>
        <extensions>
          <ns3:TrackPointExtension>
            <ns3:hr>159</ns3:hr>
          </ns3:TrackPointExtension>
        </extensions>
      </trkpt>
      <trkpt lat="36.15886182524263858795166015625" lon="-115.35498074255883693695068359375">
        <ele>976.79998779296875</ele>
        <time>2026-08-07T16:31:17.000Z</time>
        <extensions>
          <ns3:TrackPointExtension>
            <ns3:hr>159</ns3:hr>
          </ns3:TrackPointExtension>
        </extensions>
      </trkpt>
      <trkpt lat="36.15886576473712921142578125" lon="-115.35486473701894283294677734375">
        <ele>976.4000244140625</ele>
        <time>2026-08-07T16:31:18.000Z</time>
        <extensions>
          <ns3:TrackPointExtension>
            <ns3:hr>158</ns3:hr>
          </ns3:TrackPointExtension>
        </extensions>
      </trkpt>
      <trkpt lat="36.158870123326778411865234375" lon="-115.35463322885334491729736328125">
        <ele>975.79998779296875</ele>
        <time>2026-08-07T16:31:20.000Z</time>
        <extensions>
          <ns3:TrackPointExtension>
            <ns3:hr>157</ns3:hr>
          </ns3:TrackPointExtension>
        </extensions>
      </trkpt>
      <trkpt lat="36.15887247025966644287109375" lon="-115.35427649505436420440673828125">
        <ele>974.5999755859375</ele>
        <time>2026-08-07T16:31:23.000Z</time>
        <extensions>
          <ns3:TrackPointExtension>
            <ns3:hr>156</ns3:hr>
          </ns3:TrackPointExtension>
        </extensions>
      </trkpt>
      <trkpt lat="36.15887221880257129669189453125" lon="-115.35378732718527317047119140625">
        <ele>973.4000244140625</ele>
        <time>2026-08-07T16:31:27.000Z</time>
        <extensions>
          <ns3:TrackPointExtension>
            <ns3:hr>157</ns3:hr>
          </ns3:TrackPointExtension>
        </extensions>
      </trkpt>
      <trkpt lat="36.1588726378977298736572265625" lon="-115.35353704355657100677490234375">
        <ele>972</ele>
        <time>2026-08-07T16:31:29.000Z</time>
        <extensions>
          <ns3:TrackPointExtension>
            <ns3:hr>156</ns3:hr>
          </ns3:TrackPointExtension>
        </extensions>
      </trkpt>
      <trkpt lat="36.15887490101158618927001953125" lon="-115.35328173078596591949462890625">
        <ele>970.20001220703125</ele>
        <time>2026-08-07T16:31:31.000Z</time>
        <extensions>
          <ns3:TrackPointExtension>
            <ns3:hr>155</ns3:hr>
          </ns3:TrackPointExtension>
        </extensions>
      </trkpt>
      <trkpt lat="36.158874817192554473876953125" lon="-115.35315399058163166046142578125">
        <ele>969</ele>
        <time>2026-08-07T16:31:32.000Z</time>
        <extensions>
          <ns3:TrackPointExtension>
            <ns3:hr>155</ns3:hr>
          </ns3:TrackPointExtension>
        </extensions>
      </trkpt>
      <trkpt lat="36.15887439809739589691162109375" lon="-115.3528972528874874114990234375">
        <ele>967.79998779296875</ele>
        <time>2026-08-07T16:31:34.000Z</time>
        <extensions>
          <ns3:TrackPointExtension>
            <ns3:hr>154</ns3:hr>
          </ns3:TrackPointExtension>
        </extensions>
      </trkpt>
      <trkpt lat="36.1588736437261104583740234375" lon="-115.35264001227915287017822265625">
        <ele>966.5999755859375</ele>
        <time>2026-08-07T16:31:36.000Z</time>
        <extensions>
          <ns3:TrackPointExtension>
            <ns3:hr>151</ns3:hr>
          </ns3:TrackPointExtension>
        </extensions>
      </trkpt>
      <trkpt lat="36.15886853076517581939697265625" lon="-115.35189100541174411773681640625">
        <ele>965.79998779296875</ele>
        <time>2026-08-07T16:31:42.000Z</time>
        <extensions>
          <ns3:TrackPointExtension>
            <ns3:hr>150</ns3:hr>
          </ns3:TrackPointExtension>
        </extensions>
      </trkpt>
      <trkpt lat="36.15885277278721332550048828125" lon="-115.35164751112461090087890625">
        <ele>966</ele>
        <time>2026-08-07T16:31:44.000Z</time>
        <extensions>
          <ns3:TrackPointExtension>
            <ns3:hr>151</ns3:hr>
          </ns3:TrackPointExtension>
        </extensions>
      </trkpt>
      <trkpt lat="36.15884841419756412506103515625" lon="-115.35140208899974822998046875">
        <ele>965.5999755859375</ele>
        <time>2026-08-07T16:31:46.000Z</time>
        <extensions>
          <ns3:TrackPointExtension>
            <ns3:hr>150</ns3:hr>
          </ns3:TrackPointExtension>
        </extensions>
      </trkpt>
      <trkpt lat="36.15884958766400814056396484375" lon="-115.3509006835520267486572265625">
        <ele>964.5999755859375</ele>
        <time>2026-08-07T16:31:50.000Z</time>
        <extensions>
          <ns3:TrackPointExtension>
            <ns3:hr>150</ns3:hr>
          </ns3:TrackPointExtension>
        </extensions>
      </trkpt>
      <trkpt lat="36.15884942002594470977783203125" lon="-115.35077403299510478973388671875">
        <ele>964.4000244140625</ele>
        <time>2026-08-07T16:31:51.000Z</time>
        <extensions>
          <ns3:TrackPointExtension>
            <ns3:hr>151</ns3:hr>
          </ns3:TrackPointExtension>
        </extensions>
      </trkpt>
      <trkpt lat="36.15884740836918354034423828125" lon="-115.35038762725889682769775390625">
        <ele>963.4000244140625</ele>
        <time>2026-08-07T16:31:54.000Z</time>
        <extensions>
          <ns3:TrackPointExtension>
            <ns3:hr>150</ns3:hr>
          </ns3:TrackPointExtension>
        </extensions>
      </trkpt>
      <trkpt lat="36.1588505096733570098876953125" lon="-115.34987733699381351470947265625">
        <ele>962.20001220703125</ele>
        <time>2026-08-07T16:31:58.000Z</time>
        <extensions>
          <ns3:TrackPointExtension>
            <ns3:hr>150</ns3:hr>
          </ns3:TrackPointExtension>
        </extensions>
      </trkpt>
      <trkpt lat="36.1588511802256107330322265625" lon="-115.3497537039220333099365234375">
        <ele>962.20001220703125</ele>
        <time>2026-08-07T16:31:59.000Z</time>
        <extensions>
          <ns3:TrackPointExtension>
            <ns3:hr>149</ns3:hr>
          </ns3:TrackPointExtension>
        </extensions>
      </trkpt>
      <trkpt lat="36.15885025821626186370849609375" lon="-115.34902221523225307464599609375">
        <ele>962.5999755859375</ele>
        <time>2026-08-07T16:32:05.000Z</time>
        <extensions>
          <ns3:TrackPointExtension>
            <ns3:hr>149</ns3:hr>
          </ns3:TrackPointExtension>
        </extensions>
      </trkpt>
      <trkpt lat="36.15884740836918354034423828125" lon="-115.34890302456915378570556640625">
        <ele>962</ele>
        <time>2026-08-07T16:32:06.000Z</time>
        <extensions>
          <ns3:TrackPointExtension>
            <ns3:hr>148</ns3:hr>
          </ns3:TrackPointExtension>
        </extensions>
      </trkpt>
      <trkpt lat="36.15884807892143726348876953125" lon="-115.3486700914800167083740234375">
        <ele>961</ele>
        <time>2026-08-07T16:32:08.000Z</time>
        <extensions>
          <ns3:TrackPointExtension>
            <ns3:hr>147</ns3:hr>
          </ns3:TrackPointExtension>
        </extensions>
      </trkpt>
      <trkpt lat="36.15884606726467609405517578125" lon="-115.34798897802829742431640625">
        <ele>960.5999755859375</ele>
        <time>2026-08-07T16:32:14.000Z</time>
        <extensions>
          <ns3:TrackPointExtension>
            <ns3:hr>145</ns3:hr>
          </ns3:TrackPointExtension>
        </extensions>
      </trkpt>
      <trkpt lat="36.1588464863598346710205078125" lon="-115.34787791781127452850341796875">
        <ele>960.5999755859375</ele>
        <time>2026-08-07T16:32:15.000Z</time>
        <extensions>
          <ns3:TrackPointExtension>
            <ns3:hr>146</ns3:hr>
          </ns3:TrackPointExtension>
        </extensions>
      </trkpt>
      <trkpt lat="36.1588449776172637939453125" lon="-115.347323119640350341796875">
        <ele>960</ele>
        <time>2026-08-07T16:32:20.000Z</time>
        <extensions>
          <ns3:TrackPointExtension>
            <ns3:hr>147</ns3:hr>
          </ns3:TrackPointExtension>
        </extensions>
      </trkpt>
      <trkpt lat="36.15885059349238872528076171875" lon="-115.3468867577612400054931640625">
        <ele>959.79998779296875</ele>
        <time>2026-08-07T16:32:24.000Z</time>
        <extensions>
          <ns3:TrackPointExtension>
            <ns3:hr>144</ns3:hr>
          </ns3:TrackPointExtension>
        </extensions>
      </trkpt>
      <trkpt lat="36.15885562263429164886474609375" lon="-115.346347801387310028076171875">
        <ele>958.5999755859375</ele>
        <time>2026-08-07T16:32:29.000Z</time>
        <extensions>
          <ns3:TrackPointExtension>
            <ns3:hr>142</ns3:hr>
          </ns3:TrackPointExtension>
        </extensions>
      </trkpt>
      <trkpt lat="36.15885294042527675628662109375" lon="-115.34592543728649616241455078125">
        <ele>957.4000244140625</ele>
        <time>2026-08-07T16:32:33.000Z</time>
        <extensions>
          <ns3:TrackPointExtension>
            <ns3:hr>141</ns3:hr>
          </ns3:TrackPointExtension>
        </extensions>
      </trkpt>
      <trkpt lat="36.15885176695883274078369140625" lon="-115.3458202444016933441162109375">
        <ele>957</ele>
        <time>2026-08-07T16:32:34.000Z</time>
        <extensions>
          <ns3:TrackPointExtension>
            <ns3:hr>140</ns3:hr>
          </ns3:TrackPointExtension>
        </extensions>
      </trkpt>
      <trkpt lat="36.1588484980165958404541015625" lon="-115.345608852803707122802734375">
        <ele>956.5999755859375</ele>
        <time>2026-08-07T16:32:36.000Z</time>
        <extensions>
          <ns3:TrackPointExtension>
            <ns3:hr>137</ns3:hr>
          </ns3:TrackPointExtension>
        </extensions>
      </trkpt>
      <trkpt lat="36.15883818827569484710693359375" lon="-115.34531154669821262359619140625">
        <ele>956.5999755859375</ele>
        <time>2026-08-07T16:32:39.000Z</time>
        <extensions>
          <ns3:TrackPointExtension>
            <ns3:hr>134</ns3:hr>
          </ns3:TrackPointExtension>
        </extensions>
      </trkpt>
      <trkpt lat="36.158837936818599700927734375" lon="-115.3451470099389553070068359375">
        <ele>956.4000244140625</ele>
        <time>2026-08-07T16:32:41.000Z</time>
        <extensions>
          <ns3:TrackPointExtension>
            <ns3:hr>133</ns3:hr>
          </ns3:TrackPointExtension>
        </extensions>
      </trkpt>
      <trkpt lat="36.1588347516953945159912109375" lon="-115.34494224004447460174560546875">
        <ele>956.20001220703125</ele>
        <time>2026-08-07T16:32:44.000Z</time>
        <extensions>
          <ns3:TrackPointExtension>
            <ns3:hr>130</ns3:hr>
          </ns3:TrackPointExtension>
        </extensions>
      </trkpt>
      <trkpt lat="36.1588340811431407928466796875" lon="-115.34483294002711772918701171875">
        <ele>956.20001220703125</ele>
        <time>2026-08-07T16:32:46.000Z</time>
        <extensions>
          <ns3:TrackPointExtension>
            <ns3:hr>127</ns3:hr>
          </ns3:TrackPointExtension>
        </extensions>
      </trkpt>
      <trkpt lat="36.15883382968604564666748046875" lon="-115.3447463549673557281494140625">
        <ele>956.20001220703125</ele>
        <time>2026-08-07T16:32:49.000Z</time>
        <extensions>
          <ns3:TrackPointExtension>
            <ns3:hr>124</ns3:hr>
          </ns3:TrackPointExtension>
        </extensions>
      </trkpt>
      <trkpt lat="36.15883366204798221588134765625" lon="-115.3447200357913970947265625">
        <ele>956</ele>
        <time>2026-08-07T16:32:50.000Z</time>
        <extensions>
          <ns3:TrackPointExtension>
            <ns3:hr>122</ns3:hr>
          </ns3:TrackPointExtension>
        </extensions>
      </trkpt>
      <trkpt lat="36.15883014164865016937255859375" lon="-115.3446410782635211944580078125">
        <ele>955.79998779296875</ele>
        <time>2026-08-07T16:32:56.000Z</time>
        <extensions>
          <ns3:TrackPointExtension>
            <ns3:hr>121</ns3:hr>
          </ns3:TrackPointExtension>
        </extensions>
      </trkpt>
      <trkpt lat="36.15882125683128833770751953125" lon="-115.34460277296602725982666015625">
        <ele>954.79998779296875</ele>
        <time>2026-08-07T16:33:10.000Z</time>
        <extensions>
          <ns3:TrackPointExtension>
            <ns3:hr>106</ns3:hr>
          </ns3:TrackPointExtension>
        </extensions>
      </trkpt>
      <trkpt lat="36.158819161355495452880859375" lon="-115.34457829780876636505126953125">
        <ele>954.79998779296875</ele>
        <time>2026-08-07T16:33:11.000Z</time>
        <extensions>
          <ns3:TrackPointExtension>
            <ns3:hr>106</ns3:hr>
          </ns3:TrackPointExtension>
        </extensions>
      </trkpt>
      <trkpt lat="36.15881958045065402984619140625" lon="-115.3445431776344776153564453125">
        <ele>954.5999755859375</ele>
        <time>2026-08-07T16:33:12.000Z</time>
        <extensions>
          <ns3:TrackPointExtension>
            <ns3:hr>105</ns3:hr>
          </ns3:TrackPointExtension>
        </extensions>
      </trkpt>
      <trkpt lat="36.15882326848804950714111328125" lon="-115.3442524932324886322021484375">
        <ele>954</ele>
        <time>2026-08-07T16:33:17.000Z</time>
        <extensions>
          <ns3:TrackPointExtension>
            <ns3:hr>105</ns3:hr>
          </ns3:TrackPointExtension>
        </extensions>
      </trkpt>
      <trkpt lat="36.15882175974547863006591796875" lon="-115.34411259926855564117431640625">
        <ele>953.79998779296875</ele>
        <time>2026-08-07T16:33:19.000Z</time>
        <extensions>
          <ns3:TrackPointExtension>
            <ns3:hr>108</ns3:hr>
          </ns3:TrackPointExtension>
        </extensions>
      </trkpt>
      <trkpt lat="36.1588243581354618072509765625" lon="-115.343884862959384918212890625">
        <ele>953.20001220703125</ele>
        <time>2026-08-07T16:33:22.000Z</time>
        <extensions>
          <ns3:TrackPointExtension>
            <ns3:hr>111</ns3:hr>
          </ns3:TrackPointExtension>
        </extensions>
      </trkpt>
      <trkpt lat="36.15882528014481067657470703125" lon="-115.3438022173941135406494140625">
        <ele>953</ele>
        <time>2026-08-07T16:33:23.000Z</time>
        <extensions>
          <ns3:TrackPointExtension>
            <ns3:hr>112</ns3:hr>
          </ns3:TrackPointExtension>
        </extensions>
      </trkpt>
      <trkpt lat="36.1588240228593349456787109375" lon="-115.34362611360847949981689453125">
        <ele>952.5999755859375</ele>
        <time>2026-08-07T16:33:25.000Z</time>
        <extensions>
          <ns3:TrackPointExtension>
            <ns3:hr>112</ns3:hr>
          </ns3:TrackPointExtension>
        </extensions>
      </trkpt>
      <trkpt lat="36.15881991572678089141845703125" lon="-115.343144237995147705078125">
        <ele>951.5999755859375</ele>
        <time>2026-08-07T16:33:30.000Z</time>
        <extensions>
          <ns3:TrackPointExtension>
            <ns3:hr>111</ns3:hr>
          </ns3:TrackPointExtension>
        </extensions>
      </trkpt>
      <trkpt lat="36.15882016718387603759765625" lon="-115.3426532261073589324951171875">
        <ele>951.20001220703125</ele>
        <time>2026-08-07T16:33:35.000Z</time>
        <extensions>
          <ns3:TrackPointExtension>
            <ns3:hr>114</ns3:hr>
          </ns3:TrackPointExtension>
        </extensions>
      </trkpt>
      <trkpt lat="36.1588213406503200531005859375" lon="-115.3424567542970180511474609375">
        <ele>951.4000244140625</ele>
        <time>2026-08-07T16:33:37.000Z</time>
        <extensions>
          <ns3:TrackPointExtension>
            <ns3:hr>117</ns3:hr>
          </ns3:TrackPointExtension>
        </extensions>
      </trkpt>
      <trkpt lat="36.158822514116764068603515625" lon="-115.34235659055411815643310546875">
        <ele>951.4000244140625</ele>
        <time>2026-08-07T16:33:38.000Z</time>
        <extensions>
          <ns3:TrackPointExtension>
            <ns3:hr>117</ns3:hr>
          </ns3:TrackPointExtension>
        </extensions>
      </trkpt>
      <trkpt lat="36.15882175974547863006591796875" lon="-115.3420554287731647491455078125">
        <ele>950.5999755859375</ele>
        <time>2026-08-07T16:33:41.000Z</time>
        <extensions>
          <ns3:TrackPointExtension>
            <ns3:hr>118</ns3:hr>
          </ns3:TrackPointExtension>
        </extensions>
      </trkpt>
      <trkpt lat="36.15882041864097118377685546875" lon="-115.34162342548370361328125">
        <ele>949.4000244140625</ele>
        <time>2026-08-07T16:33:45.000Z</time>
        <extensions>
          <ns3:TrackPointExtension>
            <ns3:hr>117</ns3:hr>
          </ns3:TrackPointExtension>
        </extensions>
      </trkpt>
      <trkpt lat="36.1588203348219394683837890625" lon="-115.34151135943830013275146484375">
        <ele>949.4000244140625</ele>
        <time>2026-08-07T16:33:46.000Z</time>
        <extensions>
          <ns3:TrackPointExtension>
            <ns3:hr>116</ns3:hr>
          </ns3:TrackPointExtension>
        </extensions>
      </trkpt>
      <trkpt lat="36.15882779471576213836669921875" lon="-115.3412856347858905792236328125">
        <ele>948.20001220703125</ele>
        <time>2026-08-07T16:33:48.000Z</time>
        <extensions>
          <ns3:TrackPointExtension>
            <ns3:hr>115</ns3:hr>
          </ns3:TrackPointExtension>
        </extensions>
      </trkpt>
      <trkpt lat="36.15882980637252330780029296875" lon="-115.3410603292286396026611328125">
        <ele>947</ele>
        <time>2026-08-07T16:33:50.000Z</time>
        <extensions>
          <ns3:TrackPointExtension>
            <ns3:hr>116</ns3:hr>
          </ns3:TrackPointExtension>
        </extensions>
      </trkpt>
      <trkpt lat="36.1588260345160961151123046875" lon="-115.340725891292095184326171875">
        <ele>946</ele>
        <time>2026-08-07T16:33:53.000Z</time>
        <extensions>
          <ns3:TrackPointExtension>
            <ns3:hr>119</ns3:hr>
          </ns3:TrackPointExtension>
        </extensions>
      </trkpt>
      <trkpt lat="36.15882561542093753814697265625" lon="-115.3406144119799137115478515625">
        <ele>945.79998779296875</ele>
        <time>2026-08-07T16:33:54.000Z</time>
        <extensions>
          <ns3:TrackPointExtension>
            <ns3:hr>120</ns3:hr>
          </ns3:TrackPointExtension>
        </extensions>
      </trkpt>
      <trkpt lat="36.1588260345160961151123046875" lon="-115.3402794711291790008544921875">
        <ele>945.5999755859375</ele>
        <time>2026-08-07T16:33:57.000Z</time>
        <extensions>
          <ns3:TrackPointExtension>
            <ns3:hr>115</ns3:hr>
          </ns3:TrackPointExtension>
        </extensions>
      </trkpt>
      <trkpt lat="36.1588256992399692535400390625" lon="-115.34006464295089244842529296875">
        <ele>945.4000244140625</ele>
        <time>2026-08-07T16:33:59.000Z</time>
        <extensions>
          <ns3:TrackPointExtension>
            <ns3:hr>112</ns3:hr>
          </ns3:TrackPointExtension>
        </extensions>
      </trkpt>
      <trkpt lat="36.15882326848804950714111328125" lon="-115.33975484780967235565185546875">
        <ele>945.20001220703125</ele>
        <time>2026-08-07T16:34:02.000Z</time>
        <extensions>
          <ns3:TrackPointExtension>
            <ns3:hr>110</ns3:hr>
          </ns3:TrackPointExtension>
        </extensions>
      </trkpt>
      <trkpt lat="36.15882008336484432220458984375" lon="-115.33955418504774570465087890625">
        <ele>944.79998779296875</ele>
        <time>2026-08-07T16:34:04.000Z</time>
        <extensions>
          <ns3:TrackPointExtension>
            <ns3:hr>109</ns3:hr>
          </ns3:TrackPointExtension>
        </extensions>
      </trkpt>
      <trkpt lat="36.1588208377361297607421875" lon="-115.3390627540647983551025390625">
        <ele>943.4000244140625</ele>
        <time>2026-08-07T16:34:09.000Z</time>
        <extensions>
          <ns3:TrackPointExtension>
            <ns3:hr>109</ns3:hr>
          </ns3:TrackPointExtension>
        </extensions>
      </trkpt>
      <trkpt lat="36.15882025100290775299072265625" lon="-115.33867844380438327789306640625">
        <ele>943.79998779296875</ele>
        <time>2026-08-07T16:34:14.000Z</time>
        <extensions>
          <ns3:TrackPointExtension>
            <ns3:hr>105</ns3:hr>
          </ns3:TrackPointExtension>
        </extensions>
      </trkpt>
      <trkpt lat="36.15879544056951999664306640625" lon="-115.33859194256365299224853515625">
        <ele>943.79998779296875</ele>
        <time>2026-08-07T16:34:16.000Z</time>
        <extensions>
          <ns3:TrackPointExtension>
            <ns3:hr>102</ns3:hr>
          </ns3:TrackPointExtension>
        </extensions>
      </trkpt>
      <trkpt lat="36.15877381525933742523193359375" lon="-115.3385715745389461517333984375">
        <ele>943.79998779296875</ele>
        <time>2026-08-07T16:34:17.000Z</time>
        <extensions>
          <ns3:TrackPointExtension>
            <ns3:hr>102</ns3:hr>
          </ns3:TrackPointExtension>
        </extensions>
      </trkpt>
      <trkpt lat="36.1587296426296234130859375" lon="-115.3385910205543041229248046875">
        <ele>943.79998779296875</ele>
        <time>2026-08-07T16:34:20.000Z</time>
        <extensions>
          <ns3:TrackPointExtension>
            <ns3:hr>101</ns3:hr>
          </ns3:TrackPointExtension>
        </extensions>
      </trkpt>
      <trkpt lat="36.15871262736618518829345703125" lon="-115.3385818004608154296875">
        <ele>943.5999755859375</ele>
        <time>2026-08-07T16:34:23.000Z</time>
        <extensions>
          <ns3:TrackPointExtension>
            <ns3:hr>101</ns3:hr>
          </ns3:TrackPointExtension>
        </extensions>
      </trkpt>
      <trkpt lat="36.15864154882729053497314453125" lon="-115.33856243826448917388916015625">
        <ele>942.4000244140625</ele>
        <time>2026-08-07T16:35:11.000Z</time>
        <extensions>
          <ns3:TrackPointExtension>
            <ns3:hr>129</ns3:hr>
          </ns3:TrackPointExtension>
        </extensions>
      </trkpt>
      <trkpt lat="36.15862243808805942535400390625" lon="-115.33856428228318691253662109375">
        <ele>942.4000244140625</ele>
        <time>2026-08-07T16:35:12.000Z</time>
        <extensions>
          <ns3:TrackPointExtension>
            <ns3:hr>129</ns3:hr>
          </ns3:TrackPointExtension>
        </extensions>
      </trkpt>
      <trkpt lat="36.15860684774816036224365234375" lon="-115.33856411464512348175048828125">
        <ele>942.4000244140625</ele>
        <time>2026-08-07T16:35:13.000Z</time>
        <extensions>
          <ns3:TrackPointExtension>
            <ns3:hr>129</ns3:hr>
          </ns3:TrackPointExtension>
        </extensions>
      </trkpt>
      <trkpt lat="36.1585633456707000732421875" lon="-115.338565371930599212646484375">
        <ele>942.4000244140625</ele>
        <time>2026-08-07T16:35:16.000Z</time>
        <extensions>
          <ns3:TrackPointExtension>
            <ns3:hr>128</ns3:hr>
          </ns3:TrackPointExtension>
        </extensions>
      </trkpt>
      <trkpt lat="36.15846737287938594818115234375" lon="-115.33855321817100048065185546875">
        <ele>942.20001220703125</ele>
        <time>2026-08-07T16:35:20.000Z</time>
        <extensions>
          <ns3:TrackPointExtension>
            <ns3:hr>129</ns3:hr>
          </ns3:TrackPointExtension>
        </extensions>
      </trkpt>
      <trkpt lat="36.15823921747505664825439453125" lon="-115.3385306708514690399169921875">
        <ele>942.20001220703125</ele>
        <time>2026-08-07T16:35:25.000Z</time>
        <extensions>
          <ns3:TrackPointExtension>
            <ns3:hr>129</ns3:hr>
          </ns3:TrackPointExtension>
        </extensions>
      </trkpt>
      <trkpt lat="36.15785599686205387115478515625" lon="-115.33849303610622882843017578125">
        <ele>942.4000244140625</ele>
        <time>2026-08-07T16:35:32.000Z</time>
        <extensions>
          <ns3:TrackPointExtension>
            <ns3:hr>129</ns3:hr>
          </ns3:TrackPointExtension>
        </extensions>
      </trkpt>
      <trkpt lat="36.1574678309261798858642578125" lon="-115.3384455107152462005615234375">
        <ele>942.20001220703125</ele>
        <time>2026-08-07T16:35:38.000Z</time>
        <extensions>
          <ns3:TrackPointExtension>
            <ns3:hr>126</ns3:hr>
          </ns3:TrackPointExtension>
        </extensions>
      </trkpt>
      <trkpt lat="36.157323829829692840576171875" lon="-115.3384203650057315826416015625">
        <ele>941.79998779296875</ele>
        <time>2026-08-07T16:35:40.000Z</time>
        <extensions>
          <ns3:TrackPointExtension>
            <ns3:hr>125</ns3:hr>
          </ns3:TrackPointExtension>
        </extensions>
      </trkpt>
      <trkpt lat="36.15717253647744655609130859375" lon="-115.33839396201074123382568359375">
        <ele>941.4000244140625</ele>
        <time>2026-08-07T16:35:42.000Z</time>
        <extensions>
          <ns3:TrackPointExtension>
            <ns3:hr>124</ns3:hr>
          </ns3:TrackPointExtension>
        </extensions>
      </trkpt>
      <trkpt lat="36.15674086846411228179931640625" lon="-115.33831332810223102569580078125">
        <ele>941.20001220703125</ele>
        <time>2026-08-07T16:35:48.000Z</time>
        <extensions>
          <ns3:TrackPointExtension>
            <ns3:hr>124</ns3:hr>
          </ns3:TrackPointExtension>
        </extensions>
      </trkpt>
      <trkpt lat="36.156203337013721466064453125" lon="-115.33820696175098419189453125">
        <ele>941.5999755859375</ele>
        <time>2026-08-07T16:35:56.000Z</time>
        <extensions>
          <ns3:TrackPointExtension>
            <ns3:hr>124</ns3:hr>
          </ns3:TrackPointExtension>
        </extensions>
      </trkpt>
      <trkpt lat="36.15613988600671291351318359375" lon="-115.33819095231592655181884765625">
        <ele>941.5999755859375</ele>
        <time>2026-08-07T16:35:57.000Z</time>
        <extensions>
          <ns3:TrackPointExtension>
            <ns3:hr>124</ns3:hr>
          </ns3:TrackPointExtension>
        </extensions>
      </trkpt>
      <trkpt lat="36.15587753243744373321533203125" lon="-115.33810964785516262054443359375">
        <ele>941</ele>
        <time>2026-08-07T16:36:01.000Z</time>
        <extensions>
          <ns3:TrackPointExtension>
            <ns3:hr>127</ns3:hr>
          </ns3:TrackPointExtension>
        </extensions>
      </trkpt>
      <trkpt lat="36.1556732654571533203125" lon="-115.33808626234531402587890625">
        <ele>940.4000244140625</ele>
        <time>2026-08-07T16:36:04.000Z</time>
        <extensions>
          <ns3:TrackPointExtension>
            <ns3:hr>127</ns3:hr>
          </ns3:TrackPointExtension>
        </extensions>
      </trkpt>
      <trkpt lat="36.15560059435665607452392578125" lon="-115.33808290958404541015625">
        <ele>940.20001220703125</ele>
        <time>2026-08-07T16:36:05.000Z</time>
        <extensions>
          <ns3:TrackPointExtension>
            <ns3:hr>127</ns3:hr>
          </ns3:TrackPointExtension>
        </extensions>
      </trkpt>
      <trkpt lat="36.1553116701543331146240234375" lon="-115.33807151019573211669921875">
        <ele>939</ele>
        <time>2026-08-07T16:36:09.000Z</time>
        <extensions>
          <ns3:TrackPointExtension>
            <ns3:hr>127</ns3:hr>
          </ns3:TrackPointExtension>
        </extensions>
      </trkpt>
      <trkpt lat="36.1552333831787109375" lon="-115.33806589432060718536376953125">
        <ele>938.4000244140625</ele>
        <time>2026-08-07T16:36:10.000Z</time>
        <extensions>
          <ns3:TrackPointExtension>
            <ns3:hr>127</ns3:hr>
          </ns3:TrackPointExtension>
        </extensions>
      </trkpt>
      <trkpt lat="36.15507689304649829864501953125" lon="-115.33807360567152500152587890625">
        <ele>937.79998779296875</ele>
        <time>2026-08-07T16:36:12.000Z</time>
        <extensions>
          <ns3:TrackPointExtension>
            <ns3:hr>126</ns3:hr>
          </ns3:TrackPointExtension>
        </extensions>
      </trkpt>
      <trkpt lat="36.15499827079474925994873046875" lon="-115.3380757011473178863525390625">
        <ele>937.5999755859375</ele>
        <time>2026-08-07T16:36:13.000Z</time>
        <extensions>
          <ns3:TrackPointExtension>
            <ns3:hr>119</ns3:hr>
          </ns3:TrackPointExtension>
        </extensions>
      </trkpt>
      <trkpt lat="36.1549187265336513519287109375" lon="-115.33807259984314441680908203125">
        <ele>937.4000244140625</ele>
        <time>2026-08-07T16:36:14.000Z</time>
        <extensions>
          <ns3:TrackPointExtension>
            <ns3:hr>114</ns3:hr>
          </ns3:TrackPointExtension>
        </extensions>
      </trkpt>
      <trkpt lat="36.15476441569626331329345703125" lon="-115.3380529023706912994384765625">
        <ele>937.20001220703125</ele>
        <time>2026-08-07T16:36:16.000Z</time>
        <extensions>
          <ns3:TrackPointExtension>
            <ns3:hr>113</ns3:hr>
          </ns3:TrackPointExtension>
        </extensions>
      </trkpt>
      <trkpt lat="36.15454078651964664459228515625" lon="-115.33803471364080905914306640625">
        <ele>936.79998779296875</ele>
        <time>2026-08-07T16:36:19.000Z</time>
        <extensions>
          <ns3:TrackPointExtension>
            <ns3:hr>113</ns3:hr>
          </ns3:TrackPointExtension>
        </extensions>
      </trkpt>
      <trkpt lat="36.15433073602616786956787109375" lon="-115.33806773833930492401123046875">
        <ele>936.5999755859375</ele>
        <time>2026-08-07T16:36:22.000Z</time>
        <extensions>
          <ns3:TrackPointExtension>
            <ns3:hr>113</ns3:hr>
          </ns3:TrackPointExtension>
        </extensions>
      </trkpt>
      <trkpt lat="36.1542330868542194366455078125" lon="-115.33816463313996791839599609375">
        <ele>936.4000244140625</ele>
        <time>2026-08-07T16:36:24.000Z</time>
        <extensions>
          <ns3:TrackPointExtension>
            <ns3:hr>112</ns3:hr>
          </ns3:TrackPointExtension>
        </extensions>
      </trkpt>
      <trkpt lat="36.15420567803084850311279296875" lon="-115.338235795497894287109375">
        <ele>936.20001220703125</ele>
        <time>2026-08-07T16:36:25.000Z</time>
        <extensions>
          <ns3:TrackPointExtension>
            <ns3:hr>112</ns3:hr>
          </ns3:TrackPointExtension>
        </extensions>
      </trkpt>
      <trkpt lat="36.154186986386775970458984375" lon="-115.33831425011157989501953125">
        <ele>935.79998779296875</ele>
        <time>2026-08-07T16:36:26.000Z</time>
        <extensions>
          <ns3:TrackPointExtension>
            <ns3:hr>113</ns3:hr>
          </ns3:TrackPointExtension>
        </extensions>
      </trkpt>
      <trkpt lat="36.154166869819164276123046875" lon="-115.3383881784975528717041015625">
        <ele>935.4000244140625</ele>
        <time>2026-08-07T16:36:27.000Z</time>
        <extensions>
          <ns3:TrackPointExtension>
            <ns3:hr>114</ns3:hr>
          </ns3:TrackPointExtension>
        </extensions>
      </trkpt>
      <trkpt lat="36.15414314903318881988525390625" lon="-115.33845104277133941650390625">
        <ele>935.20001220703125</ele>
        <time>2026-08-07T16:36:28.000Z</time>
        <extensions>
          <ns3:TrackPointExtension>
            <ns3:hr>114</ns3:hr>
          </ns3:TrackPointExtension>
        </extensions>
      </trkpt>
      <trkpt lat="36.15412093698978424072265625" lon="-115.33850963227450847625732421875">
        <ele>935</ele>
        <time>2026-08-07T16:36:29.000Z</time>
        <extensions>
          <ns3:TrackPointExtension>
            <ns3:hr>115</ns3:hr>
          </ns3:TrackPointExtension>
        </extensions>
      </trkpt>
      <trkpt lat="36.15409084595739841461181640625" lon="-115.3385574929416179656982421875">
        <ele>934.79998779296875</ele>
        <time>2026-08-07T16:36:30.000Z</time>
        <extensions>
          <ns3:TrackPointExtension>
            <ns3:hr>115</ns3:hr>
          </ns3:TrackPointExtension>
        </extensions>
      </trkpt>
      <trkpt lat="36.1540225334465503692626953125" lon="-115.338613651692867279052734375">
        <ele>935</ele>
        <time>2026-08-07T16:36:32.000Z</time>
        <extensions>
          <ns3:TrackPointExtension>
            <ns3:hr>115</ns3:hr>
          </ns3:TrackPointExtension>
        </extensions>
      </trkpt>
      <trkpt lat="36.15398825146257877349853515625" lon="-115.3386121429502964019775390625">
        <ele>935</ele>
        <time>2026-08-07T16:36:33.000Z</time>
        <extensions>
          <ns3:TrackPointExtension>
            <ns3:hr>115</ns3:hr>
          </ns3:TrackPointExtension>
        </extensions>
      </trkpt>
      <trkpt lat="36.15392086096107959747314453125" lon="-115.338609628379344940185546875">
        <ele>934.79998779296875</ele>
        <time>2026-08-07T16:36:35.000Z</time>
        <extensions>
          <ns3:TrackPointExtension>
            <ns3:hr>115</ns3:hr>
          </ns3:TrackPointExtension>
        </extensions>
      </trkpt>
      <trkpt lat="36.15389588288962841033935546875" lon="-115.3386341035366058349609375">
        <ele>934.79998779296875</ele>
        <time>2026-08-07T16:36:36.000Z</time>
        <extensions>
          <ns3:TrackPointExtension>
            <ns3:hr>115</ns3:hr>
          </ns3:TrackPointExtension>
        </extensions>
      </trkpt>
      <trkpt lat="36.15385900251567363739013671875" lon="-115.33868531696498394012451171875">
        <ele>935.20001220703125</ele>
        <time>2026-08-07T16:36:38.000Z</time>
        <extensions>
          <ns3:TrackPointExtension>
            <ns3:hr>116</ns3:hr>
          </ns3:TrackPointExtension>
        </extensions>
      </trkpt>
      <trkpt lat="36.1538411490619182586669921875" lon="-115.33868171274662017822265625">
        <ele>935.20001220703125</ele>
        <time>2026-08-07T16:36:41.000Z</time>
        <extensions>
          <ns3:TrackPointExtension>
            <ns3:hr>116</ns3:hr>
          </ns3:TrackPointExtension>
        </extensions>
      </trkpt>
      <trkpt lat="36.15383796393871307373046875" lon="-115.338676683604717254638671875">
        <ele>935</ele>
        <time>2026-08-07T16:36:42.000Z</time>
        <extensions>
          <ns3:TrackPointExtension>
            <ns3:hr>116</ns3:hr>
          </ns3:TrackPointExtension>
        </extensions>
      </trkpt>
      <trkpt lat="36.15378440357744693756103515625" lon="-115.33866159617900848388671875">
        <ele>934.79998779296875</ele>
        <time>2026-08-07T16:36:46.000Z</time>
        <extensions>
          <ns3:TrackPointExtension>
            <ns3:hr>116</ns3:hr>
          </ns3:TrackPointExtension>
        </extensions>
      </trkpt>
      <trkpt lat="36.1537553183734416961669921875" lon="-115.3386242128908634185791015625">
        <ele>934.4000244140625</ele>
        <time>2026-08-07T16:36:47.000Z</time>
        <extensions>
          <ns3:TrackPointExtension>
            <ns3:hr>117</ns3:hr>
          </ns3:TrackPointExtension>
        </extensions>
      </trkpt>
      <trkpt lat="36.15373201668262481689453125" lon="-115.33857350237667560577392578125">
        <ele>934.20001220703125</ele>
        <time>2026-08-07T16:36:48.000Z</time>
        <extensions>
          <ns3:TrackPointExtension>
            <ns3:hr>116</ns3:hr>
          </ns3:TrackPointExtension>
        </extensions>
      </trkpt>
      <trkpt lat="36.1537031829357147216796875" lon="-115.3384337760508060455322265625">
        <ele>933</ele>
        <time>2026-08-07T16:36:50.000Z</time>
        <extensions>
          <ns3:TrackPointExtension>
            <ns3:hr>116</ns3:hr>
          </ns3:TrackPointExtension>
        </extensions>
      </trkpt>
      <trkpt lat="36.15367711521685123443603515625" lon="-115.33826102502644062042236328125">
        <ele>931.5999755859375</ele>
        <time>2026-08-07T16:36:52.000Z</time>
        <extensions>
          <ns3:TrackPointExtension>
            <ns3:hr>116</ns3:hr>
          </ns3:TrackPointExtension>
        </extensions>
      </trkpt>
      <trkpt lat="36.15365347824990749359130859375" lon="-115.33807394094765186309814453125">
        <ele>930.4000244140625</ele>
        <time>2026-08-07T16:36:54.000Z</time>
        <extensions>
          <ns3:TrackPointExtension>
            <ns3:hr>116</ns3:hr>
          </ns3:TrackPointExtension>
        </extensions>
      </trkpt>
      <trkpt lat="36.15364140830934047698974609375" lon="-115.3379821591079235076904296875">
        <ele>930.20001220703125</ele>
        <time>2026-08-07T16:36:55.000Z</time>
        <extensions>
          <ns3:TrackPointExtension>
            <ns3:hr>116</ns3:hr>
          </ns3:TrackPointExtension>
        </extensions>
      </trkpt>
      <trkpt lat="36.15360461175441741943359375" lon="-115.33779121935367584228515625">
        <ele>930.20001220703125</ele>
        <time>2026-08-07T16:36:58.000Z</time>
        <extensions>
          <ns3:TrackPointExtension>
            <ns3:hr>114</ns3:hr>
          </ns3:TrackPointExtension>
        </extensions>
      </trkpt>
      <trkpt lat="36.153577454388141632080078125" lon="-115.33777990378439426422119140625">
        <ele>930.4000244140625</ele>
        <time>2026-08-07T16:36:59.000Z</time>
        <extensions>
          <ns3:TrackPointExtension>
            <ns3:hr>114</ns3:hr>
          </ns3:TrackPointExtension>
        </extensions>
      </trkpt>
      <trkpt lat="36.1535316891968250274658203125" lon="-115.33779281191527843475341796875">
        <ele>930.4000244140625</ele>
        <time>2026-08-07T16:37:01.000Z</time>
        <extensions>
          <ns3:TrackPointExtension>
            <ns3:hr>113</ns3:hr>
          </ns3:TrackPointExtension>
        </extensions>
      </trkpt>
      <trkpt lat="36.15337662398815155029296875" lon="-115.33778174780309200286865234375">
        <ele>931</ele>
        <time>2026-08-07T16:37:06.000Z</time>
        <extensions>
          <ns3:TrackPointExtension>
            <ns3:hr>113</ns3:hr>
          </ns3:TrackPointExtension>
        </extensions>
      </trkpt>
      <trkpt lat="36.15318560041487216949462890625" lon="-115.33778040669858455657958984375">
        <ele>931.4000244140625</ele>
        <time>2026-08-07T16:37:10.000Z</time>
        <extensions>
          <ns3:TrackPointExtension>
            <ns3:hr>114</ns3:hr>
          </ns3:TrackPointExtension>
        </extensions>
      </trkpt>
      <trkpt lat="36.15312826819717884063720703125" lon="-115.33777588047087192535400390625">
        <ele>931.5999755859375</ele>
        <time>2026-08-07T16:37:11.000Z</time>
        <extensions>
          <ns3:TrackPointExtension>
            <ns3:hr>115</ns3:hr>
          </ns3:TrackPointExtension>
        </extensions>
      </trkpt>
      <trkpt lat="36.15284278057515621185302734375" lon="-115.337754674255847930908203125">
        <ele>931.4000244140625</ele>
        <time>2026-08-07T16:37:16.000Z</time>
        <extensions>
          <ns3:TrackPointExtension>
            <ns3:hr>118</ns3:hr>
          </ns3:TrackPointExtension>
        </extensions>
      </trkpt>
      <trkpt lat="36.15278628654778003692626953125" lon="-115.33774889074265956878662109375">
        <ele>931.4000244140625</ele>
        <time>2026-08-07T16:37:17.000Z</time>
        <extensions>
          <ns3:TrackPointExtension>
            <ns3:hr>122</ns3:hr>
          </ns3:TrackPointExtension>
        </extensions>
      </trkpt>
      <trkpt lat="36.152727864682674407958984375" lon="-115.3377431072294712066650390625">
        <ele>931.5999755859375</ele>
        <time>2026-08-07T16:37:18.000Z</time>
        <extensions>
          <ns3:TrackPointExtension>
            <ns3:hr>125</ns3:hr>
          </ns3:TrackPointExtension>
        </extensions>
      </trkpt>
      <trkpt lat="36.15267028100788593292236328125" lon="-115.33773749135434627532958984375">
        <ele>931.5999755859375</ele>
        <time>2026-08-07T16:37:19.000Z</time>
        <extensions>
          <ns3:TrackPointExtension>
            <ns3:hr>125</ns3:hr>
          </ns3:TrackPointExtension>
        </extensions>
      </trkpt>
      <trkpt lat="36.1524956859648227691650390625" lon="-115.33772609196603298187255859375">
        <ele>931.79998779296875</ele>
        <time>2026-08-07T16:37:22.000Z</time>
        <extensions>
          <ns3:TrackPointExtension>
            <ns3:hr>127</ns3:hr>
          </ns3:TrackPointExtension>
        </extensions>
      </trkpt>
      <trkpt lat="36.1522720567882061004638671875" lon="-115.33770941197872161865234375">
        <ele>932.79998779296875</ele>
        <time>2026-08-07T16:37:26.000Z</time>
        <extensions>
          <ns3:TrackPointExtension>
            <ns3:hr>130</ns3:hr>
          </ns3:TrackPointExtension>
        </extensions>
      </trkpt>
      <trkpt lat="36.1522187478840351104736328125" lon="-115.33769843168556690216064453125">
        <ele>933</ele>
        <time>2026-08-07T16:37:27.000Z</time>
        <extensions>
          <ns3:TrackPointExtension>
            <ns3:hr>131</ns3:hr>
          </ns3:TrackPointExtension>
        </extensions>
      </trkpt>
      <trkpt lat="36.15206058137118816375732421875" lon="-115.33768401481211185455322265625">
        <ele>933.5999755859375</ele>
        <time>2026-08-07T16:37:30.000Z</time>
        <extensions>
          <ns3:TrackPointExtension>
            <ns3:hr>134</ns3:hr>
          </ns3:TrackPointExtension>
        </extensions>
      </trkpt>
      <trkpt lat="36.1519463360309600830078125" lon="-115.3376797400414943695068359375">
        <ele>934</ele>
        <time>2026-08-07T16:37:32.000Z</time>
        <extensions>
          <ns3:TrackPointExtension>
            <ns3:hr>135</ns3:hr>
          </ns3:TrackPointExtension>
        </extensions>
      </trkpt>
      <trkpt lat="36.15174776874482631683349609375" lon="-115.3376792371273040771484375">
        <ele>934.5999755859375</ele>
        <time>2026-08-07T16:37:36.000Z</time>
        <extensions>
          <ns3:TrackPointExtension>
            <ns3:hr>135</ns3:hr>
          </ns3:TrackPointExtension>
        </extensions>
      </trkpt>
      <trkpt lat="36.151624806225299835205078125" lon="-115.33767295069992542266845703125">
        <ele>935</ele>
        <time>2026-08-07T16:37:39.000Z</time>
        <extensions>
          <ns3:TrackPointExtension>
            <ns3:hr>135</ns3:hr>
          </ns3:TrackPointExtension>
        </extensions>
      </trkpt>
      <trkpt lat="36.151545010507106781005859375" lon="-115.3376723639667034149169921875">
        <ele>935.4000244140625</ele>
        <time>2026-08-07T16:37:41.000Z</time>
        <extensions>
          <ns3:TrackPointExtension>
            <ns3:hr>140</ns3:hr>
          </ns3:TrackPointExtension>
        </extensions>
      </trkpt>
      <trkpt lat="36.15150310099124908447265625" lon="-115.3376710228621959686279296875">
        <ele>935.4000244140625</ele>
        <time>2026-08-07T16:37:42.000Z</time>
        <extensions>
          <ns3:TrackPointExtension>
            <ns3:hr>141</ns3:hr>
          </ns3:TrackPointExtension>
        </extensions>
      </trkpt>
      <trkpt lat="36.151242591440677642822265625" lon="-115.33765350468456745147705078125">
        <ele>936.20001220703125</ele>
        <time>2026-08-07T16:37:48.000Z</time>
        <extensions>
          <ns3:TrackPointExtension>
            <ns3:hr>143</ns3:hr>
          </ns3:TrackPointExtension>
        </extensions>
      </trkpt>
      <trkpt lat="36.1511113308370113372802734375" lon="-115.33764193765819072723388671875">
        <ele>936.5999755859375</ele>
        <time>2026-08-07T16:37:51.000Z</time>
        <extensions>
          <ns3:TrackPointExtension>
            <ns3:hr>143</ns3:hr>
          </ns3:TrackPointExtension>
        </extensions>
      </trkpt>
      <trkpt lat="36.1506650783121585845947265625" lon="-115.33761327154934406280517578125">
        <ele>936.79998779296875</ele>
        <time>2026-08-07T16:38:00.000Z</time>
        <extensions>
          <ns3:TrackPointExtension>
            <ns3:hr>144</ns3:hr>
          </ns3:TrackPointExtension>
        </extensions>
      </trkpt>
      <trkpt lat="36.1501792632043361663818359375" lon="-115.337609164416790008544921875">
        <ele>936.5999755859375</ele>
        <time>2026-08-07T16:38:09.000Z</time>
        <extensions>
          <ns3:TrackPointExtension>
            <ns3:hr>144</ns3:hr>
          </ns3:TrackPointExtension>
        </extensions>
      </trkpt>
      <trkpt lat="36.149739883840084075927734375" lon="-115.33761628903448581695556640625">
        <ele>936.4000244140625</ele>
        <time>2026-08-07T16:38:17.000Z</time>
        <extensions>
          <ns3:TrackPointExtension>
            <ns3:hr>144</ns3:hr>
          </ns3:TrackPointExtension>
        </extensions>
      </trkpt>
      <trkpt lat="36.14931173622608184814453125" lon="-115.3375929035246372222900390625">
        <ele>935</ele>
        <time>2026-08-07T16:38:24.000Z</time>
        <extensions>
          <ns3:TrackPointExtension>
            <ns3:hr>141</ns3:hr>
          </ns3:TrackPointExtension>
        </extensions>
      </trkpt>
      <trkpt lat="36.14903404377400875091552734375" lon="-115.33758309669792652130126953125">
        <ele>934</ele>
        <time>2026-08-07T16:38:28.000Z</time>
        <extensions>
          <ns3:TrackPointExtension>
            <ns3:hr>141</ns3:hr>
          </ns3:TrackPointExtension>
        </extensions>
      </trkpt>
      <trkpt lat="36.14888727664947509765625" lon="-115.33759818412363529205322265625">
        <ele>933.20001220703125</ele>
        <time>2026-08-07T16:38:30.000Z</time>
        <extensions>
          <ns3:TrackPointExtension>
            <ns3:hr>141</ns3:hr>
          </ns3:TrackPointExtension>
        </extensions>
      </trkpt>
      <trkpt lat="36.1487355642020702362060546875" lon="-115.337617211043834686279296875">
        <ele>932.79998779296875</ele>
        <time>2026-08-07T16:38:32.000Z</time>
        <extensions>
          <ns3:TrackPointExtension>
            <ns3:hr>140</ns3:hr>
          </ns3:TrackPointExtension>
        </extensions>
      </trkpt>
      <trkpt lat="36.14849173463881015777587890625" lon="-115.33764914609491825103759765625">
        <ele>931.5999755859375</ele>
        <time>2026-08-07T16:38:35.000Z</time>
        <extensions>
          <ns3:TrackPointExtension>
            <ns3:hr>140</ns3:hr>
          </ns3:TrackPointExtension>
        </extensions>
      </trkpt>
      <trkpt lat="36.14823885262012481689453125" lon="-115.3376851044595241546630859375">
        <ele>930.20001220703125</ele>
        <time>2026-08-07T16:38:38.000Z</time>
        <extensions>
          <ns3:TrackPointExtension>
            <ns3:hr>141</ns3:hr>
          </ns3:TrackPointExtension>
        </extensions>
      </trkpt>
      <trkpt lat="36.14789284765720367431640625" lon="-115.33773246221244335174560546875">
        <ele>929</ele>
        <time>2026-08-07T16:38:42.000Z</time>
        <extensions>
          <ns3:TrackPointExtension>
            <ns3:hr>141</ns3:hr>
          </ns3:TrackPointExtension>
        </extensions>
      </trkpt>
      <trkpt lat="36.147714816033840179443359375" lon="-115.33776171505451202392578125">
        <ele>928</ele>
        <time>2026-08-07T16:38:44.000Z</time>
        <extensions>
          <ns3:TrackPointExtension>
            <ns3:hr>135</ns3:hr>
          </ns3:TrackPointExtension>
        </extensions>
      </trkpt>
      <trkpt lat="36.14762328565120697021484375" lon="-115.33777487464249134063720703125">
        <ele>927.4000244140625</ele>
        <time>2026-08-07T16:38:45.000Z</time>
        <extensions>
          <ns3:TrackPointExtension>
            <ns3:hr>129</ns3:hr>
          </ns3:TrackPointExtension>
        </extensions>
      </trkpt>
      <trkpt lat="36.147529073059558868408203125" lon="-115.337786190211772918701171875">
        <ele>926.79998779296875</ele>
        <time>2026-08-07T16:38:46.000Z</time>
        <extensions>
          <ns3:TrackPointExtension>
            <ns3:hr>119</ns3:hr>
          </ns3:TrackPointExtension>
        </extensions>
      </trkpt>
      <trkpt lat="36.14743477664887905120849609375" lon="-115.33780706115067005157470703125">
        <ele>926.20001220703125</ele>
        <time>2026-08-07T16:38:47.000Z</time>
        <extensions>
          <ns3:TrackPointExtension>
            <ns3:hr>115</ns3:hr>
          </ns3:TrackPointExtension>
        </extensions>
      </trkpt>
      <trkpt lat="36.1472409032285213470458984375" lon="-115.3378616273403167724609375">
        <ele>925.20001220703125</ele>
        <time>2026-08-07T16:38:49.000Z</time>
        <extensions>
          <ns3:TrackPointExtension>
            <ns3:hr>113</ns3:hr>
          </ns3:TrackPointExtension>
        </extensions>
      </trkpt>
      <trkpt lat="36.14704485051333904266357421875" lon="-115.33790429122745990753173828125">
        <ele>924.4000244140625</ele>
        <time>2026-08-07T16:38:51.000Z</time>
        <extensions>
          <ns3:TrackPointExtension>
            <ns3:hr>112</ns3:hr>
          </ns3:TrackPointExtension>
        </extensions>
      </trkpt>
      <trkpt lat="36.14694762043654918670654296875" lon="-115.33791988156735897064208984375">
        <ele>924</ele>
        <time>2026-08-07T16:38:52.000Z</time>
        <extensions>
          <ns3:TrackPointExtension>
            <ns3:hr>112</ns3:hr>
          </ns3:TrackPointExtension>
        </extensions>
      </trkpt>
      <trkpt lat="36.1463903076946735382080078125" lon="-115.33799716271460056304931640625">
        <ele>923.5999755859375</ele>
        <time>2026-08-07T16:38:58.000Z</time>
        <extensions>
          <ns3:TrackPointExtension>
            <ns3:hr>111</ns3:hr>
          </ns3:TrackPointExtension>
        </extensions>
      </trkpt>
      <trkpt lat="36.14630229771137237548828125" lon="-115.33802348189055919647216796875">
        <ele>923.5999755859375</ele>
        <time>2026-08-07T16:38:59.000Z</time>
        <extensions>
          <ns3:TrackPointExtension>
            <ns3:hr>110</ns3:hr>
          </ns3:TrackPointExtension>
        </extensions>
      </trkpt>
      <trkpt lat="36.14577256143093109130859375" lon="-115.33813160844147205352783203125">
        <ele>924.20001220703125</ele>
        <time>2026-08-07T16:39:05.000Z</time>
        <extensions>
          <ns3:TrackPointExtension>
            <ns3:hr>110</ns3:hr>
          </ns3:TrackPointExtension>
        </extensions>
      </trkpt>
      <trkpt lat="36.14538774825632572174072265625" lon="-115.33819279633462429046630859375">
        <ele>925</ele>
        <time>2026-08-07T16:39:10.000Z</time>
        <extensions>
          <ns3:TrackPointExtension>
            <ns3:hr>110</ns3:hr>
          </ns3:TrackPointExtension>
        </extensions>
      </trkpt>
      <trkpt lat="36.1453174240887165069580078125" lon="-115.338201262056827545166015625">
        <ele>925.20001220703125</ele>
        <time>2026-08-07T16:39:11.000Z</time>
        <extensions>
          <ns3:TrackPointExtension>
            <ns3:hr>109</ns3:hr>
          </ns3:TrackPointExtension>
        </extensions>
      </trkpt>
      <trkpt lat="36.1451155878603458404541015625" lon="-115.3382215462625026702880859375">
        <ele>926.20001220703125</ele>
        <time>2026-08-07T16:39:15.000Z</time>
        <extensions>
          <ns3:TrackPointExtension>
            <ns3:hr>111</ns3:hr>
          </ns3:TrackPointExtension>
        </extensions>
      </trkpt>
      <trkpt lat="36.14508415572345256805419921875" lon="-115.3382210433483123779296875">
        <ele>926.4000244140625</ele>
        <time>2026-08-07T16:39:16.000Z</time>
        <extensions>
          <ns3:TrackPointExtension>
            <ns3:hr>114</ns3:hr>
          </ns3:TrackPointExtension>
        </extensions>
      </trkpt>
      <trkpt lat="36.1450237222015857696533203125" lon="-115.33822263590991497039794921875">
        <ele>926.5999755859375</ele>
        <time>2026-08-07T16:39:19.000Z</time>
        <extensions>
          <ns3:TrackPointExtension>
            <ns3:hr>115</ns3:hr>
          </ns3:TrackPointExtension>
        </extensions>
      </trkpt>
      <trkpt lat="36.145010478794574737548828125" lon="-115.338214002549648284912109375">
        <ele>926.5999755859375</ele>
        <time>2026-08-07T16:39:22.000Z</time>
        <extensions>
          <ns3:TrackPointExtension>
            <ns3:hr>115</ns3:hr>
          </ns3:TrackPointExtension>
        </extensions>
      </trkpt>
      <trkpt lat="36.14499337971210479736328125" lon="-115.33821961842477321624755859375">
        <ele>926</ele>
        <time>2026-08-07T16:39:27.000Z</time>
        <extensions>
          <ns3:TrackPointExtension>
            <ns3:hr>110</ns3:hr>
          </ns3:TrackPointExtension>
        </extensions>
      </trkpt>
      <trkpt lat="36.1449764482676982879638671875" lon="-115.3382202051579952239990234375">
        <ele>926</ele>
        <time>2026-08-07T16:39:28.000Z</time>
        <extensions>
          <ns3:TrackPointExtension>
            <ns3:hr>110</ns3:hr>
          </ns3:TrackPointExtension>
        </extensions>
      </trkpt>
      <trkpt lat="36.14490092732012271881103515625" lon="-115.33821626566350460052490234375">
        <ele>925.79998779296875</ele>
        <time>2026-08-07T16:39:31.000Z</time>
        <extensions>
          <ns3:TrackPointExtension>
            <ns3:hr>113</ns3:hr>
          </ns3:TrackPointExtension>
        </extensions>
      </trkpt>
      <trkpt lat="36.1448705010116100311279296875" lon="-115.3382232226431369781494140625">
        <ele>925.79998779296875</ele>
        <time>2026-08-07T16:39:32.000Z</time>
        <extensions>
          <ns3:TrackPointExtension>
            <ns3:hr>113</ns3:hr>
          </ns3:TrackPointExtension>
        </extensions>
      </trkpt>
      <trkpt lat="36.1447270028293132781982421875" lon="-115.338246189057826995849609375">
        <ele>925.79998779296875</ele>
        <time>2026-08-07T16:39:36.000Z</time>
        <extensions>
          <ns3:TrackPointExtension>
            <ns3:hr>116</ns3:hr>
          </ns3:TrackPointExtension>
        </extensions>
      </trkpt>
      <trkpt lat="36.14464058540761470794677734375" lon="-115.3382666409015655517578125">
        <ele>925.79998779296875</ele>
        <time>2026-08-07T16:39:38.000Z</time>
        <extensions>
          <ns3:TrackPointExtension>
            <ns3:hr>116</ns3:hr>
          </ns3:TrackPointExtension>
        </extensions>
      </trkpt>
      <trkpt lat="36.144517958164215087890625" lon="-115.338309220969676971435546875">
        <ele>925.79998779296875</ele>
        <time>2026-08-07T16:39:41.000Z</time>
        <extensions>
          <ns3:TrackPointExtension>
            <ns3:hr>115</ns3:hr>
          </ns3:TrackPointExtension>
        </extensions>
      </trkpt>
      <trkpt lat="36.14443958736956119537353515625" lon="-115.33834987320005893707275390625">
        <ele>925.79998779296875</ele>
        <time>2026-08-07T16:39:43.000Z</time>
        <extensions>
          <ns3:TrackPointExtension>
            <ns3:hr>115</ns3:hr>
          </ns3:TrackPointExtension>
        </extensions>
      </trkpt>
      <trkpt lat="36.1443521641194820404052734375" lon="-115.33835054375231266021728515625">
        <ele>926</ele>
        <time>2026-08-07T16:39:45.000Z</time>
        <extensions>
          <ns3:TrackPointExtension>
            <ns3:hr>115</ns3:hr>
          </ns3:TrackPointExtension>
        </extensions>
      </trkpt>
      <trkpt lat="36.1442264355719089508056640625" lon="-115.3383429162204265594482421875">
        <ele>926.20001220703125</ele>
        <time>2026-08-07T16:39:48.000Z</time>
        <extensions>
          <ns3:TrackPointExtension>
            <ns3:hr>115</ns3:hr>
          </ns3:TrackPointExtension>
        </extensions>
      </trkpt>
      <trkpt lat="36.143877245485782623291015625" lon="-115.33833176828920841217041015625">
        <ele>926.20001220703125</ele>
        <time>2026-08-07T16:39:55.000Z</time>
        <extensions>
          <ns3:TrackPointExtension>
            <ns3:hr>116</ns3:hr>
          </ns3:TrackPointExtension>
        </extensions>
      </trkpt>
      <trkpt lat="36.1434727348387241363525390625" lon="-115.33824292011559009552001953125">
        <ele>925.4000244140625</ele>
        <time>2026-08-07T16:40:02.000Z</time>
        <extensions>
          <ns3:TrackPointExtension>
            <ns3:hr>117</ns3:hr>
          </ns3:TrackPointExtension>
        </extensions>
      </trkpt>
      <trkpt lat="36.143342815339565277099609375" lon="-115.3382024355232715606689453125">
        <ele>925</ele>
        <time>2026-08-07T16:40:04.000Z</time>
        <extensions>
          <ns3:TrackPointExtension>
            <ns3:hr>118</ns3:hr>
          </ns3:TrackPointExtension>
        </extensions>
      </trkpt>
      <trkpt lat="36.143151707947254180908203125" lon="-115.33811802975833415985107421875">
        <ele>924.5999755859375</ele>
        <time>2026-08-07T16:40:07.000Z</time>
        <extensions>
          <ns3:TrackPointExtension>
            <ns3:hr>121</ns3:hr>
          </ns3:TrackPointExtension>
        </extensions>
      </trkpt>
      <trkpt lat="36.143022961914539337158203125" lon="-115.33805717714130878448486328125">
        <ele>924.20001220703125</ele>
        <time>2026-08-07T16:40:09.000Z</time>
        <extensions>
          <ns3:TrackPointExtension>
            <ns3:hr>123</ns3:hr>
          </ns3:TrackPointExtension>
        </extensions>
      </trkpt>
      <trkpt lat="36.1428900249302387237548828125" lon="-115.337998755276203155517578125">
        <ele>924</ele>
        <time>2026-08-07T16:40:11.000Z</time>
        <extensions>
          <ns3:TrackPointExtension>
            <ns3:hr>124</ns3:hr>
          </ns3:TrackPointExtension>
        </extensions>
      </trkpt>
      <trkpt lat="36.1424084007740020751953125" lon="-115.33777168951928615570068359375">
        <ele>923.4000244140625</ele>
        <time>2026-08-07T16:40:18.000Z</time>
        <extensions>
          <ns3:TrackPointExtension>
            <ns3:hr>126</ns3:hr>
          </ns3:TrackPointExtension>
        </extensions>
      </trkpt>
      <trkpt lat="36.1422623880207538604736328125" lon="-115.3377058915793895721435546875">
        <ele>923</ele>
        <time>2026-08-07T16:40:20.000Z</time>
        <extensions>
          <ns3:TrackPointExtension>
            <ns3:hr>127</ns3:hr>
          </ns3:TrackPointExtension>
        </extensions>
      </trkpt>
      <trkpt lat="36.14188277162611484527587890625" lon="-115.33757454715669155120849609375">
        <ele>922</ele>
        <time>2026-08-07T16:40:25.000Z</time>
        <extensions>
          <ns3:TrackPointExtension>
            <ns3:hr>130</ns3:hr>
          </ns3:TrackPointExtension>
        </extensions>
      </trkpt>
      <trkpt lat="36.14180431701242923736572265625" lon="-115.3375558555126190185546875">
        <ele>922</ele>
        <time>2026-08-07T16:40:26.000Z</time>
        <extensions>
          <ns3:TrackPointExtension>
            <ns3:hr>129</ns3:hr>
          </ns3:TrackPointExtension>
        </extensions>
      </trkpt>
      <trkpt lat="36.14172519184648990631103515625" lon="-115.337541103363037109375">
        <ele>921.5999755859375</ele>
        <time>2026-08-07T16:40:27.000Z</time>
        <extensions>
          <ns3:TrackPointExtension>
            <ns3:hr>129</ns3:hr>
          </ns3:TrackPointExtension>
        </extensions>
      </trkpt>
      <trkpt lat="36.14156576804816722869873046875" lon="-115.33751570619642734527587890625">
        <ele>921.4000244140625</ele>
        <time>2026-08-07T16:40:29.000Z</time>
        <extensions>
          <ns3:TrackPointExtension>
            <ns3:hr>125</ns3:hr>
          </ns3:TrackPointExtension>
        </extensions>
      </trkpt>
      <trkpt lat="36.141483373939990997314453125" lon="-115.33750346861779689788818359375">
        <ele>921.20001220703125</ele>
        <time>2026-08-07T16:40:30.000Z</time>
        <extensions>
          <ns3:TrackPointExtension>
            <ns3:hr>121</ns3:hr>
          </ns3:TrackPointExtension>
        </extensions>
      </trkpt>
      <trkpt lat="36.14123962819576263427734375" lon="-115.337444879114627838134765625">
        <ele>920.5999755859375</ele>
        <time>2026-08-07T16:40:33.000Z</time>
        <extensions>
          <ns3:TrackPointExtension>
            <ns3:hr>120</ns3:hr>
          </ns3:TrackPointExtension>
        </extensions>
      </trkpt>
      <trkpt lat="36.140924133360385894775390625" lon="-115.33732191659510135650634765625">
        <ele>920</ele>
        <time>2026-08-07T16:40:37.000Z</time>
        <extensions>
          <ns3:TrackPointExtension>
            <ns3:hr>123</ns3:hr>
          </ns3:TrackPointExtension>
        </extensions>
      </trkpt>
      <trkpt lat="36.14075951278209686279296875" lon="-115.33725754357874393463134765625">
        <ele>919.5999755859375</ele>
        <time>2026-08-07T16:40:39.000Z</time>
        <extensions>
          <ns3:TrackPointExtension>
            <ns3:hr>124</ns3:hr>
          </ns3:TrackPointExtension>
        </extensions>
      </trkpt>
      <trkpt lat="36.1406745202839374542236328125" lon="-115.33723256550729274749755859375">
        <ele>919.20001220703125</ele>
        <time>2026-08-07T16:40:40.000Z</time>
        <extensions>
          <ns3:TrackPointExtension>
            <ns3:hr>124</ns3:hr>
          </ns3:TrackPointExtension>
        </extensions>
      </trkpt>
      <trkpt lat="36.14050067961215972900390625" lon="-115.33719317056238651275634765625">
        <ele>918.4000244140625</ele>
        <time>2026-08-07T16:40:42.000Z</time>
        <extensions>
          <ns3:TrackPointExtension>
            <ns3:hr>124</ns3:hr>
          </ns3:TrackPointExtension>
        </extensions>
      </trkpt>
      <trkpt lat="36.1402275972068309783935546875" lon="-115.33716718666255474090576171875">
        <ele>917.5999755859375</ele>
        <time>2026-08-07T16:40:45.000Z</time>
        <extensions>
          <ns3:TrackPointExtension>
            <ns3:hr>120</ns3:hr>
          </ns3:TrackPointExtension>
        </extensions>
      </trkpt>
      <trkpt lat="36.14013531245291233062744140625" lon="-115.33716551028192043304443359375">
        <ele>917.4000244140625</ele>
        <time>2026-08-07T16:40:46.000Z</time>
        <extensions>
          <ns3:TrackPointExtension>
            <ns3:hr>120</ns3:hr>
          </ns3:TrackPointExtension>
        </extensions>
      </trkpt>
      <trkpt lat="36.14004344679415225982666015625" lon="-115.337162576615810394287109375">
        <ele>917.20001220703125</ele>
        <time>2026-08-07T16:40:47.000Z</time>
        <extensions>
          <ns3:TrackPointExtension>
            <ns3:hr>119</ns3:hr>
          </ns3:TrackPointExtension>
        </extensions>
      </trkpt>
      <trkpt lat="36.1394983716309070587158203125" lon="-115.337139107286930084228515625">
        <ele>916.79998779296875</ele>
        <time>2026-08-07T16:40:53.000Z</time>
        <extensions>
          <ns3:TrackPointExtension>
            <ns3:hr>118</ns3:hr>
          </ns3:TrackPointExtension>
        </extensions>
      </trkpt>
      <trkpt lat="36.13941279239952564239501953125" lon="-115.3371339105069637298583984375">
        <ele>917</ele>
        <time>2026-08-07T16:40:54.000Z</time>
        <extensions>
          <ns3:TrackPointExtension>
            <ns3:hr>119</ns3:hr>
          </ns3:TrackPointExtension>
        </extensions>
      </trkpt>
      <trkpt lat="36.138839386403560638427734375" lon="-115.33710918389260768890380859375">
        <ele>917.20001220703125</ele>
        <time>2026-08-07T16:41:01.000Z</time>
        <extensions>
          <ns3:TrackPointExtension>
            <ns3:hr>120</ns3:hr>
          </ns3:TrackPointExtension>
        </extensions>
      </trkpt>
      <trkpt lat="36.138760261237621307373046875" lon="-115.3371050767600536346435546875">
        <ele>917.20001220703125</ele>
        <time>2026-08-07T16:41:02.000Z</time>
        <extensions>
          <ns3:TrackPointExtension>
            <ns3:hr>120</ns3:hr>
          </ns3:TrackPointExtension>
        </extensions>
      </trkpt>
      <trkpt lat="36.1382072232663631439208984375" lon="-115.33708454109728336334228515625">
        <ele>916.4000244140625</ele>
        <time>2026-08-07T16:41:09.000Z</time>
        <extensions>
          <ns3:TrackPointExtension>
            <ns3:hr>121</ns3:hr>
          </ns3:TrackPointExtension>
        </extensions>
      </trkpt>
      <trkpt lat="36.13812424242496490478515625" lon="-115.33708085305988788604736328125">
        <ele>916</ele>
        <time>2026-08-07T16:41:10.000Z</time>
        <extensions>
          <ns3:TrackPointExtension>
            <ns3:hr>121</ns3:hr>
          </ns3:TrackPointExtension>
        </extensions>
      </trkpt>
      <trkpt lat="36.13795434124767780303955078125" lon="-115.3370784223079681396484375">
        <ele>915.4000244140625</ele>
        <time>2026-08-07T16:41:12.000Z</time>
        <extensions>
          <ns3:TrackPointExtension>
            <ns3:hr>118</ns3:hr>
          </ns3:TrackPointExtension>
        </extensions>
      </trkpt>
      <trkpt lat="36.13752543926239013671875" lon="-115.3370601497590541839599609375">
        <ele>915</ele>
        <time>2026-08-07T16:41:17.000Z</time>
        <extensions>
          <ns3:TrackPointExtension>
            <ns3:hr>117</ns3:hr>
          </ns3:TrackPointExtension>
        </extensions>
      </trkpt>
      <trkpt lat="36.1374387703835964202880859375" lon="-115.3370569646358489990234375">
        <ele>915</ele>
        <time>2026-08-07T16:41:18.000Z</time>
        <extensions>
          <ns3:TrackPointExtension>
            <ns3:hr>118</ns3:hr>
          </ns3:TrackPointExtension>
        </extensions>
      </trkpt>
      <trkpt lat="36.13709134049713611602783203125" lon="-115.33704154193401336669921875">
        <ele>914.5999755859375</ele>
        <time>2026-08-07T16:41:22.000Z</time>
        <extensions>
          <ns3:TrackPointExtension>
            <ns3:hr>118</ns3:hr>
          </ns3:TrackPointExtension>
        </extensions>
      </trkpt>
      <trkpt lat="36.1364896036684513092041015625" lon="-115.337026119232177734375">
        <ele>915</ele>
        <time>2026-08-07T16:41:29.000Z</time>
        <extensions>
          <ns3:TrackPointExtension>
            <ns3:hr>117</ns3:hr>
          </ns3:TrackPointExtension>
        </extensions>
      </trkpt>
      <trkpt lat="36.13640134222805500030517578125" lon="-115.3370219282805919647216796875">
        <ele>914.79998779296875</ele>
        <time>2026-08-07T16:41:30.000Z</time>
        <extensions>
          <ns3:TrackPointExtension>
            <ns3:hr>116</ns3:hr>
          </ns3:TrackPointExtension>
        </extensions>
      </trkpt>
      <trkpt lat="36.13604821264743804931640625" lon="-115.33700457774102687835693359375">
        <ele>913.79998779296875</ele>
        <time>2026-08-07T16:41:34.000Z</time>
        <extensions>
          <ns3:TrackPointExtension>
            <ns3:hr>117</ns3:hr>
          </ns3:TrackPointExtension>
        </extensions>
      </trkpt>
      <trkpt lat="36.13550640642642974853515625" lon="-115.33697775565087795257568359375">
        <ele>913</ele>
        <time>2026-08-07T16:41:40.000Z</time>
        <extensions>
          <ns3:TrackPointExtension>
            <ns3:hr>118</ns3:hr>
          </ns3:TrackPointExtension>
        </extensions>
      </trkpt>
      <trkpt lat="36.13541596569120883941650390625" lon="-115.33697289414703845977783203125">
        <ele>912.5999755859375</ele>
        <time>2026-08-07T16:41:41.000Z</time>
        <extensions>
          <ns3:TrackPointExtension>
            <ns3:hr>118</ns3:hr>
          </ns3:TrackPointExtension>
        </extensions>
      </trkpt>
      <trkpt lat="36.13505738787353038787841796875" lon="-115.3369592316448688507080078125">
        <ele>911.4000244140625</ele>
        <time>2026-08-07T16:41:45.000Z</time>
        <extensions>
          <ns3:TrackPointExtension>
            <ns3:hr>119</ns3:hr>
          </ns3:TrackPointExtension>
        </extensions>
      </trkpt>
      <trkpt lat="36.13488153554499149322509765625" lon="-115.3369528613984584808349609375">
        <ele>910</ele>
        <time>2026-08-07T16:41:47.000Z</time>
        <extensions>
          <ns3:TrackPointExtension>
            <ns3:hr>118</ns3:hr>
          </ns3:TrackPointExtension>
        </extensions>
      </trkpt>
      <trkpt lat="36.1347012408077716827392578125" lon="-115.336938612163066864013671875">
        <ele>909</ele>
        <time>2026-08-07T16:41:49.000Z</time>
        <extensions>
          <ns3:TrackPointExtension>
            <ns3:hr>119</ns3:hr>
          </ns3:TrackPointExtension>
        </extensions>
      </trkpt>
      <trkpt lat="36.1341741867363452911376953125" lon="-115.3368898294866085052490234375">
        <ele>907.4000244140625</ele>
        <time>2026-08-07T16:41:55.000Z</time>
        <extensions>
          <ns3:TrackPointExtension>
            <ns3:hr>118</ns3:hr>
          </ns3:TrackPointExtension>
        </extensions>
      </trkpt>
      <trkpt lat="36.1340826563537120819091796875" lon="-115.33687884919345378875732421875">
        <ele>907.20001220703125</ele>
        <time>2026-08-07T16:41:56.000Z</time>
        <extensions>
          <ns3:TrackPointExtension>
            <ns3:hr>118</ns3:hr>
          </ns3:TrackPointExtension>
        </extensions>
      </trkpt>
      <trkpt lat="36.13346482627093791961669921875" lon="-115.33678983338177204132080078125">
        <ele>906.5999755859375</ele>
        <time>2026-08-07T16:42:03.000Z</time>
        <extensions>
          <ns3:TrackPointExtension>
            <ns3:hr>118</ns3:hr>
          </ns3:TrackPointExtension>
        </extensions>
      </trkpt>
      <trkpt lat="36.13337396644055843353271484375" lon="-115.33677734434604644775390625">
        <ele>906.20001220703125</ele>
        <time>2026-08-07T16:42:04.000Z</time>
        <extensions>
          <ns3:TrackPointExtension>
            <ns3:hr>117</ns3:hr>
          </ns3:TrackPointExtension>
        </extensions>
      </trkpt>
      <trkpt lat="36.13318855874240398406982421875" lon="-115.3367458283901214599609375">
        <ele>905.20001220703125</ele>
        <time>2026-08-07T16:42:06.000Z</time>
        <extensions>
          <ns3:TrackPointExtension>
            <ns3:hr>117</ns3:hr>
          </ns3:TrackPointExtension>
        </extensions>
      </trkpt>
      <trkpt lat="36.1328196711838245391845703125" lon="-115.33666946925222873687744140625">
        <ele>904</ele>
        <time>2026-08-07T16:42:10.000Z</time>
        <extensions>
          <ns3:TrackPointExtension>
            <ns3:hr>114</ns3:hr>
          </ns3:TrackPointExtension>
        </extensions>
      </trkpt>
      <trkpt lat="36.132731996476650238037109375" lon="-115.33664935268461704254150390625">
        <ele>904</ele>
        <time>2026-08-07T16:42:11.000Z</time>
        <extensions>
          <ns3:TrackPointExtension>
            <ns3:hr>114</ns3:hr>
          </ns3:TrackPointExtension>
        </extensions>
      </trkpt>
      <trkpt lat="36.13227576948702335357666015625" lon="-115.3365418128669261932373046875">
        <ele>903</ele>
        <time>2026-08-07T16:42:16.000Z</time>
        <extensions>
          <ns3:TrackPointExtension>
            <ns3:hr>113</ns3:hr>
          </ns3:TrackPointExtension>
        </extensions>
      </trkpt>
      <trkpt lat="36.1320907808840274810791015625" lon="-115.336488671600818634033203125">
        <ele>902.5999755859375</ele>
        <time>2026-08-07T16:42:18.000Z</time>
        <extensions>
          <ns3:TrackPointExtension>
            <ns3:hr>113</ns3:hr>
          </ns3:TrackPointExtension>
        </extensions>
      </trkpt>
      <trkpt lat="36.13190813921391963958740234375" lon="-115.3364382125437259674072265625">
        <ele>902</ele>
        <time>2026-08-07T16:42:20.000Z</time>
        <extensions>
          <ns3:TrackPointExtension>
            <ns3:hr>114</ns3:hr>
          </ns3:TrackPointExtension>
        </extensions>
      </trkpt>
      <trkpt lat="36.13172315061092376708984375" lon="-115.33638398163020610809326171875">
        <ele>901.20001220703125</ele>
        <time>2026-08-07T16:42:22.000Z</time>
        <extensions>
          <ns3:TrackPointExtension>
            <ns3:hr>117</ns3:hr>
          </ns3:TrackPointExtension>
        </extensions>
      </trkpt>
      <trkpt lat="36.13163136877119541168212890625" lon="-115.33635699190199375152587890625">
        <ele>901</ele>
        <time>2026-08-07T16:42:23.000Z</time>
        <extensions>
          <ns3:TrackPointExtension>
            <ns3:hr>118</ns3:hr>
          </ns3:TrackPointExtension>
        </extensions>
      </trkpt>
      <trkpt lat="36.1314462125301361083984375" lon="-115.33630334772169589996337890625">
        <ele>900.4000244140625</ele>
        <time>2026-08-07T16:42:25.000Z</time>
        <extensions>
          <ns3:TrackPointExtension>
            <ns3:hr>121</ns3:hr>
          </ns3:TrackPointExtension>
        </extensions>
      </trkpt>
      <trkpt lat="36.1312576197087764739990234375" lon="-115.33624199219048023223876953125">
        <ele>900.20001220703125</ele>
        <time>2026-08-07T16:42:27.000Z</time>
        <extensions>
          <ns3:TrackPointExtension>
            <ns3:hr>124</ns3:hr>
          </ns3:TrackPointExtension>
        </extensions>
      </trkpt>
      <trkpt lat="36.13107263110578060150146484375" lon="-115.33617527224123477935791015625">
        <ele>899.5999755859375</ele>
        <time>2026-08-07T16:42:29.000Z</time>
        <extensions>
          <ns3:TrackPointExtension>
            <ns3:hr>125</ns3:hr>
          </ns3:TrackPointExtension>
        </extensions>
      </trkpt>
      <trkpt lat="36.13062604330480098724365234375" lon="-115.33600897528231143951416015625">
        <ele>898.5999755859375</ele>
        <time>2026-08-07T16:42:34.000Z</time>
        <extensions>
          <ns3:TrackPointExtension>
            <ns3:hr>127</ns3:hr>
          </ns3:TrackPointExtension>
        </extensions>
      </trkpt>
      <trkpt lat="36.1305377818644046783447265625" lon="-115.33597427420318126678466796875">
        <ele>898.4000244140625</ele>
        <time>2026-08-07T16:42:35.000Z</time>
        <extensions>
          <ns3:TrackPointExtension>
            <ns3:hr>128</ns3:hr>
          </ns3:TrackPointExtension>
        </extensions>
      </trkpt>
      <trkpt lat="36.1299590952694416046142578125" lon="-115.33575684763491153717041015625">
        <ele>897.79998779296875</ele>
        <time>2026-08-07T16:42:42.000Z</time>
        <extensions>
          <ns3:TrackPointExtension>
            <ns3:hr>127</ns3:hr>
          </ns3:TrackPointExtension>
        </extensions>
      </trkpt>
      <trkpt lat="36.1297562532126903533935546875" lon="-115.33575232140719890594482421875">
        <ele>897.5999755859375</ele>
        <time>2026-08-07T16:42:45.000Z</time>
        <extensions>
          <ns3:TrackPointExtension>
            <ns3:hr>126</ns3:hr>
          </ns3:TrackPointExtension>
        </extensions>
      </trkpt>
      <trkpt lat="36.129703782498836517333984375" lon="-115.33574360422790050506591796875">
        <ele>897.5999755859375</ele>
        <time>2026-08-07T16:42:46.000Z</time>
        <extensions>
          <ns3:TrackPointExtension>
            <ns3:hr>126</ns3:hr>
          </ns3:TrackPointExtension>
        </extensions>
      </trkpt>
      <trkpt lat="36.129615269601345062255859375" lon="-115.33573807217180728912353515625">
        <ele>898</ele>
        <time>2026-08-07T16:42:49.000Z</time>
        <extensions>
          <ns3:TrackPointExtension>
            <ns3:hr>124</ns3:hr>
          </ns3:TrackPointExtension>
        </extensions>
      </trkpt>
      <trkpt lat="36.129508651793003082275390625" lon="-115.3357297740876674652099609375">
        <ele>897.79998779296875</ele>
        <time>2026-08-07T16:42:54.000Z</time>
        <extensions>
          <ns3:TrackPointExtension>
            <ns3:hr>122</ns3:hr>
          </ns3:TrackPointExtension>
        </extensions>
      </trkpt>
      <trkpt lat="36.12934671342372894287109375" lon="-115.33565349876880645751953125">
        <ele>897.4000244140625</ele>
        <time>2026-08-07T16:42:59.000Z</time>
        <extensions>
          <ns3:TrackPointExtension>
            <ns3:hr>123</ns3:hr>
          </ns3:TrackPointExtension>
        </extensions>
      </trkpt>
      <trkpt lat="36.1292012035846710205078125" lon="-115.33549030311405658721923828125">
        <ele>896.20001220703125</ele>
        <time>2026-08-07T16:43:03.000Z</time>
        <extensions>
          <ns3:TrackPointExtension>
            <ns3:hr>124</ns3:hr>
          </ns3:TrackPointExtension>
        </extensions>
      </trkpt>
      <trkpt lat="36.12915820442140102386474609375" lon="-115.335447303950786590576171875">
        <ele>895.79998779296875</ele>
        <time>2026-08-07T16:43:04.000Z</time>
        <extensions>
          <ns3:TrackPointExtension>
            <ns3:hr>124</ns3:hr>
          </ns3:TrackPointExtension>
        </extensions>
      </trkpt>
      <trkpt lat="36.12911025993525981903076171875" lon="-115.335413776338100433349609375">
        <ele>895.5999755859375</ele>
        <time>2026-08-07T16:43:05.000Z</time>
        <extensions>
          <ns3:TrackPointExtension>
            <ns3:hr>122</ns3:hr>
          </ns3:TrackPointExtension>
        </extensions>
      </trkpt>
      <trkpt lat="36.12900095991790294647216796875" lon="-115.33537010662257671356201171875">
        <ele>895.20001220703125</ele>
        <time>2026-08-07T16:43:07.000Z</time>
        <extensions>
          <ns3:TrackPointExtension>
            <ns3:hr>121</ns3:hr>
          </ns3:TrackPointExtension>
        </extensions>
      </trkpt>
      <trkpt lat="36.12894463352859020233154296875" lon="-115.33535652793943881988525390625">
        <ele>895.20001220703125</ele>
        <time>2026-08-07T16:43:08.000Z</time>
        <extensions>
          <ns3:TrackPointExtension>
            <ns3:hr>121</ns3:hr>
          </ns3:TrackPointExtension>
        </extensions>
      </trkpt>
      <trkpt lat="36.128830052912235260009765625" lon="-115.33530372194945812225341796875">
        <ele>894.79998779296875</ele>
        <time>2026-08-07T16:43:10.000Z</time>
        <extensions>
          <ns3:TrackPointExtension>
            <ns3:hr>119</ns3:hr>
          </ns3:TrackPointExtension>
        </extensions>
      </trkpt>
      <trkpt lat="36.12877666018903255462646484375" lon="-115.33525896258652210235595703125">
        <ele>894.5999755859375</ele>
        <time>2026-08-07T16:43:11.000Z</time>
        <extensions>
          <ns3:TrackPointExtension>
            <ns3:hr>116</ns3:hr>
          </ns3:TrackPointExtension>
        </extensions>
      </trkpt>
      <trkpt lat="36.1287264525890350341796875" lon="-115.33520867116749286651611328125">
        <ele>894.4000244140625</ele>
        <time>2026-08-07T16:43:12.000Z</time>
        <extensions>
          <ns3:TrackPointExtension>
            <ns3:hr>114</ns3:hr>
          </ns3:TrackPointExtension>
        </extensions>
      </trkpt>
      <trkpt lat="36.1286196671426296234130859375" lon="-115.33510029315948486328125">
        <ele>894</ele>
        <time>2026-08-07T16:43:14.000Z</time>
        <extensions>
          <ns3:TrackPointExtension>
            <ns3:hr>113</ns3:hr>
          </ns3:TrackPointExtension>
        </extensions>
      </trkpt>
      <trkpt lat="36.12837097607553005218505859375" lon="-115.3349110297858715057373046875">
        <ele>893.20001220703125</ele>
        <time>2026-08-07T16:43:18.000Z</time>
        <extensions>
          <ns3:TrackPointExtension>
            <ns3:hr>112</ns3:hr>
          </ns3:TrackPointExtension>
        </extensions>
      </trkpt>
      <trkpt lat="36.12829989753663539886474609375" lon="-115.33486836589872837066650390625">
        <ele>892.79998779296875</ele>
        <time>2026-08-07T16:43:19.000Z</time>
        <extensions>
          <ns3:TrackPointExtension>
            <ns3:hr>112</ns3:hr>
          </ns3:TrackPointExtension>
        </extensions>
      </trkpt>
      <trkpt lat="36.12800963222980499267578125" lon="-115.334687568247318267822265625">
        <ele>891.79998779296875</ele>
        <time>2026-08-07T16:43:23.000Z</time>
        <extensions>
          <ns3:TrackPointExtension>
            <ns3:hr>114</ns3:hr>
          </ns3:TrackPointExtension>
        </extensions>
      </trkpt>
      <trkpt lat="36.12778591923415660858154296875" lon="-115.3345455788075923919677734375">
        <ele>891</ele>
        <time>2026-08-07T16:43:26.000Z</time>
        <extensions>
          <ns3:TrackPointExtension>
            <ns3:hr>114</ns3:hr>
          </ns3:TrackPointExtension>
        </extensions>
      </trkpt>
      <trkpt lat="36.1276282556354999542236328125" lon="-115.33444516360759735107421875">
        <ele>890.4000244140625</ele>
        <time>2026-08-07T16:43:28.000Z</time>
        <extensions>
          <ns3:TrackPointExtension>
            <ns3:hr>114</ns3:hr>
          </ns3:TrackPointExtension>
        </extensions>
      </trkpt>
      <trkpt lat="36.12739465199410915374755859375" lon="-115.33427911810576915740966796875">
        <ele>889.4000244140625</ele>
        <time>2026-08-07T16:43:31.000Z</time>
        <extensions>
          <ns3:TrackPointExtension>
            <ns3:hr>115</ns3:hr>
          </ns3:TrackPointExtension>
        </extensions>
      </trkpt>
      <trkpt lat="36.1271622218191623687744140625" lon="-115.3341184370219707489013671875">
        <ele>888.4000244140625</ele>
        <time>2026-08-07T16:43:34.000Z</time>
        <extensions>
          <ns3:TrackPointExtension>
            <ns3:hr>115</ns3:hr>
          </ns3:TrackPointExtension>
        </extensions>
      </trkpt>
      <trkpt lat="36.12700916826725006103515625" lon="-115.33400620333850383758544921875">
        <ele>888.20001220703125</ele>
        <time>2026-08-07T16:43:36.000Z</time>
        <extensions>
          <ns3:TrackPointExtension>
            <ns3:hr>115</ns3:hr>
          </ns3:TrackPointExtension>
        </extensions>
      </trkpt>
      <trkpt lat="36.126699708402156829833984375" lon="-115.3337764553725719451904296875">
        <ele>886.5999755859375</ele>
        <time>2026-08-07T16:43:40.000Z</time>
        <extensions>
          <ns3:TrackPointExtension>
            <ns3:hr>116</ns3:hr>
          </ns3:TrackPointExtension>
        </extensions>
      </trkpt>
      <trkpt lat="36.12646878696978092193603515625" lon="-115.33359222114086151123046875">
        <ele>886</ele>
        <time>2026-08-07T16:43:43.000Z</time>
        <extensions>
          <ns3:TrackPointExtension>
            <ns3:hr>116</ns3:hr>
          </ns3:TrackPointExtension>
        </extensions>
      </trkpt>
      <trkpt lat="36.12631590105593204498291015625" lon="-115.3334683366119861602783203125">
        <ele>885.5999755859375</ele>
        <time>2026-08-07T16:43:45.000Z</time>
        <extensions>
          <ns3:TrackPointExtension>
            <ns3:hr>116</ns3:hr>
          </ns3:TrackPointExtension>
        </extensions>
      </trkpt>
      <trkpt lat="36.12586445175111293792724609375" lon="-115.3330831043422222137451171875">
        <ele>884.79998779296875</ele>
        <time>2026-08-07T16:43:51.000Z</time>
        <extensions>
          <ns3:TrackPointExtension>
            <ns3:hr>118</ns3:hr>
          </ns3:TrackPointExtension>
        </extensions>
      </trkpt>
      <trkpt lat="36.1257885955274105072021484375" lon="-115.333017893135547637939453125">
        <ele>884.5999755859375</ele>
        <time>2026-08-07T16:43:52.000Z</time>
        <extensions>
          <ns3:TrackPointExtension>
            <ns3:hr>118</ns3:hr>
          </ns3:TrackPointExtension>
        </extensions>
      </trkpt>
      <trkpt lat="36.125713326036930084228515625" lon="-115.33295377157628536224365234375">
        <ele>884.20001220703125</ele>
        <time>2026-08-07T16:43:53.000Z</time>
        <extensions>
          <ns3:TrackPointExtension>
            <ns3:hr>119</ns3:hr>
          </ns3:TrackPointExtension>
        </extensions>
      </trkpt>
      <trkpt lat="36.12534645013511180877685546875" lon="-115.3326113708317279815673828125">
        <ele>883.20001220703125</ele>
        <time>2026-08-07T16:43:58.000Z</time>
        <extensions>
          <ns3:TrackPointExtension>
            <ns3:hr>120</ns3:hr>
          </ns3:TrackPointExtension>
        </extensions>
      </trkpt>
      <trkpt lat="36.12512282095849514007568359375" lon="-115.33239905722439289093017578125">
        <ele>882</ele>
        <time>2026-08-07T16:44:01.000Z</time>
        <extensions>
          <ns3:TrackPointExtension>
            <ns3:hr>121</ns3:hr>
          </ns3:TrackPointExtension>
        </extensions>
      </trkpt>
      <trkpt lat="36.12497697584331035614013671875" lon="-115.33225304447114467620849609375">
        <ele>881.4000244140625</ele>
        <time>2026-08-07T16:44:03.000Z</time>
        <extensions>
          <ns3:TrackPointExtension>
            <ns3:hr>121</ns3:hr>
          </ns3:TrackPointExtension>
        </extensions>
      </trkpt>
      <trkpt lat="36.1248337291181087493896484375" lon="-115.3321047686040401458740234375">
        <ele>880.79998779296875</ele>
        <time>2026-08-07T16:44:05.000Z</time>
        <extensions>
          <ns3:TrackPointExtension>
            <ns3:hr>120</ns3:hr>
          </ns3:TrackPointExtension>
        </extensions>
      </trkpt>
      <trkpt lat="36.12440365366637706756591796875" lon="-115.33165072090923786163330078125">
        <ele>880</ele>
        <time>2026-08-07T16:44:11.000Z</time>
        <extensions>
          <ns3:TrackPointExtension>
            <ns3:hr>122</ns3:hr>
          </ns3:TrackPointExtension>
        </extensions>
      </trkpt>
      <trkpt lat="36.1243334971368312835693359375" lon="-115.33157310448586940765380859375">
        <ele>879.79998779296875</ele>
        <time>2026-08-07T16:44:12.000Z</time>
        <extensions>
          <ns3:TrackPointExtension>
            <ns3:hr>123</ns3:hr>
          </ns3:TrackPointExtension>
        </extensions>
      </trkpt>
      <trkpt lat="36.1240659467875957489013671875" lon="-115.33126330934464931488037109375">
        <ele>879</ele>
        <time>2026-08-07T16:44:16.000Z</time>
        <extensions>
          <ns3:TrackPointExtension>
            <ns3:hr>124</ns3:hr>
          </ns3:TrackPointExtension>
        </extensions>
      </trkpt>
      <trkpt lat="36.12365280278027057647705078125" lon="-115.330780930817127227783203125">
        <ele>879.5999755859375</ele>
        <time>2026-08-07T16:44:22.000Z</time>
        <extensions>
          <ns3:TrackPointExtension>
            <ns3:hr>125</ns3:hr>
          </ns3:TrackPointExtension>
        </extensions>
      </trkpt>
      <trkpt lat="36.12358423881232738494873046875" lon="-115.33070390112698078155517578125">
        <ele>879.4000244140625</ele>
        <time>2026-08-07T16:44:23.000Z</time>
        <extensions>
          <ns3:TrackPointExtension>
            <ns3:hr>124</ns3:hr>
          </ns3:TrackPointExtension>
        </extensions>
      </trkpt>
      <trkpt lat="36.12337485887110233306884765625" lon="-115.3304776735603809356689453125">
        <ele>878.79998779296875</ele>
        <time>2026-08-07T16:44:26.000Z</time>
        <extensions>
          <ns3:TrackPointExtension>
            <ns3:hr>123</ns3:hr>
          </ns3:TrackPointExtension>
        </extensions>
      </trkpt>
      <trkpt lat="36.1230819113552570343017578125" lon="-115.330183468759059906005859375">
        <ele>877.5999755859375</ele>
        <time>2026-08-07T16:44:30.000Z</time>
        <extensions>
          <ns3:TrackPointExtension>
            <ns3:hr>122</ns3:hr>
          </ns3:TrackPointExtension>
        </extensions>
      </trkpt>
      <trkpt lat="36.12300655804574489593505859375" lon="-115.330114401876926422119140625">
        <ele>877.4000244140625</ele>
        <time>2026-08-07T16:44:31.000Z</time>
        <extensions>
          <ns3:TrackPointExtension>
            <ns3:hr>122</ns3:hr>
          </ns3:TrackPointExtension>
        </extensions>
      </trkpt>
      <trkpt lat="36.12278527580201625823974609375" lon="-115.329904854297637939453125">
        <ele>876.5999755859375</ele>
        <time>2026-08-07T16:44:34.000Z</time>
        <extensions>
          <ns3:TrackPointExtension>
            <ns3:hr>122</ns3:hr>
          </ns3:TrackPointExtension>
        </extensions>
      </trkpt>
      <trkpt lat="36.1225712858140468597412109375" lon="-115.32969807274639606475830078125">
        <ele>876.20001220703125</ele>
        <time>2026-08-07T16:44:37.000Z</time>
        <extensions>
          <ns3:TrackPointExtension>
            <ns3:hr>123</ns3:hr>
          </ns3:TrackPointExtension>
        </extensions>
      </trkpt>
      <trkpt lat="36.1223687790334224700927734375" lon="-115.32947980798780918121337890625">
        <ele>876.20001220703125</ele>
        <time>2026-08-07T16:44:40.000Z</time>
        <extensions>
          <ns3:TrackPointExtension>
            <ns3:hr>123</ns3:hr>
          </ns3:TrackPointExtension>
        </extensions>
      </trkpt>
      <trkpt lat="36.1221213452517986297607421875" lon="-115.32916381023824214935302734375">
        <ele>875.5999755859375</ele>
        <time>2026-08-07T16:44:44.000Z</time>
        <extensions>
          <ns3:TrackPointExtension>
            <ns3:hr>122</ns3:hr>
          </ns3:TrackPointExtension>
        </extensions>
      </trkpt>
      <trkpt lat="36.1219473369419574737548828125" lon="-115.32891981303691864013671875">
        <ele>874.4000244140625</ele>
        <time>2026-08-07T16:44:47.000Z</time>
        <extensions>
          <ns3:TrackPointExtension>
            <ns3:hr>123</ns3:hr>
          </ns3:TrackPointExtension>
        </extensions>
      </trkpt>
      <trkpt lat="36.1217247135937213897705078125" lon="-115.32856643199920654296875">
        <ele>872.20001220703125</ele>
        <time>2026-08-07T16:44:51.000Z</time>
        <extensions>
          <ns3:TrackPointExtension>
            <ns3:hr>122</ns3:hr>
          </ns3:TrackPointExtension>
        </extensions>
      </trkpt>
      <trkpt lat="36.12166930921375751495361328125" lon="-115.32848487608134746551513671875">
        <ele>871.20001220703125</ele>
        <time>2026-08-07T16:44:52.000Z</time>
        <extensions>
          <ns3:TrackPointExtension>
            <ns3:hr>122</ns3:hr>
          </ns3:TrackPointExtension>
        </extensions>
      </trkpt>
      <trkpt lat="36.12160828895866870880126953125" lon="-115.32840843312442302703857421875">
        <ele>870.20001220703125</ele>
        <time>2026-08-07T16:44:53.000Z</time>
        <extensions>
          <ns3:TrackPointExtension>
            <ns3:hr>122</ns3:hr>
          </ns3:TrackPointExtension>
        </extensions>
      </trkpt>
      <trkpt lat="36.12155397422611713409423828125" lon="-115.32832411117851734161376953125">
        <ele>869</ele>
        <time>2026-08-07T16:44:54.000Z</time>
        <extensions>
          <ns3:TrackPointExtension>
            <ns3:hr>121</ns3:hr>
          </ns3:TrackPointExtension>
        </extensions>
      </trkpt>
      <trkpt lat="36.121422462165355682373046875" lon="-115.32806175760924816131591796875">
        <ele>868</ele>
        <time>2026-08-07T16:44:57.000Z</time>
        <extensions>
          <ns3:TrackPointExtension>
            <ns3:hr>120</ns3:hr>
          </ns3:TrackPointExtension>
        </extensions>
      </trkpt>
      <trkpt lat="36.1213441751897335052490234375" lon="-115.32789328135550022125244140625">
        <ele>867.5999755859375</ele>
        <time>2026-08-07T16:44:59.000Z</time>
        <extensions>
          <ns3:TrackPointExtension>
            <ns3:hr>120</ns3:hr>
          </ns3:TrackPointExtension>
        </extensions>
      </trkpt>
      <trkpt lat="36.12114451825618743896484375" lon="-115.327452309429645538330078125">
        <ele>867</ele>
        <time>2026-08-07T16:45:04.000Z</time>
        <extensions>
          <ns3:TrackPointExtension>
            <ns3:hr>119</ns3:hr>
          </ns3:TrackPointExtension>
        </extensions>
      </trkpt>
      <trkpt lat="36.1211004294455051422119140625" lon="-115.32738734968006610870361328125">
        <ele>867.5999755859375</ele>
        <time>2026-08-07T16:45:05.000Z</time>
        <extensions>
          <ns3:TrackPointExtension>
            <ns3:hr>119</ns3:hr>
          </ns3:TrackPointExtension>
        </extensions>
      </trkpt>
      <trkpt lat="36.12098048441112041473388671875" lon="-115.32734426669776439666748046875">
        <ele>869</ele>
        <time>2026-08-07T16:45:07.000Z</time>
        <extensions>
          <ns3:TrackPointExtension>
            <ns3:hr>118</ns3:hr>
          </ns3:TrackPointExtension>
        </extensions>
      </trkpt>
      <trkpt lat="36.12089775502681732177734375" lon="-115.32741534523665904998779296875">
        <ele>870.20001220703125</ele>
        <time>2026-08-07T16:45:09.000Z</time>
        <extensions>
          <ns3:TrackPointExtension>
            <ns3:hr>117</ns3:hr>
          </ns3:TrackPointExtension>
        </extensions>
      </trkpt>
      <trkpt lat="36.12090286798775196075439453125" lon="-115.3275329433381557464599609375">
        <ele>870.79998779296875</ele>
        <time>2026-08-07T16:45:11.000Z</time>
        <extensions>
          <ns3:TrackPointExtension>
            <ns3:hr>118</ns3:hr>
          </ns3:TrackPointExtension>
        </extensions>
      </trkpt>
      <trkpt lat="36.120922900736331939697265625" lon="-115.327587760984897613525390625">
        <ele>871.20001220703125</ele>
        <time>2026-08-07T16:45:12.000Z</time>
        <extensions>
          <ns3:TrackPointExtension>
            <ns3:hr>118</ns3:hr>
          </ns3:TrackPointExtension>
        </extensions>
      </trkpt>
      <trkpt lat="36.12094913609325885772705078125" lon="-115.32771223224699497222900390625">
        <ele>871.79998779296875</ele>
        <time>2026-08-07T16:45:14.000Z</time>
        <extensions>
          <ns3:TrackPointExtension>
            <ns3:hr>117</ns3:hr>
          </ns3:TrackPointExtension>
        </extensions>
      </trkpt>
      <trkpt lat="36.12090823240578174591064453125" lon="-115.32781985588371753692626953125">
        <ele>872.20001220703125</ele>
        <time>2026-08-07T16:45:16.000Z</time>
        <extensions>
          <ns3:TrackPointExtension>
            <ns3:hr>117</ns3:hr>
          </ns3:TrackPointExtension>
        </extensions>
      </trkpt>
      <trkpt lat="36.12086833454668521881103515625" lon="-115.32785153947770595550537109375">
        <ele>872.4000244140625</ele>
        <time>2026-08-07T16:45:17.000Z</time>
        <extensions>
          <ns3:TrackPointExtension>
            <ns3:hr>118</ns3:hr>
          </ns3:TrackPointExtension>
        </extensions>
      </trkpt>
      <trkpt lat="36.1208204738795757293701171875" lon="-115.3278628550469875335693359375">
        <ele>872.4000244140625</ele>
        <time>2026-08-07T16:45:18.000Z</time>
        <extensions>
          <ns3:TrackPointExtension>
            <ns3:hr>118</ns3:hr>
          </ns3:TrackPointExtension>
        </extensions>
      </trkpt>
      <trkpt lat="36.12077579833567142486572265625" lon="-115.32785170711576938629150390625">
        <ele>872.5999755859375</ele>
        <time>2026-08-07T16:45:19.000Z</time>
        <extensions>
          <ns3:TrackPointExtension>
            <ns3:hr>118</ns3:hr>
          </ns3:TrackPointExtension>
        </extensions>
      </trkpt>
      <trkpt lat="36.12074126489460468292236328125" lon="-115.3278179280459880828857421875">
        <ele>872.79998779296875</ele>
        <time>2026-08-07T16:45:20.000Z</time>
        <extensions>
          <ns3:TrackPointExtension>
            <ns3:hr>120</ns3:hr>
          </ns3:TrackPointExtension>
        </extensions>
      </trkpt>
      <trkpt lat="36.1207039654254913330078125" lon="-115.327716507017612457275390625">
        <ele>873</ele>
        <time>2026-08-07T16:45:22.000Z</time>
        <extensions>
          <ns3:TrackPointExtension>
            <ns3:hr>124</ns3:hr>
          </ns3:TrackPointExtension>
        </extensions>
      </trkpt>
      <trkpt lat="36.12066842615604400634765625" lon="-115.32759052701294422149658203125">
        <ele>873.20001220703125</ele>
        <time>2026-08-07T16:45:24.000Z</time>
        <extensions>
          <ns3:TrackPointExtension>
            <ns3:hr>127</ns3:hr>
          </ns3:TrackPointExtension>
        </extensions>
      </trkpt>
      <trkpt lat="36.12056524492800235748291015625" lon="-115.327275283634662628173828125">
        <ele>873.20001220703125</ele>
        <time>2026-08-07T16:45:29.000Z</time>
        <extensions>
          <ns3:TrackPointExtension>
            <ns3:hr>128</ns3:hr>
          </ns3:TrackPointExtension>
        </extensions>
      </trkpt>
      <trkpt lat="36.12042409367859363555908203125" lon="-115.32687437720596790313720703125">
        <ele>873.4000244140625</ele>
        <time>2026-08-07T16:45:35.000Z</time>
        <extensions>
          <ns3:TrackPointExtension>
            <ns3:hr>129</ns3:hr>
          </ns3:TrackPointExtension>
        </extensions>
      </trkpt>
      <trkpt lat="36.12037606537342071533203125" lon="-115.32676071859896183013916015625">
        <ele>873.5999755859375</ele>
        <time>2026-08-07T16:45:37.000Z</time>
        <extensions>
          <ns3:TrackPointExtension>
            <ns3:hr>130</ns3:hr>
          </ns3:TrackPointExtension>
        </extensions>
      </trkpt>
      <trkpt lat="36.1203598044812679290771484375" lon="-115.32670833170413970947265625">
        <ele>873.20001220703125</ele>
        <time>2026-08-07T16:45:38.000Z</time>
        <extensions>
          <ns3:TrackPointExtension>
            <ns3:hr>131</ns3:hr>
          </ns3:TrackPointExtension>
        </extensions>
      </trkpt>
      <trkpt lat="36.12038587220013141632080078125" lon="-115.326573885977268218994140625">
        <ele>872.20001220703125</ele>
        <time>2026-08-07T16:45:41.000Z</time>
        <extensions>
          <ns3:TrackPointExtension>
            <ns3:hr>132</ns3:hr>
          </ns3:TrackPointExtension>
        </extensions>
      </trkpt>
      <trkpt lat="36.12046181224286556243896484375" lon="-115.32654211856424808502197265625">
        <ele>871.5999755859375</ele>
        <time>2026-08-07T16:45:43.000Z</time>
        <extensions>
          <ns3:TrackPointExtension>
            <ns3:hr>131</ns3:hr>
          </ns3:TrackPointExtension>
        </extensions>
      </trkpt>
      <trkpt lat="36.120501793920993804931640625" lon="-115.32655603252351284027099609375">
        <ele>871.4000244140625</ele>
        <time>2026-08-07T16:45:44.000Z</time>
        <extensions>
          <ns3:TrackPointExtension>
            <ns3:hr>131</ns3:hr>
          </ns3:TrackPointExtension>
        </extensions>
      </trkpt>
      <trkpt lat="36.12052853219211101531982421875" lon="-115.32659031450748443603515625">
        <ele>871.20001220703125</ele>
        <time>2026-08-07T16:45:45.000Z</time>
        <extensions>
          <ns3:TrackPointExtension>
            <ns3:hr>130</ns3:hr>
          </ns3:TrackPointExtension>
        </extensions>
      </trkpt>
      <trkpt lat="36.12055937759578227996826171875" lon="-115.3266994468867778778076171875">
        <ele>870.79998779296875</ele>
        <time>2026-08-07T16:45:47.000Z</time>
        <extensions>
          <ns3:TrackPointExtension>
            <ns3:hr>129</ns3:hr>
          </ns3:TrackPointExtension>
        </extensions>
      </trkpt>
      <trkpt lat="36.1206072382628917694091796875" lon="-115.32680178992450237274169921875">
        <ele>870.4000244140625</ele>
        <time>2026-08-07T16:45:49.000Z</time>
        <extensions>
          <ns3:TrackPointExtension>
            <ns3:hr>129</ns3:hr>
          </ns3:TrackPointExtension>
        </extensions>
      </trkpt>
      <trkpt lat="36.1206481419503688812255859375" lon="-115.326827354729175567626953125">
        <ele>870.20001220703125</ele>
        <time>2026-08-07T16:45:50.000Z</time>
        <extensions>
          <ns3:TrackPointExtension>
            <ns3:hr>128</ns3:hr>
          </ns3:TrackPointExtension>
        </extensions>
      </trkpt>
      <trkpt lat="36.12069432623684406280517578125" lon="-115.32683330588042736053466796875">
        <ele>869.79998779296875</ele>
        <time>2026-08-07T16:45:51.000Z</time>
        <extensions>
          <ns3:TrackPointExtension>
            <ns3:hr>128</ns3:hr>
          </ns3:TrackPointExtension>
        </extensions>
      </trkpt>
      <trkpt lat="36.12077194266021251678466796875" lon="-115.32678368501365184783935546875">
        <ele>869.20001220703125</ele>
        <time>2026-08-07T16:45:53.000Z</time>
        <extensions>
          <ns3:TrackPointExtension>
            <ns3:hr>128</ns3:hr>
          </ns3:TrackPointExtension>
        </extensions>
      </trkpt>
      <trkpt lat="36.12079172395169734954833984375" lon="-115.32673540525138378143310546875">
        <ele>869</ele>
        <time>2026-08-07T16:45:54.000Z</time>
        <extensions>
          <ns3:TrackPointExtension>
            <ns3:hr>128</ns3:hr>
          </ns3:TrackPointExtension>
        </extensions>
      </trkpt>
      <trkpt lat="36.1207949928939342498779296875" lon="-115.32667740248143672943115234375">
        <ele>868.5999755859375</ele>
        <time>2026-08-07T16:45:55.000Z</time>
        <extensions>
          <ns3:TrackPointExtension>
            <ns3:hr>129</ns3:hr>
          </ns3:TrackPointExtension>
        </extensions>
      </trkpt>
      <trkpt lat="36.120774038136005401611328125" lon="-115.3266204893589019775390625">
        <ele>868.4000244140625</ele>
        <time>2026-08-07T16:45:56.000Z</time>
        <extensions>
          <ns3:TrackPointExtension>
            <ns3:hr>129</ns3:hr>
          </ns3:TrackPointExtension>
        </extensions>
      </trkpt>
      <trkpt lat="36.12073824740946292877197265625" lon="-115.326577909290790557861328125">
        <ele>868</ele>
        <time>2026-08-07T16:45:57.000Z</time>
        <extensions>
          <ns3:TrackPointExtension>
            <ns3:hr>130</ns3:hr>
          </ns3:TrackPointExtension>
        </extensions>
      </trkpt>
      <trkpt lat="36.12071134150028228759765625" lon="-115.32653859816491603851318359375">
        <ele>867.79998779296875</ele>
        <time>2026-08-07T16:45:58.000Z</time>
        <extensions>
          <ns3:TrackPointExtension>
            <ns3:hr>131</ns3:hr>
          </ns3:TrackPointExtension>
        </extensions>
      </trkpt>
      <trkpt lat="36.12070270814001560211181640625" lon="-115.32649735920131206512451171875">
        <ele>867.4000244140625</ele>
        <time>2026-08-07T16:45:59.000Z</time>
        <extensions>
          <ns3:TrackPointExtension>
            <ns3:hr>131</ns3:hr>
          </ns3:TrackPointExtension>
        </extensions>
      </trkpt>
      <trkpt lat="36.1207178793847560882568359375" lon="-115.32647020183503627777099609375">
        <ele>867.20001220703125</ele>
        <time>2026-08-07T16:46:00.000Z</time>
        <extensions>
          <ns3:TrackPointExtension>
            <ns3:hr>132</ns3:hr>
          </ns3:TrackPointExtension>
        </extensions>
      </trkpt>
      <trkpt lat="36.12076942808926105499267578125" lon="-115.326482355594635009765625">
        <ele>867</ele>
        <time>2026-08-07T16:46:02.000Z</time>
        <extensions>
          <ns3:TrackPointExtension>
            <ns3:hr>133</ns3:hr>
          </ns3:TrackPointExtension>
        </extensions>
      </trkpt>
      <trkpt lat="36.1208637244999408721923828125" lon="-115.32664488069713115692138671875">
        <ele>867.4000244140625</ele>
        <time>2026-08-07T16:46:06.000Z</time>
        <extensions>
          <ns3:TrackPointExtension>
            <ns3:hr>131</ns3:hr>
          </ns3:TrackPointExtension>
        </extensions>
      </trkpt>
      <trkpt lat="36.12094796262681484222412109375" lon="-115.3267212398350238800048828125">
        <ele>867.5999755859375</ele>
        <time>2026-08-07T16:46:09.000Z</time>
        <extensions>
          <ns3:TrackPointExtension>
            <ns3:hr>130</ns3:hr>
          </ns3:TrackPointExtension>
        </extensions>
      </trkpt>
      <trkpt lat="36.12098081968724727630615234375" lon="-115.32671947963535785675048828125">
        <ele>867.5999755859375</ele>
        <time>2026-08-07T16:46:10.000Z</time>
        <extensions>
          <ns3:TrackPointExtension>
            <ns3:hr>129</ns3:hr>
          </ns3:TrackPointExtension>
        </extensions>
      </trkpt>
      <trkpt lat="36.12111845053732395172119140625" lon="-115.32666767947375774383544921875">
        <ele>867.5999755859375</ele>
        <time>2026-08-07T16:46:14.000Z</time>
        <extensions>
          <ns3:TrackPointExtension>
            <ns3:hr>132</ns3:hr>
          </ns3:TrackPointExtension>
        </extensions>
      </trkpt>
      <trkpt lat="36.121146194636821746826171875" lon="-115.32664571888744831085205078125">
        <ele>867.79998779296875</ele>
        <time>2026-08-07T16:46:15.000Z</time>
        <extensions>
          <ns3:TrackPointExtension>
            <ns3:hr>133</ns3:hr>
          </ns3:TrackPointExtension>
        </extensions>
      </trkpt>
      <trkpt lat="36.12121148966252803802490234375" lon="-115.32659341581165790557861328125">
        <ele>867.5999755859375</ele>
        <time>2026-08-07T16:46:20.000Z</time>
        <extensions>
          <ns3:TrackPointExtension>
            <ns3:hr>131</ns3:hr>
          </ns3:TrackPointExtension>
        </extensions>
      </trkpt>
      <trkpt lat="36.12120813690125942230224609375" lon="-115.326590649783611297607421875">
        <ele>867.5999755859375</ele>
        <time>2026-08-07T16:46:21.000Z</time>
        <extensions>
          <ns3:TrackPointExtension>
            <ns3:hr>131</ns3:hr>
          </ns3:TrackPointExtension>
        </extensions>
      </trkpt>
      <trkpt lat="36.12125155515968799591064453125" lon="-115.32656793482601642608642578125">
        <ele>866.5999755859375</ele>
        <time>2026-08-07T16:47:00.000Z</time>
        <extensions>
          <ns3:TrackPointExtension>
            <ns3:hr>133</ns3:hr>
          </ns3:TrackPointExtension>
        </extensions>
      </trkpt>
      <trkpt lat="36.12129011191427707672119140625" lon="-115.326524935662746429443359375">
        <ele>866.5999755859375</ele>
        <time>2026-08-07T16:47:02.000Z</time>
        <extensions>
          <ns3:TrackPointExtension>
            <ns3:hr>133</ns3:hr>
          </ns3:TrackPointExtension>
        </extensions>
      </trkpt>
      <trkpt lat="36.12143528647720813751220703125" lon="-115.3264017216861248016357421875">
        <ele>866.79998779296875</ele>
        <time>2026-08-07T16:47:07.000Z</time>
        <extensions>
          <ns3:TrackPointExtension>
            <ns3:hr>133</ns3:hr>
          </ns3:TrackPointExtension>
        </extensions>
      </trkpt>
      <trkpt lat="36.12166327424347400665283203125" lon="-115.32625176943838596343994140625">
        <ele>867.20001220703125</ele>
        <time>2026-08-07T16:47:14.000Z</time>
        <extensions>
          <ns3:TrackPointExtension>
            <ns3:hr>132</ns3:hr>
          </ns3:TrackPointExtension>
        </extensions>
      </trkpt>
      <trkpt lat="36.12187483347952365875244140625" lon="-115.3261060081422328948974609375">
        <ele>867</ele>
        <time>2026-08-07T16:47:19.000Z</time>
        <extensions>
          <ns3:TrackPointExtension>
            <ns3:hr>130</ns3:hr>
          </ns3:TrackPointExtension>
        </extensions>
      </trkpt>
      <trkpt lat="36.12195412628352642059326171875" lon="-115.32604440115392208099365234375">
        <ele>867.4000244140625</ele>
        <time>2026-08-07T16:47:21.000Z</time>
        <extensions>
          <ns3:TrackPointExtension>
            <ns3:hr>130</ns3:hr>
          </ns3:TrackPointExtension>
        </extensions>
      </trkpt>
      <trkpt lat="36.1220504343509674072265625" lon="-115.32592378556728363037109375">
        <ele>867.5999755859375</ele>
        <time>2026-08-07T16:47:24.000Z</time>
        <extensions>
          <ns3:TrackPointExtension>
            <ns3:hr>129</ns3:hr>
          </ns3:TrackPointExtension>
        </extensions>
      </trkpt>
      <trkpt lat="36.122164092957973480224609375" lon="-115.3258775174617767333984375">
        <ele>867.5999755859375</ele>
        <time>2026-08-07T16:47:27.000Z</time>
        <extensions>
          <ns3:TrackPointExtension>
            <ns3:hr>129</ns3:hr>
          </ns3:TrackPointExtension>
        </extensions>
      </trkpt>
      <trkpt lat="36.12219619564712047576904296875" lon="-115.3258387930691242218017578125">
        <ele>867.79998779296875</ele>
        <time>2026-08-07T16:47:28.000Z</time>
        <extensions>
          <ns3:TrackPointExtension>
            <ns3:hr>129</ns3:hr>
          </ns3:TrackPointExtension>
        </extensions>
      </trkpt>
      <trkpt lat="36.12230381928384304046630859375" lon="-115.3257321752607822418212890625">
        <ele>867.79998779296875</ele>
        <time>2026-08-07T16:47:31.000Z</time>
        <extensions>
          <ns3:TrackPointExtension>
            <ns3:hr>127</ns3:hr>
          </ns3:TrackPointExtension>
        </extensions>
      </trkpt>
      <trkpt lat="36.12238311208784580230712890625" lon="-115.32567995600402355194091796875">
        <ele>868</ele>
        <time>2026-08-07T16:47:33.000Z</time>
        <extensions>
          <ns3:TrackPointExtension>
            <ns3:hr>124</ns3:hr>
          </ns3:TrackPointExtension>
        </extensions>
      </trkpt>
      <trkpt lat="36.1224227584898471832275390625" lon="-115.325653553009033203125">
        <ele>868</ele>
        <time>2026-08-07T16:47:34.000Z</time>
        <extensions>
          <ns3:TrackPointExtension>
            <ns3:hr>124</ns3:hr>
          </ns3:TrackPointExtension>
        </extensions>
      </trkpt>
      <trkpt lat="36.1225840263068675994873046875" lon="-115.3255276568233966827392578125">
        <ele>868.20001220703125</ele>
        <time>2026-08-07T16:47:39.000Z</time>
        <extensions>
          <ns3:TrackPointExtension>
            <ns3:hr>123</ns3:hr>
          </ns3:TrackPointExtension>
        </extensions>
      </trkpt>
      <trkpt lat="36.12262920476496219635009765625" lon="-115.3254887647926807403564453125">
        <ele>868.4000244140625</ele>
        <time>2026-08-07T16:47:41.000Z</time>
        <extensions>
          <ns3:TrackPointExtension>
            <ns3:hr>123</ns3:hr>
          </ns3:TrackPointExtension>
        </extensions>
      </trkpt>
      <trkpt lat="36.12262568436563014984130859375" lon="-115.325428582727909088134765625">
        <ele>868.4000244140625</ele>
        <time>2026-08-07T16:47:43.000Z</time>
        <extensions>
          <ns3:TrackPointExtension>
            <ns3:hr>123</ns3:hr>
          </ns3:TrackPointExtension>
        </extensions>
      </trkpt>
      <trkpt lat="36.12253901548683643341064453125" lon="-115.32524384558200836181640625">
        <ele>868</ele>
        <time>2026-08-07T16:47:48.000Z</time>
        <extensions>
          <ns3:TrackPointExtension>
            <ns3:hr>122</ns3:hr>
          </ns3:TrackPointExtension>
        </extensions>
      </trkpt>
      <trkpt lat="36.12240138463675975799560546875" lon="-115.32494100742042064666748046875">
        <ele>867.20001220703125</ele>
        <time>2026-08-07T16:47:54.000Z</time>
        <extensions>
          <ns3:TrackPointExtension>
            <ns3:hr>123</ns3:hr>
          </ns3:TrackPointExtension>
        </extensions>
      </trkpt>
      <trkpt lat="36.1223848722875118255615234375" lon="-115.32488954253494739532470703125">
        <ele>867</ele>
        <time>2026-08-07T16:47:55.000Z</time>
        <extensions>
          <ns3:TrackPointExtension>
            <ns3:hr>119</ns3:hr>
          </ns3:TrackPointExtension>
        </extensions>
      </trkpt>
      <trkpt lat="36.12229049205780029296875" lon="-115.32479549758136272430419921875">
        <ele>866.79998779296875</ele>
        <time>2026-08-07T16:47:58.000Z</time>
        <extensions>
          <ns3:TrackPointExtension>
            <ns3:hr>119</ns3:hr>
          </ns3:TrackPointExtension>
        </extensions>
      </trkpt>
      <trkpt lat="36.122224442660808563232421875" lon="-115.32484059222042560577392578125">
        <ele>866.5999755859375</ele>
        <time>2026-08-07T16:48:00.000Z</time>
        <extensions>
          <ns3:TrackPointExtension>
            <ns3:hr>119</ns3:hr>
          </ns3:TrackPointExtension>
        </extensions>
      </trkpt>
      <trkpt lat="36.122196279466152191162109375" lon="-115.324861295521259307861328125">
        <ele>866.79998779296875</ele>
        <time>2026-08-07T16:48:01.000Z</time>
        <extensions>
          <ns3:TrackPointExtension>
            <ns3:hr>119</ns3:hr>
          </ns3:TrackPointExtension>
        </extensions>
      </trkpt>
      <trkpt lat="36.1220566369593143463134765625" lon="-115.32497964799404144287109375">
        <ele>866.79998779296875</ele>
        <time>2026-08-07T16:48:05.000Z</time>
        <extensions>
          <ns3:TrackPointExtension>
            <ns3:hr>118</ns3:hr>
          </ns3:TrackPointExtension>
        </extensions>
      </trkpt>
      <trkpt lat="36.1219168268144130706787109375" lon="-115.3250824101269245147705078125">
        <ele>866.5999755859375</ele>
        <time>2026-08-07T16:48:10.000Z</time>
        <extensions>
          <ns3:TrackPointExtension>
            <ns3:hr>118</ns3:hr>
          </ns3:TrackPointExtension>
        </extensions>
      </trkpt>
      <trkpt lat="36.121899224817752838134765625" lon="-115.32507729716598987579345703125">
        <ele>866.5999755859375</ele>
        <time>2026-08-07T16:48:11.000Z</time>
        <extensions>
          <ns3:TrackPointExtension>
            <ns3:hr>117</ns3:hr>
          </ns3:TrackPointExtension>
        </extensions>
      </trkpt>
      <trkpt lat="36.121885813772678375244140625" lon="-115.32506824471056461334228515625">
        <ele>866.5999755859375</ele>
        <time>2026-08-07T16:48:12.000Z</time>
        <extensions>
          <ns3:TrackPointExtension>
            <ns3:hr>118</ns3:hr>
          </ns3:TrackPointExtension>
        </extensions>
      </trkpt>
      <trkpt lat="36.12187047488987445831298828125" lon="-115.32504762522876262664794921875">
        <ele>866.4000244140625</ele>
        <time>2026-08-07T16:48:13.000Z</time>
        <extensions>
          <ns3:TrackPointExtension>
            <ns3:hr>118</ns3:hr>
          </ns3:TrackPointExtension>
        </extensions>
      </trkpt>
      <trkpt lat="36.1218548007309436798095703125" lon="-115.32502817921340465545654296875">
        <ele>866.20001220703125</ele>
        <time>2026-08-07T16:48:14.000Z</time>
        <extensions>
          <ns3:TrackPointExtension>
            <ns3:hr>118</ns3:hr>
          </ns3:TrackPointExtension>
        </extensions>
      </trkpt>
      <trkpt lat="36.1218145675957202911376953125" lon="-115.324937403202056884765625">
        <ele>866.5999755859375</ele>
        <time>2026-08-07T16:48:19.000Z</time>
        <extensions>
          <ns3:TrackPointExtension>
            <ns3:hr>117</ns3:hr>
          </ns3:TrackPointExtension>
        </extensions>
      </trkpt>
      <trkpt lat="36.1218128912150859832763671875" lon="-115.3249415941536426544189453125">
        <ele>866.5999755859375</ele>
        <time>2026-08-07T16:48:20.000Z</time>
        <extensions>
          <ns3:TrackPointExtension>
            <ns3:hr>118</ns3:hr>
          </ns3:TrackPointExtension>
        </extensions>
      </trkpt>
      <trkpt lat="36.121805012226104736328125" lon="-115.32493312843143939971923828125">
        <ele>866.4000244140625</ele>
        <time>2026-08-07T16:48:23.000Z</time>
        <extensions>
          <ns3:TrackPointExtension>
            <ns3:hr>114</ns3:hr>
          </ns3:TrackPointExtension>
        </extensions>
      </trkpt>
      <trkpt lat="36.12180434167385101318359375" lon="-115.3249360620975494384765625">
        <ele>866.20001220703125</ele>
        <time>2026-08-07T16:48:24.000Z</time>
        <extensions>
          <ns3:TrackPointExtension>
            <ns3:hr>112</ns3:hr>
          </ns3:TrackPointExtension>
        </extensions>
      </trkpt>
    </trkseg>
  </trk>
</gpx>
